"Facility_ID";"Hospital_Name";"State";"Measure_ID";"Measure_Name";"Patient_Count";"Score";"Tech_Certified"
"010001";"SOUTHEAST HEALTH MEDICAL CENTER";"AL";"MORT_30_AMI";"Death rate for heart attack patients";270;11.0;"Y"
"010005";"MARSHALL MEDICAL CENTERS";"AL";"MORT_30_COPD";"Death rate for COPD patients";126;9.0;"Y"
"010006";"NORTH ALABAMA MEDICAL CENTER";"AL";"MORT_30_AMI";"Death rate for heart attack patients";266;15.0;"Y"
"010007";"MIZELL MEMORIAL HOSPITAL";"AL";"MORT_30_COPD";"Death rate for COPD patients";34;11.0;"Y"
"010008";"CRENSHAW COMMUNITY HOSPITAL";"AL";"MORT_30_PN";"Death rate for pneumonia patients";31;15.0;"Y"
"010011";"ST. VINCENT'S EAST";"AL";"MORT_30_AMI";"Death rate for heart attack patients";109;13.0;"N"
"010012";"DEKALB REGIONAL MEDICAL CENTER";"AL";"MORT_30_AMI";"Death rate for heart attack patients";43;13.0;"Y"
"010016";"SHELBY BAPTIST MEDICAL CENTER";"AL";"MORT_30_AMI";"Death rate for heart attack patients";69;14.0;"Y"
"010019";"HELEN KELLER HOSPITAL";"AL";"MORT_30_COPD";"Death rate for COPD patients";149;9.0;"Y"
"010021";"DALE MEDICAL CENTER";"AL";"MORT_30_PN";"Death rate for pneumonia patients";72;16.0;"Y"
"010023";"BAPTIST MEDICAL CENTER SOUTH";"AL";"MORT_30_AMI";"Death rate for heart attack patients";171;13.0;"Y"
"010024";"JACKSON HOSPITAL & CLINIC INC";"AL";"MORT_30_AMI";"Death rate for heart attack patients";142;12.0;"N"
"010029";"THE EAST ALABAMA HEALTHCARE AUTHORITY";"AL";"MORT_30_AMI";"Death rate for heart attack patients";127;14.0;"Y"
"010033";"UNIVERSITY OF ALABAMA HOSPITAL";"AL";"MORT_30_AMI";"Death rate for heart attack patients";180;11.0;"Y"
"010035";"CULLMAN REGIONAL MEDICAL CENTER";"AL";"MORT_30_AMI";"Death rate for heart attack patients";50;13.0;"Y"
"010036";"ANDALUSIA HEALTH";"AL";"MORT_30_COPD";"Death rate for COPD patients";49;9.0;"Y"
"010039";"HUNTSVILLE HOSPITAL";"AL";"MORT_30_AMI";"Death rate for heart attack patients";541;17.0;"Y"
"010040";"GADSDEN REGIONAL MEDICAL CENTER";"AL";"MORT_30_AMI";"Death rate for heart attack patients";88;11.0;"Y"
"010044";"MARION REGIONAL MEDICAL CENTER";"AL";"MORT_30_HF";"Death rate for heart failure patients";27;14.0;"Y"
"010045";"FAYETTE MEDICAL CENTER";"AL";"MORT_30_COPD";"Death rate for COPD patients";34;10.0;"Y"
"010046";"RIVERVIEW REGIONAL MEDICAL CENTER";"AL";"MORT_30_AMI";"Death rate for heart attack patients";64;12.0;"Y"
"010049";"MEDICAL CENTER ENTERPRISE";"AL";"MORT_30_COPD";"Death rate for COPD patients";52;10.0;"Y"
"010052";"LAKE MARTIN COMMUNITY HOSPITAL";"AL";"MORT_30_PN";"Death rate for pneumonia patients";29;19.0;"Y"
"010055";"FLOWERS HOSPITAL";"AL";"MORT_30_AMI";"Death rate for heart attack patients";258;14.0;"Y"
"010056";"ST VINCENT'S BIRMINGHAM";"AL";"MORT_30_AMI";"Death rate for heart attack patients";111;12.0;"N"
"010058";"BIBB MEDICAL CENTER";"AL";"MORT_30_PN";"Death rate for pneumonia patients";34;18.0;"Y"
"010059";"LAWRENCE MEDICAL CENTER";"AL";"MORT_30_PN";"Death rate for pneumonia patients";38;15.0;"Y"
"010061";"HIGHLANDS MEDICAL CENTER";"AL";"MORT_30_COPD";"Death rate for COPD patients";32;10.0;"Y"
"010065";"RUSSELL MEDICAL CENTER";"AL";"MORT_30_AMI";"Death rate for heart attack patients";27;12.0;"Y"
"010073";"CLAY COUNTY HOSPITAL";"AL";"MORT_30_PN";"Death rate for pneumonia patients";49;19.0;"Y"
"010078";"NORTHEAST ALABAMA REGIONAL MEDICAL CENTER";"AL";"MORT_30_AMI";"Death rate for heart attack patients";215;14.0;"Y"
"010079";"ATHENS LIMESTONE HOSPITAL";"AL";"MORT_30_COPD";"Death rate for COPD patients";95;11.0;"Y"
"010083";"BALDWIN HEALTH";"AL";"MORT_30_AMI";"Death rate for heart attack patients";128;11.0;"Y"
"010085";"DECATUR MORGAN HOSPITAL - DECATUR CAMPUS";"AL";"MORT_30_AMI";"Death rate for heart attack patients";40;12.0;"N"
"010086";"NORTHWEST MEDICAL CENTER";"AL";"MORT_30_COPD";"Death rate for COPD patients";56;9.0;"Y"
"010087";"USA HEALTH UNIVERSITY HOSPITAL";"AL";"MORT_30_AMI";"Death rate for heart attack patients";29;11.0;"Y"
"010089";"WALKER BAPTIST MEDICAL CENTER";"AL";"MORT_30_COPD";"Death rate for COPD patients";79;9.0;"Y"
"010090";"USA HEALTH HCA PROVIDENCE HOSPITAL, LLC";"AL";"MORT_30_AMI";"Death rate for heart attack patients";119;14.0;"N"
"010092";"DCH REGIONAL MEDICAL CENTER";"AL";"MORT_30_AMI";"Death rate for heart attack patients";159;13.0;"Y"
"010097";"ELMORE COMMUNITY HOSPITAL";"AL";"MORT_30_PN";"Death rate for pneumonia patients";40;18.0;"Y"
"010099";"D W MCMILLAN MEMORIAL HOSPITAL";"AL";"MORT_30_HF";"Death rate for heart failure patients";30;11.0;"Y"
"010100";"THOMAS HOSPITAL";"AL";"MORT_30_AMI";"Death rate for heart attack patients";114;12.0;"Y"
"010101";"CITIZENS BAPTIST MEDICAL CENTER";"AL";"MORT_30_HF";"Death rate for heart failure patients";35;13.0;"Y"
"010103";"PRINCETON BAPTIST MEDICAL CENTER";"AL";"MORT_30_AMI";"Death rate for heart attack patients";117;15.0;"Y"
"010104";"GRANDVIEW MEDICAL CENTER";"AL";"MORT_30_AMI";"Death rate for heart attack patients";184;13.0;"Y"
"010108";"PRATTVILLE BAPTIST HOSPITAL";"AL";"MORT_30_COPD";"Death rate for COPD patients";83;8.0;"Y"
"010112";"WHITFIELD REGIONAL HOSPITAL";"AL";"MORT_30_HF";"Death rate for heart failure patients";45;11.0;"Y"
"010113";"MOBILE INFIRMARY MEDICAL CENTER";"AL";"MORT_30_AMI";"Death rate for heart attack patients";126;12.0;"Y"
"010114";"MEDICAL WEST, AN AFFILIATE OF UAB HEALTH SYSTEM";"AL";"MORT_30_COPD";"Death rate for COPD patients";55;8.0;"Y"
"010118";"VAUGHAN REGIONAL MEDICAL CENTER PARKWAY CAMPUS";"AL";"MORT_30_COPD";"Death rate for COPD patients";30;8.0;"Y"
"010120";"MONROE COUNTY HOSPITAL";"AL";"MORT_30_HF";"Death rate for heart failure patients";27;15.0;"Y"
"010125";"LAKELAND COMMUNITY HOSPITAL";"AL";"MORT_30_COPD";"Death rate for COPD patients";73;8.0;"Y"
"010126";"TROY REGIONAL MEDICAL CENTER";"AL";"MORT_30_HF";"Death rate for heart failure patients";29;12.0;"Y"
"010129";"NORTH BALDWIN INFIRMARY";"AL";"MORT_30_HF";"Death rate for heart failure patients";38;14.0;"Y"
"010130";"ST VINCENT'S ST CLAIR";"AL";"MORT_30_COPD";"Death rate for COPD patients";41;7.0;"N"
"010131";"CRESTWOOD MEDICAL CENTER";"AL";"MORT_30_AMI";"Death rate for heart attack patients";132;11.0;"Y"
"010139";"BROOKWOOD BAPTIST MEDICAL CENTER";"AL";"MORT_30_AMI";"Death rate for heart attack patients";73;13.0;"Y"
"010144";"SPRINGHILL MEDICAL CENTER";"AL";"MORT_30_AMI";"Death rate for heart attack patients";75;13.0;"Y"
"010148";"EVERGREEN MEDICAL CENTER";"AL";"MORT_30_COPD";"Death rate for COPD patients";59;9.0;"Y"
"010149";"BAPTIST MEDICAL CENTER EAST";"AL";"MORT_30_AMI";"Death rate for heart attack patients";36;12.0;"Y"
"01014F";"BIRMINGHAM VA MEDICAL CENTER";"AL";"MORT_30_AMI";"Death rate for heart attack patients";56;12.0;"N"
"010158";"RUSSELLVILLE HOSPITAL";"AL";"MORT_30_COPD";"Death rate for COPD patients";34;10.0;"Y"
"010164";"COOSA VALLEY MEDICAL CENTER";"AL";"MORT_30_COPD";"Death rate for COPD patients";44;10.0;"Y"
"010169";"ATMORE COMMUNITY HOSPITAL";"AL";"MORT_30_HF";"Death rate for heart failure patients";34;11.0;"Y"
"010173";"ST VINCENT'S CHILTON";"AL";"MORT_30_PN";"Death rate for pneumonia patients";40;16.0;"N"
"01019F";"VA CENTRAL ALABAMA HEALTHCARE SYSTEM - MONTGOMERY";"AL";"MORT_30_COPD";"Death rate for COPD patients";106;7.0;"N"
"011305";"ST VINCENTS BLOUNT";"AL";"MORT_30_PN";"Death rate for pneumonia patients";54;19.0;"N"
"011306";"TANNER MEDICAL CENTER-EAST ALABAMA";"AL";"MORT_30_PN";"Death rate for pneumonia patients";41;16.0;"Y"
"020001";"PROVIDENCE ALASKA MEDICAL CENTER";"AK";"MORT_30_AMI";"Death rate for heart attack patients";345;11.0;"Y"
"020006";"MAT-SU REGIONAL MEDICAL CENTER";"AK";"MORT_30_AMI";"Death rate for heart attack patients";186;13.0;"Y"
"020008";"BARTLETT REGIONAL HOSPITAL";"AK";"MORT_30_COPD";"Death rate for COPD patients";41;7.0;"Y"
"020012";"FAIRBANKS MEMORIAL HOSPITAL";"AK";"MORT_30_AMI";"Death rate for heart attack patients";66;13.0;"Y"
"020017";"ALASKA REGIONAL HOSPITAL";"AK";"MORT_30_AMI";"Death rate for heart attack patients";109;15.0;"Y"
"020018";"YUKON KUSKOKWIM DELTA REG HOSPITAL";"AK";"MORT_30_HF";"Death rate for heart failure patients";37;12.0;"Y"
"020024";"CENTRAL PENINSULA GENERAL HOSPITAL";"AK";"MORT_30_COPD";"Death rate for COPD patients";105;10.0;"Y"
"020026";"ALASKA NATIVE MEDICAL CENTER";"AK";"MORT_30_AMI";"Death rate for heart attack patients";58;12.0;"Y"
"021306";"PROVIDENCE KODIAK ISLAND MEDICAL CTR";"AK";"MORT_30_PN";"Death rate for pneumonia patients";27;15.0;"Y"
"021308";"NORTON SOUND REGIONAL HOSPITAL";"AK";"MORT_30_COPD";"Death rate for COPD patients";32;9.0;"Y"
"021311";"PEACEHEALTH KETCHIKAN MEDICAL CENTER";"AK";"MORT_30_HF";"Death rate for heart failure patients";42;11.0;"Y"
"021312";"SAMUEL SIMMONDS MEMORIAL HOSPITAL";"AK";"MORT_30_COPD";"Death rate for COPD patients";29;7.0;"N"
"021313";"SOUTH PENINSULA HOSPITAL";"AK";"MORT_30_PN";"Death rate for pneumonia patients";45;16.0;"Y"
"021314";"SOUTHEAST ALASKA REGIONAL HEALTH CONSORTIUM";"AK";"MORT_30_COPD";"Death rate for COPD patients";31;9.0;"Y"
"030002";"BANNER - UNIVERSITY MEDICAL CENTER PHOENIX";"AZ";"MORT_30_AMI";"Death rate for heart attack patients";95;11.0;"Y"
"030006";"TUCSON MEDICAL CENTER";"AZ";"MORT_30_AMI";"Death rate for heart attack patients";312;15.0;"Y"
"030007";"VERDE VALLEY MEDICAL CENTER";"AZ";"MORT_30_AMI";"Death rate for heart attack patients";76;13.0;"Y"
"030010";"ST. MARY'S HOSPITAL";"AZ";"MORT_30_AMI";"Death rate for heart attack patients";164;13.0;"Y"
"030011";"ST JOSEPH'S HOSPITAL";"AZ";"MORT_30_AMI";"Death rate for heart attack patients";129;11.0;"Y"
"030012";"YAVAPAI REGIONAL MEDICAL CENTER";"AZ";"MORT_30_AMI";"Death rate for heart attack patients";404;12.0;"Y"
"030013";"YUMA REGIONAL MEDICAL CENTER";"AZ";"MORT_30_AMI";"Death rate for heart attack patients";291;14.0;"Y"
"030014";"HONOR HEALTH JOHN C. LINCOLN MEDICAL CENTER";"AZ";"MORT_30_AMI";"Death rate for heart attack patients";104;12.0;"Y"
"030016";"BANNER CASA GRANDE MEDICAL CENTER";"AZ";"MORT_30_AMI";"Death rate for heart attack patients";77;12.0;"Y"
"030022";"VALLEYWISE HEALTH MEDICAL CENTER";"AZ";"MORT_30_HF";"Death rate for heart failure patients";30;10.0;"Y"
"030023";"FLAGSTAFF MEDICAL CENTER";"AZ";"MORT_30_AMI";"Death rate for heart attack patients";176;14.0;"Y"
"030024";"ST JOSEPHS HOSPITAL AND MEDICAL CENTER";"AZ";"MORT_30_AMI";"Death rate for heart attack patients";144;11.0;"Y"
"030030";"ABRAZO CENTRAL CAMPUS";"AZ";"MORT_30_HF";"Death rate for heart failure patients";36;11.0;"Y"
"030036";"CHANDLER REGIONAL MEDICAL CENTER";"AZ";"MORT_30_AMI";"Death rate for heart attack patients";351;14.0;"Y"
"030038";"HONORHEALTH SCOTTSDALE OSBORN MEDICAL CENTER";"AZ";"MORT_30_AMI";"Death rate for heart attack patients";144;12.0;"Y"
"030043";"CANYON VISTA MEDICAL CENTER";"AZ";"MORT_30_AMI";"Death rate for heart attack patients";115;14.0;"Y"
"030055";"KINGMAN REGIONAL MEDICAL CENTER";"AZ";"MORT_30_AMI";"Death rate for heart attack patients";119;11.0;"Y"
"030061";"BANNER BOSWELL MEDICAL CENTER";"AZ";"MORT_30_AMI";"Death rate for heart attack patients";232;12.0;"Y"
"030062";"SUMMIT HEALTHCARE REGIONAL MEDICAL CENTER";"AZ";"MORT_30_AMI";"Death rate for heart attack patients";70;11.0;"Y"
"030064";"BANNER - UNIVERSITY MEDICAL CENTER TUCSON CAMPUS";"AZ";"MORT_30_AMI";"Death rate for heart attack patients";109;11.0;"Y"
"030065";"BANNER DESERT MEDICAL CENTER";"AZ";"MORT_30_AMI";"Death rate for heart attack patients";198;13.0;"Y"
"030069";"HAVASU REGIONAL MEDICAL CENTER";"AZ";"MORT_30_AMI";"Death rate for heart attack patients";173;11.0;"Y"
"030071";"FORT DEFIANCE INDIAN HOSPITAL";"AZ";"MORT_30_PN";"Death rate for pneumonia patients";51;17.0;"Y"
"030073";"TUBA CITY REGIONAL HEALTH CARE CORPORATION";"AZ";"MORT_30_PN";"Death rate for pneumonia patients";77;13.0;"Y"
"030083";"ABRAZO SCOTTSDALE CAMPUS";"AZ";"MORT_30_COPD";"Death rate for COPD patients";38;9.0;"Y"
"030084";"CHINLE COMPREHENSIVE HEALTH CARE FACILITY";"AZ";"MORT_30_PN";"Death rate for pneumonia patients";74;18.0;"Y"
"030085";"NORTHWEST MEDICAL CENTER";"AZ";"MORT_30_AMI";"Death rate for heart attack patients";260;14.0;"Y"
"030087";"HONORHEALTH SCOTTSDALE SHEA MEDICAL CENTER";"AZ";"MORT_30_AMI";"Death rate for heart attack patients";243;12.0;"Y"
"030088";"BANNER BAYWOOD MEDICAL CENTER";"AZ";"MORT_30_COPD";"Death rate for COPD patients";147;10.0;"Y"
"030089";"BANNER THUNDERBIRD MEDICAL CENTER";"AZ";"MORT_30_AMI";"Death rate for heart attack patients";146;13.0;"Y"
"030092";"HONORHEALTH DEER VALLEY MEDICAL CENTER";"AZ";"MORT_30_AMI";"Death rate for heart attack patients";136;14.0;"Y"
"030093";"BANNER DEL E. WEBB MEDICAL CENTER";"AZ";"MORT_30_AMI";"Death rate for heart attack patients";297;11.0;"Y"
"030094";"ABRAZO ARROWHEAD HOSPITAL";"AZ";"MORT_30_AMI";"Death rate for heart attack patients";291;13.0;"Y"
"030101";"WESTERN ARIZONA REGIONAL MEDICAL CENTER";"AZ";"MORT_30_AMI";"Death rate for heart attack patients";175;14.0;"Y"
"030103";"MAYO CLINIC HOSPITAL";"AZ";"MORT_30_AMI";"Death rate for heart attack patients";245;10.0;"Y"
"030105";"BANNER HEART HOSPITAL";"AZ";"MORT_30_AMI";"Death rate for heart attack patients";361;14.0;"Y"
"030110";"ABRAZO WEST CAMPUS";"AZ";"MORT_30_AMI";"Death rate for heart attack patients";160;13.0;"Y"
"030111";"BANNER-UNIVERSITY MEDICAL CENTER SOUTH CAMPUS";"AZ";"MORT_30_AMI";"Death rate for heart attack patients";31;12.0;"Y"
"030113";"WHITERIVER PHS INDIAN HOSPITAL";"AZ";"MORT_30_PN";"Death rate for pneumonia patients";32;15.0;"N"
"030114";"ORO VALLEY HOSPITAL";"AZ";"MORT_30_AMI";"Death rate for heart attack patients";77;13.0;"Y"
"030115";"BANNER ESTRELLA MEDICAL CENTER";"AZ";"MORT_30_AMI";"Death rate for heart attack patients";109;12.0;"Y"
"030117";"VALLEY VIEW MEDICAL CENTER";"AZ";"MORT_30_COPD";"Death rate for COPD patients";36;10.0;"Y"
"030119";"MERCY GILBERT MEDICAL CENTER";"AZ";"MORT_30_AMI";"Death rate for heart attack patients";171;13.0;"Y"
"030121";"HONORHEALTH MOUNTAIN VISTA MEDICAL CENTER";"AZ";"MORT_30_AMI";"Death rate for heart attack patients";122;15.0;"Y"
"030122";"BANNER GATEWAY MEDICAL CENTER";"AZ";"MORT_30_COPD";"Death rate for COPD patients";26;8.0;"Y"
"030123";"HONORHEALTH SCOTTSDALE THOMPSON PEAK MED CTR";"AZ";"MORT_30_AMI";"Death rate for heart attack patients";134;11.0;"Y"
"03012F";"PHOENIX VA MEDICAL CENTER";"AZ";"MORT_30_AMI";"Death rate for heart attack patients";111;11.0;"N"
"030130";"BANNER IRONWOOD MEDICAL CENTER";"AZ";"MORT_30_COPD";"Death rate for COPD patients";38;9.0;"Y"
"030134";"BANNER GOLDFIELD MEDICAL CENTER";"AZ";"MORT_30_HF";"Death rate for heart failure patients";35;9.0;"Y"
"030136";"DIGNITY HEALTH - ARIZONA GENERAL HOSPITAL";"AZ";"MORT_30_PN";"Death rate for pneumonia patients";25;15.0;"Y"
"030139";"DIGNITY HEALTH ARIZONA GENERAL HOSPITAL";"AZ";"MORT_30_COPD";"Death rate for COPD patients";33;9.0;"Y"
"03013F";"VA S. ARIZONA HEALTHCARE SYSTEM";"AZ";"MORT_30_AMI";"Death rate for heart attack patients";180;11.0;"N"
"030146";"HONORHEALTH SONORAN CROSSING MEDICAL CENTER";"AZ";"MORT_30_COPD";"Death rate for COPD patients";27;8.0;"Y"
"030147";"BANNER OCOTILLO MEDICAL CENTER";"AZ";"MORT_30_HF";"Death rate for heart failure patients";98;10.0;"Y"
"030148";"NORTHWEST MEDICAL CENTER SAHUARITA";"AZ";"MORT_30_AMI";"Death rate for heart attack patients";40;11.0;"Y"
"030154";"EXCEPTIONAL COMMUNITY HOSPITAL YUMA";"AZ";"MORT_30_PN";"Death rate for pneumonia patients";28;16.0;"N"
"03033F";"VA NORTHERN ARIZONA HEALTHCARE SYSTEM";"AZ";"MORT_30_COPD";"Death rate for COPD patients";121;6.0;"N"
"031300";"WICKENBURG COMMUNITY HOSPITAL";"AZ";"MORT_30_PN";"Death rate for pneumonia patients";32;14.0;"N"
"031309";"SAGE MEMORIAL HOSPITAL";"AZ";"MORT_30_PN";"Death rate for pneumonia patients";35;17.0;"N"
"031311";"LITTLE COLORADO MEDICAL CENTER";"AZ";"MORT_30_PN";"Death rate for pneumonia patients";45;18.0;"Y"
"031314";"COBRE VALLEY REGIONAL MEDICAL CENTER";"AZ";"MORT_30_AMI";"Death rate for heart attack patients";43;12.0;"Y"
"031315";"WHITE MOUNTAIN REGIONAL MEDICAL CENTER";"AZ";"MORT_30_PN";"Death rate for pneumonia patients";27;17.0;"N"
"031317";"LA PAZ REGIONAL HOSPITAL";"AZ";"MORT_30_COPD";"Death rate for COPD patients";29;12.0;"Y"
"031318";"BANNER PAYSON MEDICAL CENTER";"AZ";"MORT_30_COPD";"Death rate for COPD patients";26;9.0;"Y"
"040001";"SILOAM SPRINGS REGIONAL HOSPITAL";"AR";"MORT_30_HF";"Death rate for heart failure patients";38;12.0;"Y"
"040002";"JOHNSON REGIONAL MEDICAL CENTER";"AR";"MORT_30_COPD";"Death rate for COPD patients";38;8.0;"N"
"040004";"WASHINGTON REGIONAL MEDICAL CENTER";"AR";"MORT_30_AMI";"Death rate for heart attack patients";221;12.0;"Y"
"040007";"CHI-ST VINCENT INFIRMARY";"AR";"MORT_30_AMI";"Death rate for heart attack patients";118;13.0;"Y"
"040010";"MERCY HOSPITAL NORTHWEST ARKANSAS";"AR";"MORT_30_AMI";"Death rate for heart attack patients";203;14.0;"Y"
"040011";"CHAMBERS MEMORIAL HOSPITAL";"AR";"MORT_30_COPD";"Death rate for COPD patients";26;8.0;"Y"
"040014";"WHITE COUNTY MEDICAL CENTER";"AR";"MORT_30_AMI";"Death rate for heart attack patients";142;14.0;"Y"
"040016";"UAMS MEDICAL CENTER";"AR";"MORT_30_AMI";"Death rate for heart attack patients";60;13.0;"Y"
"040017";"NORTH ARKANSAS REGIONAL MEDICAL CENTER";"AR";"MORT_30_COPD";"Death rate for COPD patients";73;13.0;"Y"
"040019";"FORREST CITY MEDICAL CENTER";"AR";"MORT_30_PN";"Death rate for pneumonia patients";69;20.0;"Y"
"040020";"ST BERNARDS MEDICAL CENTER";"AR";"MORT_30_AMI";"Death rate for heart attack patients";225;14.0;"Y"
"040022";"NORTHWEST MEDICAL CENTER-SPRINGDALE";"AR";"MORT_30_AMI";"Death rate for heart attack patients";205;13.0;"Y"
"040026";"CHI ST. VINCENT HOSPITAL HOT SPRINGS";"AR";"MORT_30_AMI";"Death rate for heart attack patients";211;13.0;"Y"
"040027";"BAXTER REGIONAL MEDICAL CENTER";"AR";"MORT_30_AMI";"Death rate for heart attack patients";196;13.0;"Y"
"040029";"CONWAY REGIONAL MEDICAL CENTER, INC";"AR";"MORT_30_AMI";"Death rate for heart attack patients";150;11.0;"Y"
"040036";"BAPTIST HEALTH MEDICAL CENTER NORTH LITTLE ROCK";"AR";"MORT_30_AMI";"Death rate for heart attack patients";255;12.0;"Y"
"040039";"ARKANSAS METHODIST MEDICAL CENTER";"AR";"MORT_30_AMI";"Death rate for heart attack patients";39;13.0;"Y"
"040041";"ST MARYS REGIONAL MEDICAL CENTER";"AR";"MORT_30_AMI";"Death rate for heart attack patients";69;11.0;"Y"
"040050";"OUACHITA COUNTY MEDICAL CENTER";"AR";"MORT_30_HF";"Death rate for heart failure patients";34;12.0;"Y"
"040051";"BAPTIST HEALTH MEDICAL CENTER-DREW COUNTY";"AR";"MORT_30_COPD";"Death rate for COPD patients";80;7.0;"Y"
"040055";"BAPTIST HEALTH - FORT SMITH";"AR";"MORT_30_AMI";"Death rate for heart attack patients";246;12.0;"Y"
"040062";"MERCY HOSPITAL FORT SMITH";"AR";"MORT_30_AMI";"Death rate for heart attack patients";308;14.0;"Y"
"040067";"MAGNOLIA HOSPITAL";"AR";"MORT_30_HF";"Death rate for heart failure patients";51;17.0;"Y"
"040069";"GREAT RIVER MEDICAL CENTER";"AR";"MORT_30_COPD";"Death rate for COPD patients";37;8.0;"Y"
"040071";"JEFFERSON REGIONAL MEDICAL CENTER";"AR";"MORT_30_AMI";"Death rate for heart attack patients";141;13.0;"Y"
"040072";"BAPTIST HEALTH MEDICAL CENTER-STUTTGART";"AR";"MORT_30_HF";"Death rate for heart failure patients";36;10.0;"Y"
"040076";"BAPTIST HEALTH MEDICAL CENTER-HOT SPRINGS COUNTY";"AR";"MORT_30_PN";"Death rate for pneumonia patients";37;16.0;"Y"
"040078";"NATIONAL PARK MEDICAL CENTER";"AR";"MORT_30_AMI";"Death rate for heart attack patients";79;13.0;"Y"
"040084";"SALINE MEMORIAL HOSPITAL";"AR";"MORT_30_AMI";"Death rate for heart attack patients";46;12.0;"Y"
"040088";"SOUTH ARKANSAS REGIONAL HOSPITAL LLC";"AR";"MORT_30_AMI";"Death rate for heart attack patients";68;12.0;"N"
"04009F";"FAYETTEVILLE AR VA MEDICAL CENTER";"AR";"MORT_30_COPD";"Death rate for COPD patients";112;8.0;"N"
"04010F";"VA CENTRAL AR. VETERANS HEALTHCARE SYSTEM LR";"AR";"MORT_30_AMI";"Death rate for heart attack patients";181;11.0;"N"
"040114";"BAPTIST HEALTH MEDICAL CENTER-LITTLE ROCK";"AR";"MORT_30_AMI";"Death rate for heart attack patients";221;12.0;"Y"
"040118";"BAPTIST MEMORIAL HOSPITAL JONESBORO, INC.";"AR";"MORT_30_AMI";"Death rate for heart attack patients";185;13.0;"Y"
"040119";"WHITE RIVER MEDICAL CENTER";"AR";"MORT_30_AMI";"Death rate for heart attack patients";200;14.0;"Y"
"040134";"ARKANSAS HEART HOSPITAL, LLC";"AR";"MORT_30_AMI";"Death rate for heart attack patients";284;12.0;"Y"
"040137";"ST VINCENT MEDICAL CENTER/NORTH";"AR";"MORT_30_HF";"Death rate for heart failure patients";55;12.0;"Y"
"040153";"SOUTHWEST REGIONAL MEDICAL CENTER LLC";"AR";"MORT_30_PN";"Death rate for pneumonia patients";37;14.0;"N"
"040154";"BAPTIST HEALTH MEDICAL CENTER- CONWAY";"AR";"MORT_30_AMI";"Death rate for heart attack patients";117;12.0;"Y"
"040156";"BAPTIST MEMORIAL HOSPITAL-CRITTENDEN, INC";"AR";"MORT_30_PN";"Death rate for pneumonia patients";42;18.0;"Y"
"040161";"ARKANSAS HEART HOSPITAL-ENCORE";"AR";"MORT_30_AMI";"Death rate for heart attack patients";44;12.0;"Y"
"041300";"MERCY HOSPITAL PARIS";"AR";"MORT_30_HF";"Death rate for heart failure patients";29;11.0;"Y"
"041302";"DARDANELLE REGIONAL MEDICAL CENTER";"AR";"MORT_30_PN";"Death rate for pneumonia patients";28;20.0;"Y"
"041305";"MERCY HOSPITAL WALDRON";"AR";"MORT_30_PN";"Death rate for pneumonia patients";52;15.0;"Y"
"041307";"CROSSRIDGE COMMUNITY HOSPITAL";"AR";"MORT_30_PN";"Death rate for pneumonia patients";62;17.0;"Y"
"041310";"STONE COUNTY MEDICAL CENTER";"AR";"MORT_30_PN";"Death rate for pneumonia patients";33;19.0;"Y"
"041311";"HOWARD MEMORIAL HOSPITAL";"AR";"MORT_30_HF";"Death rate for heart failure patients";28;12.0;"Y"
"041312";"BAPTIST HEALTH MEDICAL CENTER HEBER SPRINGS";"AR";"MORT_30_HF";"Death rate for heart failure patients";28;14.0;"Y"
"041313";"OZARK HEALTH";"AR";"MORT_30_COPD";"Death rate for COPD patients";26;9.0;"Y"
"041318";"MERCY HOSPITAL BOONEVILLE";"AR";"MORT_30_HF";"Death rate for heart failure patients";36;11.0;"Y"
"041321";"BAPTIST HEALTH MEDICAL CENTER-ARKADELPHIA";"AR";"MORT_30_PN";"Death rate for pneumonia patients";60;17.0;"Y"
"041322";"BAXTER HEALTH FULTON COUNTY HOSPITAL";"AR";"MORT_30_PN";"Death rate for pneumonia patients";38;21.0;"Y"
"041323";"ASHLEY COUNTY MEDICAL CENTER";"AR";"MORT_30_COPD";"Death rate for COPD patients";40;9.0;"Y"
"041324";"CHI ST VINCENT MORRILTON";"AR";"MORT_30_PN";"Death rate for pneumonia patients";46;17.0;"Y"
"041326";"DELTA MEMORIAL HOSPITAL";"AR";"MORT_30_PN";"Death rate for pneumonia patients";35;19.0;"N"
"041327";"BRADLEY COUNTY MEDICAL CENTER";"AR";"MORT_30_PN";"Death rate for pneumonia patients";61;19.0;"Y"
"041328";"CHICOT MEMORIAL MEDICAL CENTER";"AR";"MORT_30_PN";"Death rate for pneumonia patients";46;20.0;"Y"
"041329";"MERCY HOSPITAL BERRYVILLE";"AR";"MORT_30_PN";"Death rate for pneumonia patients";47;15.0;"Y"
"041330";"PIGGOTT COMMUNITY HOSPITAL";"AR";"MORT_30_COPD";"Death rate for COPD patients";56;8.0;"Y"
"041332";"UNITY HEALTH - NEWPORT";"AR";"MORT_30_PN";"Death rate for pneumonia patients";39;19.0;"Y"
"050002";"ST ROSE HOSPITAL";"CA";"MORT_30_AMI";"Death rate for heart attack patients";66;13.0;"Y"
"050006";"PROVIDENCE ST JOSEPH HOSPITAL";"CA";"MORT_30_AMI";"Death rate for heart attack patients";216;12.0;"Y"
"050007";"PENINSULA MEDICAL CENTER";"CA";"MORT_30_AMI";"Death rate for heart attack patients";181;11.0;"Y"
"050008";"CALIFORNIA PACIFIC MEDICAL CTR-DAVIES CAMPUS HOSP";"CA";"MORT_30_HF";"Death rate for heart failure patients";62;11.0;"Y"
"050009";"PROVIDENCE QUEEN OF THE VALLEY MEDICAL CENTER";"CA";"MORT_30_AMI";"Death rate for heart attack patients";123;12.0;"Y"
"050013";"ADVENTIST HEALTH ST HELENA";"CA";"MORT_30_AMI";"Death rate for heart attack patients";192;10.0;"Y"
"050014";"SUTTER AMADOR HOSPITAL";"CA";"MORT_30_COPD";"Death rate for COPD patients";44;8.0;"Y"
"050017";"MERCY GENERAL HOSPITAL";"CA";"MORT_30_AMI";"Death rate for heart attack patients";385;12.0;"Y"
"050022";"RIVERSIDE COMMUNITY HOSPITAL";"CA";"MORT_30_AMI";"Death rate for heart attack patients";198;11.0;"Y"
"050024";"PARADISE VALLEY HOSPITAL";"CA";"MORT_30_AMI";"Death rate for heart attack patients";27;12.0;"Y"
"050025";"UC SAN DIEGO HEALTH HILLCREST - HILLCREST MED CTR";"CA";"MORT_30_AMI";"Death rate for heart attack patients";199;9.0;"Y"
"050026";"GROSSMONT HOSPITAL";"CA";"MORT_30_AMI";"Death rate for heart attack patients";184;13.0;"Y"
"050028";"MAD RIVER COMMUNITY HOSPITAL";"CA";"MORT_30_COPD";"Death rate for COPD patients";33;10.0;"Y"
"050030";"OROVILLE HOSPITAL";"CA";"MORT_30_AMI";"Death rate for heart attack patients";65;14.0;"Y"
"050036";"BAKERSFIELD MEMORIAL HOSPITAL";"CA";"MORT_30_AMI";"Death rate for heart attack patients";127;14.0;"Y"
"050038";"SANTA CLARA VALLEY MEDICAL CENTER";"CA";"MORT_30_AMI";"Death rate for heart attack patients";151;12.0;"Y"
"050039";"ENLOE HEALTH";"CA";"MORT_30_AMI";"Death rate for heart attack patients";392;12.0;"Y"
"050040";"LAC/OLIVE VIEW-UCLA MEDICAL CENTER";"CA";"MORT_30_HF";"Death rate for heart failure patients";85;9.0;"Y"
"050042";"ST ELIZABETH COMMUNITY HOSPITAL";"CA";"MORT_30_COPD";"Death rate for COPD patients";88;11.0;"Y"
"050043";"ALTA BATES SUMMIT MEDICAL CENTER";"CA";"MORT_30_AMI";"Death rate for heart attack patients";252;10.0;"Y"
"050045";"EL CENTRO REGIONAL MEDICAL CENTER";"CA";"MORT_30_AMI";"Death rate for heart attack patients";31;12.0;"N"
"050047";"CALIFORNIA PACIFIC MEDICAL CENTER- VAN NESS CAMPUS";"CA";"MORT_30_AMI";"Death rate for heart attack patients";156;11.0;"Y"
"050054";"SAN GORGONIO MEMORIAL HOSPITAL";"CA";"MORT_30_COPD";"Death rate for COPD patients";25;12.0;"Y"
"050055";"CALIFORNIA PACIFIC MEDICAL CENTER - MISSION BERNAL";"CA";"MORT_30_COPD";"Death rate for COPD patients";38;9.0;"Y"
"050056";"ANTELOPE VALLEY HOSPITAL";"CA";"MORT_30_AMI";"Death rate for heart attack patients";78;11.0;"Y"
"050057";"KAWEAH HEALTH MEDICAL CENTER";"CA";"MORT_30_AMI";"Death rate for heart attack patients";278;13.0;"Y"
"050058";"GLENDALE MEM HOSPITAL & HLTH CENTER";"CA";"MORT_30_AMI";"Death rate for heart attack patients";117;11.0;"Y"
"050060";"COMMUNITY REGIONAL MEDICAL CENTER";"CA";"MORT_30_AMI";"Death rate for heart attack patients";202;13.0;"Y"
"050063";"HOLLYWOOD PRESBYTERIAN MEDICAL CENTER";"CA";"MORT_30_AMI";"Death rate for heart attack patients";76;12.0;"Y"
"050067";"OAK VALLEY HOSPITAL DISTRICT";"CA";"MORT_30_HF";"Death rate for heart failure patients";25;11.0;"N"
"050069";"PROVIDENCE ST. JOSEPH HOSPITAL";"CA";"MORT_30_AMI";"Death rate for heart attack patients";141;12.0;"Y"
"050071";"KAISER FOUNDATION HOSPITAL-SANTA CLARA";"CA";"MORT_30_PN";"Death rate for pneumonia patients";25;18.0;"Y"
"050073";"KAISER FOUNDATION HOSPITAL AND REHAB CENTER";"CA";"MORT_30_HF";"Death rate for heart failure patients";29;15.0;"Y"
"050075";"KAISER FOUNDATION HOSPITAL - OAKLAND/RICHMOND";"CA";"MORT_30_AMI";"Death rate for heart attack patients";39;11.0;"Y"
"050077";"SCRIPPS MERCY HOSPITAL";"CA";"MORT_30_AMI";"Death rate for heart attack patients";102;12.0;"Y"
"050078";"PROVIDENCE LITTLE CO OF MARY MED CTR SAN PEDRO";"CA";"MORT_30_COPD";"Death rate for COPD patients";32;10.0;"Y"
"050082";"ST JOHNS REGIONAL MEDICAL CENTER";"CA";"MORT_30_AMI";"Death rate for heart attack patients";286;10.0;"Y"
"050084";"ST JOSEPH'S MEDICAL CENTER OF STOCKTON";"CA";"MORT_30_AMI";"Death rate for heart attack patients";245;13.0;"Y"
"050089";"COMMUNITY HOSPITAL OF SAN BERNARDINO";"CA";"MORT_30_HF";"Death rate for heart failure patients";25;10.0;"Y"
"050090";"SONOMA VALLEY HOSPITAL";"CA";"MORT_30_COPD";"Death rate for COPD patients";31;9.0;"Y"
"050091";"COMMUNITY HOSPITAL OF HUNTINGTON PARK";"CA";"MORT_30_HF";"Death rate for heart failure patients";61;9.0;"Y"
"050093";"SAINT AGNES MEDICAL CENTER";"CA";"MORT_30_AMI";"Death rate for heart attack patients";303;13.0;"Y"
"050099";"SAN ANTONIO REGIONAL HOSPITAL";"CA";"MORT_30_AMI";"Death rate for heart attack patients";180;11.0;"Y"
"050100";"SHARP MEMORIAL HOSPITAL";"CA";"MORT_30_AMI";"Death rate for heart attack patients";170;12.0;"Y"
"050101";"SUTTER SOLANO MEDICAL CENTER";"CA";"MORT_30_AMI";"Death rate for heart attack patients";33;12.0;"Y"
"050102";"PARKVIEW COMMUNITY HOSPITAL MEDICAL CENTER";"CA";"MORT_30_COPD";"Death rate for COPD patients";34;9.0;"N"
"050103";"ADVENTIST HEALTH WHITE MEMORIAL";"CA";"MORT_30_AMI";"Death rate for heart attack patients";68;11.0;"Y"
"050104";"SAINT FRANCIS MEDICAL CENTER";"CA";"MORT_30_AMI";"Death rate for heart attack patients";74;12.0;"Y"
"050107";"MARIAN REGIONAL MEDICAL CENTER";"CA";"MORT_30_AMI";"Death rate for heart attack patients";243;16.0;"Y"
"050108";"SUTTER MEDICAL CENTER, SACRAMENTO";"CA";"MORT_30_AMI";"Death rate for heart attack patients";375;11.0;"Y"
"050110";"LOMPOC VALLEY MEDICAL CENTER";"CA";"MORT_30_COPD";"Death rate for COPD patients";59;10.0;"Y"
"050112";"SANTA MONICA - UCLA MED CTR & ORTHOPAEDIC HOSPITAL";"CA";"MORT_30_AMI";"Death rate for heart attack patients";67;11.0;"Y"
"050113";"SAN MATEO MEDICAL CENTER";"CA";"MORT_30_HF";"Death rate for heart failure patients";30;13.0;"N"
"050115";"PALOMAR HEALTH DOWNTOWN CAMPUS";"CA";"MORT_30_AMI";"Death rate for heart attack patients";187;13.0;"Y"
"050116";"NORTHRIDGE HOSPITAL MEDICAL CENTER";"CA";"MORT_30_AMI";"Death rate for heart attack patients";217;11.0;"Y"
"050118";"DOCTORS HOSPITAL OF MANTECA";"CA";"MORT_30_COPD";"Death rate for COPD patients";31;9.0;"Y"
"050121";"ADVENTIST HEALTH HANFORD";"CA";"MORT_30_AMI";"Death rate for heart attack patients";46;13.0;"Y"
"050122";"DAMERON HOSPITAL";"CA";"MORT_30_AMI";"Death rate for heart attack patients";64;13.0;"N"
"050124";"USC VERDUGO HILLS HOSPITAL";"CA";"MORT_30_AMI";"Death rate for heart attack patients";31;12.0;"Y"
"050125";"REGIONAL MEDICAL CENTER OF SAN JOSE";"CA";"MORT_30_AMI";"Death rate for heart attack patients";145;12.0;"Y"
"050126";"VALLEY PRESBYTERIAN HOSPITAL";"CA";"MORT_30_AMI";"Death rate for heart attack patients";76;12.0;"Y"
"050127";"WOODLAND MEMORIAL HOSPITAL";"CA";"MORT_30_COPD";"Death rate for COPD patients";52;8.0;"Y"
"050128";"TRI-CITY MEDICAL CENTER";"CA";"MORT_30_AMI";"Death rate for heart attack patients";99;13.0;"Y"
"050129";"ST BERNARDINE MEDICAL CENTER";"CA";"MORT_30_AMI";"Death rate for heart attack patients";91;13.0;"Y"
"050131";"NOVATO COMMUNITY HOSPITAL";"CA";"MORT_30_COPD";"Death rate for COPD patients";28;8.0;"Y"
"050132";"SAN GABRIEL VALLEY MEDICAL CENTER";"CA";"MORT_30_AMI";"Death rate for heart attack patients";33;13.0;"Y"
"050133";"ADVENTIST HEALTH AND RIDEOUT";"CA";"MORT_30_AMI";"Death rate for heart attack patients";245;12.0;"Y"
"050135";"SOUTHERN CALIFORNIA HOSPITAL AT HOLLYWOOD";"CA";"MORT_30_AMI";"Death rate for heart attack patients";84;9.0;"N"
"050136";"PETALUMA VALLEY HOSPITAL";"CA";"MORT_30_COPD";"Death rate for COPD patients";48;8.0;"Y"
"050138";"KAISER FOUNDATION HOSPITAL - LOS ANGELES";"CA";"MORT_30_HF";"Death rate for heart failure patients";26;10.0;"Y"
"050140";"KAISER FOUNDATION HOSPITAL FONTANA/ONTARIO";"CA";"MORT_30_HF";"Death rate for heart failure patients";27;9.0;"Y"
"050145";"COMMUNITY HOSPITAL OF THE MONTEREY PENINSULA";"CA";"MORT_30_AMI";"Death rate for heart attack patients";193;10.0;"Y"
"050149";"CALIFORNIA HOSPITAL MEDICAL CENTER LA";"CA";"MORT_30_HF";"Death rate for heart failure patients";79;10.0;"Y"
"050150";"SIERRA NEVADA MEMORIAL HOSPITAL";"CA";"MORT_30_AMI";"Death rate for heart attack patients";31;13.0;"Y"
"050152";"SAINT FRANCIS MEMORIAL HOSPITAL";"CA";"MORT_30_COPD";"Death rate for COPD patients";26;9.0;"Y"
"050158";"ENCINO HOSPITAL MEDICAL CENTER";"CA";"MORT_30_HF";"Death rate for heart failure patients";69;10.0;"Y"
"050159";"VENTURA COUNTY MEDICAL CENTER";"CA";"MORT_30_AMI";"Death rate for heart attack patients";27;11.0;"Y"
"050167";"SAN JOAQUIN GENERAL HOSPITAL";"CA";"MORT_30_COPD";"Death rate for COPD patients";28;10.0;"Y"
"050168";"PROVIDENCE ST. JUDE MEDICAL CENTER";"CA";"MORT_30_AMI";"Death rate for heart attack patients";185;12.0;"Y"
"050169";"PIH HEALTH HOSPITAL-WHITTIER";"CA";"MORT_30_AMI";"Death rate for heart attack patients";148;13.0;"N"
"050174";"PROVIDENCE SANTA ROSA MEMORIAL HOSPITAL";"CA";"MORT_30_AMI";"Death rate for heart attack patients";231;13.0;"Y"
"050179";"EMANUEL MEDICAL CENTER";"CA";"MORT_30_AMI";"Death rate for heart attack patients";284;14.0;"Y"
"050180";"JOHN MUIR MEDICAL CENTER - WALNUT CREEK CAMPUS";"CA";"MORT_30_AMI";"Death rate for heart attack patients";160;12.0;"Y"
"050191";"ST MARY MEDICAL CENTER";"CA";"MORT_30_AMI";"Death rate for heart attack patients";87;11.0;"Y"
"050192";"ADVENTIST HEALTH REEDLEY";"CA";"MORT_30_PN";"Death rate for pneumonia patients";32;13.0;"Y"
"050194";"WATSONVILLE COMMUNITY HOSPITAL";"CA";"MORT_30_COPD";"Death rate for COPD patients";42;8.0;"Y"
"050195";"WASHINGTON HOSPITAL";"CA";"MORT_30_AMI";"Death rate for heart attack patients";183;12.0;"Y"
"050197";"SEQUOIA HOSPITAL";"CA";"MORT_30_AMI";"Death rate for heart attack patients";76;12.0;"Y"
"050204";"PALMDALE REGIONAL MEDICAL CENTER";"CA";"MORT_30_AMI";"Death rate for heart attack patients";80;13.0;"Y"
"050211";"ALAMEDA HOSPITAL";"CA";"MORT_30_COPD";"Death rate for COPD patients";29;8.0;"Y"
"050222";"SHARP CHULA VISTA MEDICAL CENTER";"CA";"MORT_30_AMI";"Death rate for heart attack patients";130;12.0;"Y"
"050224";"HOAG MEMORIAL HOSPITAL PRESBYTERIAN";"CA";"MORT_30_AMI";"Death rate for heart attack patients";336;13.0;"Y"
"050226";"AHMC ANAHEIM REGIONAL MEDICAL CENTER";"CA";"MORT_30_AMI";"Death rate for heart attack patients";45;11.0;"Y"
"050228";"ZUCKERBERG SAN FRANCISCO GENERAL HOSP & TRAUMA CTR";"CA";"MORT_30_AMI";"Death rate for heart attack patients";48;13.0;"Y"
"050230";"GARDEN GROVE HOSPITAL & MEDICAL CENTER";"CA";"MORT_30_COPD";"Death rate for COPD patients";25;8.0;"Y"
"050231";"POMONA VALLEY HOSPITAL MEDICAL CENTER";"CA";"MORT_30_AMI";"Death rate for heart attack patients";115;11.0;"Y"
"050232";"FRENCH HOSPITAL MEDICAL CENTER";"CA";"MORT_30_AMI";"Death rate for heart attack patients";265;11.0;"Y"
"050234";"SHARP CORONADO HOSPITAL AND HLTHCR CTR";"CA";"MORT_30_COPD";"Death rate for COPD patients";30;8.0;"Y"
"050235";"PROVIDENCE SAINT JOSEPH MEDICAL CTR";"CA";"MORT_30_AMI";"Death rate for heart attack patients";254;11.0;"Y"
"050236";"ADVENTIST HEALTH SIMI VALLEY";"CA";"MORT_30_AMI";"Death rate for heart attack patients";118;11.0;"Y"
"050238";"USC ARCADIA HOSPITAL";"CA";"MORT_30_AMI";"Death rate for heart attack patients";120;12.0;"Y"
"050239";"GLENDALE ADVENTIST MEDICAL CENTER";"CA";"MORT_30_AMI";"Death rate for heart attack patients";296;11.0;"Y"
"050242";"DOMINICAN HOSPITAL";"CA";"MORT_30_AMI";"Death rate for heart attack patients";237;12.0;"Y"
"050243";"DESERT REGIONAL MEDICAL CENTER";"CA";"MORT_30_AMI";"Death rate for heart attack patients";134;14.0;"Y"
"050245";"ARROWHEAD REGIONAL MEDICAL CENTER";"CA";"MORT_30_AMI";"Death rate for heart attack patients";30;13.0;"Y"
"050248";"NATIVIDAD MEDICAL CENTER";"CA";"MORT_30_COPD";"Death rate for COPD patients";45;9.0;"Y"
"050254";"MARSHALL MEDICAL CENTER";"CA";"MORT_30_AMI";"Death rate for heart attack patients";37;13.0;"Y"
"050257";"GOOD SAMARITAN HOSPITAL";"CA";"MORT_30_PN";"Death rate for pneumonia patients";28;17.0;"Y"
"05025F";"FRESNO VA MEDICAL CENTER (VA CENTRAL CALIFORNIA HEALTHCARE SYSTEM)";"CA";"MORT_30_AMI";"Death rate for heart attack patients";75;12.0;"N"
"050261";"SIERRA VIEW MEDICAL CENTER";"CA";"MORT_30_AMI";"Death rate for heart attack patients";63;12.0;"Y"
"050262";"RONALD REAGAN UCLA MEDICAL CENTER";"CA";"MORT_30_AMI";"Death rate for heart attack patients";111;10.0;"Y"
"050272";"REDLANDS COMMUNITY HOSPITAL";"CA";"MORT_30_COPD";"Death rate for COPD patients";42;10.0;"N"
"050276";"CONTRA COSTA REGIONAL MEDICAL CENTER";"CA";"MORT_30_COPD";"Death rate for COPD patients";49;8.0;"Y"
"050278";"PROVIDENCE HOLY CROSS MEDICAL CENTER";"CA";"MORT_30_AMI";"Death rate for heart attack patients";81;12.0;"Y"
"050279";"HI-DESERT MEDICAL CENTER";"CA";"MORT_30_HF";"Death rate for heart failure patients";30;13.0;"Y"
"05027F";"VA LONG BEACH HEALTHCARE SYSTEM";"CA";"MORT_30_AMI";"Death rate for heart attack patients";79;11.0;"N"
"050280";"MERCY MEDICAL CENTER REDDING";"CA";"MORT_30_AMI";"Death rate for heart attack patients";305;13.0;"Y"
"050281";"ALHAMBRA HOSPITAL MEDICAL CENTER";"CA";"MORT_30_HF";"Death rate for heart failure patients";51;11.0;"Y"
"050283";"STANFORD HEALTH CARE TRI-VALLEY";"CA";"MORT_30_AMI";"Death rate for heart attack patients";91;11.0;"Y"
"050289";"AHMC SETON MEDICAL CENTER";"CA";"MORT_30_AMI";"Death rate for heart attack patients";69;13.0;"Y"
"050290";"SAINT JOHN'S HEALTH CENTER";"CA";"MORT_30_AMI";"Death rate for heart attack patients";157;12.0;"Y"
"050291";"SUTTER SANTA ROSA REGIONAL HOSPITAL";"CA";"MORT_30_AMI";"Death rate for heart attack patients";187;11.0;"Y"
"050292";"RIVERSIDE UNIVERSITY HEALTH SYSTEM-MEDICAL CENTER";"CA";"MORT_30_COPD";"Death rate for COPD patients";61;9.0;"Y"
"050295";"MERCY HOSPITAL";"CA";"MORT_30_AMI";"Death rate for heart attack patients";35;11.0;"Y"
"050298";"BARSTOW COMMUNITY HOSPITAL";"CA";"MORT_30_HF";"Death rate for heart failure patients";28;13.0;"Y"
"050300";"PROVIDENCE ST MARY MEDICAL CENTER";"CA";"MORT_30_AMI";"Death rate for heart attack patients";156;11.0;"Y"
"050301";"ADVENTIST HEALTH UKIAH VALLEY";"CA";"MORT_30_COPD";"Death rate for COPD patients";42;9.0;"Y"
"050305";"ALTA BATES SUMMIT MEDICAL CENTER - ALTA BATES CAMP";"CA";"MORT_30_AMI";"Death rate for heart attack patients";34;11.0;"Y"
"050308";"EL CAMINO HOSPITAL";"CA";"MORT_30_AMI";"Death rate for heart attack patients";217;12.0;"Y"
"050309";"SUTTER ROSEVILLE MEDICAL CENTER";"CA";"MORT_30_AMI";"Death rate for heart attack patients";463;12.0;"Y"
"05030F";"VA N CALIFORNIA HEALTHCARE SYSTEM";"CA";"MORT_30_AMI";"Death rate for heart attack patients";27;12.0;"N"
"050313";"SUTTER TRACY COMMUNITY HOSPITAL";"CA";"MORT_30_COPD";"Death rate for COPD patients";37;8.0;"Y"
"050315";"KERN MEDICAL CENTER";"CA";"MORT_30_HF";"Death rate for heart failure patients";32;13.0;"Y"
"05031F";"PALO ALTO VA MEDICAL CENTER";"CA";"MORT_30_AMI";"Death rate for heart attack patients";108;11.0;"N"
"050320";"HIGHLAND HOSPITAL";"CA";"MORT_30_AMI";"Death rate for heart attack patients";66;13.0;"Y"
"050324";"SCRIPPS MEMORIAL HOSPITAL LA JOLLA";"CA";"MORT_30_AMI";"Death rate for heart attack patients";329;10.0;"Y"
"050327";"LOMA LINDA UNIVERSITY MEDICAL CENTER";"CA";"MORT_30_AMI";"Death rate for heart attack patients";113;12.0;"Y"
"050329";"CORONA REGIONAL MEDICAL CENTER";"CA";"MORT_30_AMI";"Death rate for heart attack patients";43;11.0;"Y"
"050334";"SALINAS VALLEY MEMORIAL HOSPITAL";"CA";"MORT_30_AMI";"Death rate for heart attack patients";214;11.0;"Y"
"050335";"ADVENTIST HEALTH SONORA";"CA";"MORT_30_AMI";"Death rate for heart attack patients";111;10.0;"Y"
"050336";"ADVENTIST HEALTH LODI MEMORIAL";"CA";"MORT_30_AMI";"Death rate for heart attack patients";40;13.0;"Y"
"050342";"PIONEERS MEMORIAL HEALTHCARE DISTRICT";"CA";"MORT_30_COPD";"Death rate for COPD patients";39;9.0;"N"
"050348";"UCI HEALTH-ORANGE";"CA";"MORT_30_AMI";"Death rate for heart attack patients";84;13.0;"Y"
"050350";"ADVENTIST HEALTH WHITE MEMORIAL MONTEBELLO";"CA";"MORT_30_AMI";"Death rate for heart attack patients";30;12.0;"N"
"050351";"TORRANCE MEMORIAL MEDICAL CENTER";"CA";"MORT_30_AMI";"Death rate for heart attack patients";174;12.0;"Y"
"050352";"BARTON MEMORIAL HOSPITAL";"CA";"MORT_30_HF";"Death rate for heart failure patients";41;11.0;"Y"
"050353";"PROVIDENCE LITTLE COMPANY OF MARY MED CTR TORRANCE";"CA";"MORT_30_AMI";"Death rate for heart attack patients";150;10.0;"Y"
"050357";"GOLETA VALLEY COTTAGE HOSPITAL";"CA";"MORT_30_HF";"Death rate for heart failure patients";30;10.0;"Y"
"050360";"MARINHEALTH MEDICAL CENTER";"CA";"MORT_30_AMI";"Death rate for heart attack patients";216;10.0;"Y"
"050367";"NORTHBAY MEDICAL CENTER";"CA";"MORT_30_AMI";"Death rate for heart attack patients";168;13.0;"Y"
"050373";"LOS ANGELES GENERAL MEDICAL CENTER";"CA";"MORT_30_AMI";"Death rate for heart attack patients";53;11.0;"Y"
"050376";"LAC/HARBOR-UCLA MED CENTER";"CA";"MORT_30_AMI";"Death rate for heart attack patients";50;13.0;"Y"
"050380";"GOOD SAMARITAN HOSPITAL";"CA";"MORT_30_AMI";"Death rate for heart attack patients";244;12.0;"Y"
"050382";"EMANATE HEALTH INTER-COMMUNITY HOSPITAL";"CA";"MORT_30_AMI";"Death rate for heart attack patients";100;15.0;"Y"
"050390";"HEMET GLOBAL MEDICAL CENTER";"CA";"MORT_30_COPD";"Death rate for COPD patients";37;8.0;"N"
"050393";"PIH HEALTH DOWNEY HOSPITAL";"CA";"MORT_30_AMI";"Death rate for heart attack patients";45;11.0;"N"
"050394";"COMMUNITY MEMORIAL HOSPITAL - VENTURA";"CA";"MORT_30_AMI";"Death rate for heart attack patients";114;12.0;"N"
"050396";"SANTA BARBARA COTTAGE HOSPITAL";"CA";"MORT_30_AMI";"Death rate for heart attack patients";238;11.0;"Y"
"050407";"CHINESE HOSPITAL";"CA";"MORT_30_COPD";"Death rate for COPD patients";25;8.0;"Y"
"050414";"MERCY HOSPITAL OF FOLSOM";"CA";"MORT_30_AMI";"Death rate for heart attack patients";33;13.0;"Y"
"050417";"SUTTER COAST HOSPITAL";"CA";"MORT_30_COPD";"Death rate for COPD patients";33;9.0;"Y"
"050424";"SCRIPPS GREEN HOSPITAL";"CA";"MORT_30_COPD";"Death rate for COPD patients";26;7.0;"Y"
"050425";"KAISER FOUNDATION HOSPITAL - SACRAMENTO";"CA";"MORT_30_HF";"Death rate for heart failure patients";33;10.0;"Y"
"050426";"WEST ANAHEIM MEDICAL CENTER";"CA";"MORT_30_AMI";"Death rate for heart attack patients";61;10.0;"Y"
"050438";"HUNTINGTON HOSPITAL";"CA";"MORT_30_AMI";"Death rate for heart attack patients";163;10.0;"Y"
"050441";"STANFORD HEALTH CARE";"CA";"MORT_30_AMI";"Death rate for heart attack patients";258;9.0;"Y"
"050444";"MERCY MEDICAL CENTER";"CA";"MORT_30_AMI";"Death rate for heart attack patients";76;13.0;"Y"
"050454";"UCSF MEDICAL CENTER";"CA";"MORT_30_AMI";"Death rate for heart attack patients";129;10.0;"Y"
"050455";"ADVENTIST HEALTH BAKERSFIELD";"CA";"MORT_30_AMI";"Death rate for heart attack patients";168;13.0;"Y"
"050457";"ST MARY'S MEDICAL CENTER";"CA";"MORT_30_AMI";"Death rate for heart attack patients";50;12.0;"Y"
"050464";"DOCTORS MEDICAL CENTER";"CA";"MORT_30_AMI";"Death rate for heart attack patients";298;14.0;"Y"
"050468";"MEMORIAL HOSPITAL OF GARDENA";"CA";"MORT_30_COPD";"Death rate for COPD patients";46;8.0;"Y"
"050471";"PIH HEALTH GOOD SAMARITAN HOSPITAL";"CA";"MORT_30_AMI";"Death rate for heart attack patients";76;12.0;"N"
"050481";"UCLA WEST VALLEY MEDICAL CENTER";"CA";"MORT_30_AMI";"Death rate for heart attack patients";187;11.0;"Y"
"050485";"MEMORIALCARE LONG BEACH MEDICAL CENTER";"CA";"MORT_30_AMI";"Death rate for heart attack patients";108;12.0;"Y"
"050488";"EDEN MEDICAL CENTER";"CA";"MORT_30_AMI";"Death rate for heart attack patients";47;11.0;"Y"
"050492";"CLOVIS COMMUNITY MEDICAL CENTER";"CA";"MORT_30_AMI";"Death rate for heart attack patients";146;14.0;"Y"
"050496";"JOHN MUIR MEDICAL CENTER - CONCORD CAMPUS";"CA";"MORT_30_AMI";"Death rate for heart attack patients";172;11.0;"Y"
"050498";"SUTTER AUBURN FAITH HOSPITAL";"CA";"MORT_30_COPD";"Death rate for COPD patients";52;10.0;"Y"
"050503";"SCRIPPS MEMORIAL HOSPITAL - ENCINITAS";"CA";"MORT_30_AMI";"Death rate for heart attack patients";126;11.0;"Y"
"050506";"ADVENTIST HEALTH SIERRA VISTA";"CA";"MORT_30_COPD";"Death rate for COPD patients";33;9.0;"Y"
"050515";"KAISER FOUNDATION HOSPITAL - SAN DIEGO";"CA";"MORT_30_HF";"Death rate for heart failure patients";27;13.0;"Y"
"050516";"MERCY SAN JUAN MEDICAL CENTER";"CA";"MORT_30_AMI";"Death rate for heart attack patients";209;13.0;"Y"
"050517";"VICTOR VALLEY GLOBAL MEDICAL CENTER";"CA";"MORT_30_HF";"Death rate for heart failure patients";31;13.0;"N"
"050523";"SUTTER DELTA MEDICAL CENTER";"CA";"MORT_30_AMI";"Death rate for heart attack patients";105;13.0;"Y"
"050526";"HUNTINGTON BEACH HOSPITAL";"CA";"MORT_30_HF";"Death rate for heart failure patients";73;10.0;"Y"
"050528";"MEMORIAL HOSPITAL LOS BANOS";"CA";"MORT_30_HF";"Death rate for heart failure patients";54;15.0;"Y"
"050534";"JOHN F KENNEDY MEMORIAL HOSPITAL";"CA";"MORT_30_AMI";"Death rate for heart attack patients";69;14.0;"Y"
"050537";"SUTTER DAVIS HOSPITAL";"CA";"MORT_30_COPD";"Death rate for COPD patients";28;10.0;"Y"
"050541";"KAISER FOUNDATION HOSPITAL - REDWOOD CITY";"CA";"MORT_30_STK";"Death rate for stroke patients";48;13.0;"Y"
"050549";"LOS ROBLES HOSPITAL & MEDICAL CENTER";"CA";"MORT_30_AMI";"Death rate for heart attack patients";243;11.0;"Y"
"050551";"UCI HEALTH - LOS ALAMITOS";"CA";"MORT_30_AMI";"Death rate for heart attack patients";104;14.0;"Y"
"050557";"MEMORIAL MEDICAL CENTER";"CA";"MORT_30_AMI";"Death rate for heart attack patients";195;14.0;"Y"
"050561";"KAISER FOUNDATION HOSPITAL - WEST LA";"CA";"MORT_30_HF";"Death rate for heart failure patients";25;10.0;"Y"
"050567";"PROVIDENCE MISSION HOSPITAL";"CA";"MORT_30_AMI";"Death rate for heart attack patients";265;12.0;"Y"
"050570";"UCI HEALTH - FOUNTAIN VALLEY";"CA";"MORT_30_AMI";"Death rate for heart attack patients";149;13.0;"Y"
"050573";"EISENHOWER MEDICAL CENTER";"CA";"MORT_30_AMI";"Death rate for heart attack patients";359;11.0;"Y"
"050580";"LA PALMA INTERCOMMUNITY HOSPITAL";"CA";"MORT_30_AMI";"Death rate for heart attack patients";34;11.0;"Y"
"050581";"UCI HEALTH-LAKEWOOD";"CA";"MORT_30_AMI";"Death rate for heart attack patients";62;12.0;"Y"
"050586";"CHINO VALLEY MEDICAL CENTER";"CA";"MORT_30_HF";"Death rate for heart failure patients";57;9.0;"Y"
"050588";"SAN DIMAS COMMUNITY HOSPITAL";"CA";"MORT_30_HF";"Death rate for heart failure patients";33;10.0;"Y"
"050589";"UCI HEALTH - PLACENTIA LINDA";"CA";"MORT_30_AMI";"Death rate for heart attack patients";36;13.0;"Y"
"050590";"METHODIST HOSPITAL OF SACRAMENTO";"CA";"MORT_30_AMI";"Death rate for heart attack patients";34;13.0;"Y"
"050597";"EMANATE HEALTH FOOTHILL PRESBYTERIAN HOSPITAL";"CA";"MORT_30_AMI";"Death rate for heart attack patients";41;12.0;"Y"
"050599";"UNIVERSITY OF CALIFORNIA DAVIS MEDICAL CENTER";"CA";"MORT_30_AMI";"Death rate for heart attack patients";128;12.0;"Y"
"050603";"MEMORIALCARE SADDLEBACK MEDICAL CENTER";"CA";"MORT_30_AMI";"Death rate for heart attack patients";121;11.0;"Y"
"050604";"KAISER FOUNDATION HOSPITAL-SAN JOSE";"CA";"MORT_30_HF";"Death rate for heart failure patients";28;13.0;"Y"
"050608";"ADVENTIST HEALTH DELANO";"CA";"MORT_30_HF";"Death rate for heart failure patients";47;12.0;"Y"
"050609";"KAISER FOUNDATION HOSPITAL - ORANGE COUNTY - ANAHEIM";"CA";"MORT_30_PN";"Death rate for pneumonia patients";28;16.0;"Y"
"050624";"HENRY MAYO NEWHALL  HOSPITAL";"CA";"MORT_30_AMI";"Death rate for heart attack patients";121;13.0;"Y"
"050625";"CEDARS-SINAI MEDICAL CENTER";"CA";"MORT_30_AMI";"Death rate for heart attack patients";447;8.0;"Y"
"050633";"ADVENTIST HEALTH TWIN CITIES";"CA";"MORT_30_COPD";"Death rate for COPD patients";66;8.0;"Y"
"050636";"PALOMAR MEDICAL CENTER POWAY";"CA";"MORT_30_COPD";"Death rate for COPD patients";59;10.0;"Y"
"050641";"EAST LOS ANGELES DOCTORS HOSPITAL";"CA";"MORT_30_HF";"Death rate for heart failure patients";28;12.0;"Y"
"050663";"LOS ANGELES COMMUNITY HOSPITAL";"CA";"MORT_30_COPD";"Death rate for COPD patients";115;6.0;"N"
"050668";"LAGUNA HONDA HOSPITAL & REHABILITATION CENTER";"CA";"MORT_30_PN";"Death rate for pneumonia patients";48;18.0;"N"
"050674";"KAISER FOUNDATION HOSP SO SACRAMENTO";"CA";"MORT_30_AMI";"Death rate for heart attack patients";46;12.0;"Y"
"050678";"MEMORIALCARE ORANGE COAST MEDICAL CENTER";"CA";"MORT_30_AMI";"Death rate for heart attack patients";162;12.0;"Y"
"050684";"MENIFEE GLOBAL MEDICAL CENTER";"CA";"MORT_30_PN";"Death rate for pneumonia patients";45;17.0;"N"
"050689";"SAN RAMON REGIONAL MEDICAL CENTER";"CA";"MORT_30_AMI";"Death rate for heart attack patients";67;11.0;"Y"
"050696";"KECK HOSPITAL OF USC";"CA";"MORT_30_CABG";"Death rate for CABG surgery patients";63;2.0;"Y"
"050701";"SOUTHWEST HEALTHCARE RANCHO SPRINGS HOSPITAL";"CA";"MORT_30_AMI";"Death rate for heart attack patients";37;12.0;"Y"
"050704";"MISSION COMMUNITY HOSPITAL";"CA";"MORT_30_COPD";"Death rate for COPD patients";49;9.0;"Y"
"050709";"DESERT VALLEY HOSPITAL";"CA";"MORT_30_AMI";"Death rate for heart attack patients";75;10.0;"Y"
"050723";"KAISER FOUNDATION HOSPITAL - BALDWIN PARK";"CA";"MORT_30_HF";"Death rate for heart failure patients";26;11.0;"Y"
"050735";"WHITTIER HOSPITAL MEDICAL CENTER";"CA";"MORT_30_COPD";"Death rate for COPD patients";34;9.0;"Y"
"050736";"MONTEREY PARK HOSPITAL";"CA";"MORT_30_HF";"Death rate for heart failure patients";36;10.0;"Y"
"050737";"GARFIELD MEDICAL CENTER";"CA";"MORT_30_AMI";"Death rate for heart attack patients";73;12.0;"Y"
"050738";"GREATER EL MONTE COMMUNITY HOSPITAL";"CA";"MORT_30_AMI";"Death rate for heart attack patients";27;12.0;"Y"
"050739";"CENTINELA HOSPITAL MEDICAL CENTER";"CA";"MORT_30_AMI";"Death rate for heart attack patients";84;11.0;"Y"
"050740";"CEDAR-SINAI MARINA DEL REY HOSPITAL";"CA";"MORT_30_COPD";"Death rate for COPD patients";55;7.0;"Y"
"050744";"ANAHEIM GLOBAL MEDICAL CENTER";"CA";"MORT_30_PN";"Death rate for pneumonia patients";42;16.0;"N"
"050745";"CHAPMAN GLOBAL MEDICAL CENTER";"CA";"MORT_30_PN";"Death rate for pneumonia patients";50;13.0;"N"
"050746";"ORANGE COUNTY GLOBAL MEDICAL CENTER";"CA";"MORT_30_AMI";"Death rate for heart attack patients";40;13.0;"N"
"050747";"COASTAL COMMUNITIES HOSPITAL";"CA";"MORT_30_PN";"Death rate for pneumonia patients";50;14.0;"N"
"050755";"SHERMAN OAKS HOSPITAL";"CA";"MORT_30_AMI";"Death rate for heart attack patients";48;11.0;"Y"
"050758";"MONTCLAIR HOSPITAL MEDICAL CENTER";"CA";"MORT_30_PN";"Death rate for pneumonia patients";126;12.0;"Y"
"050760";"KAISER FOUNDATION HOSPITAL - ANTIOCH";"CA";"MORT_30_HF";"Death rate for heart failure patients";27;12.0;"Y"
"050761";"PROVIDENCE CEDARS SINAI TARZANA MEDICAL CENTER";"CA";"MORT_30_AMI";"Death rate for heart attack patients";149;12.0;"Y"
"050763";"L A DOWNTOWN MEDICAL CENTER";"CA";"MORT_30_COPD";"Death rate for COPD patients";75;6.0;"Y"
"050764";"SHASTA REGIONAL MEDICAL CENTER";"CA";"MORT_30_AMI";"Death rate for heart attack patients";152;13.0;"Y"
"050769";"HOAG ORTHOPEDIC INSTITUTE";"CA";"PSI_04";"Death rate among surgical inpatients with serious treatable complications";36;167.0;"Y"
"050770";"LOMA LINDA UNIVERSITY MEDICAL CENTER-MURRIETA";"CA";"MORT_30_AMI";"Death rate for heart attack patients";195;12.0;"Y"
"050771";"COAST PLAZA HOSPITAL";"CA";"MORT_30_HF";"Death rate for heart failure patients";51;11.0;"Y"
"050772";"KAISER FOUNDATION HOSPITAL - ROSEVILLE";"CA";"MORT_30_PN";"Death rate for pneumonia patients";26;17.0;"Y"
"050775";"TEMECULA VALLEY HOSPITAL";"CA";"MORT_30_AMI";"Death rate for heart attack patients";163;13.0;"Y"
"050776";"COLLEGE MEDICAL CENTER";"CA";"MORT_30_COPD";"Death rate for COPD patients";42;10.0;"Y"
"050779";"MARTIN LUTHER KING, JR. COMMUNITY HOSPITAL";"CA";"MORT_30_COPD";"Death rate for COPD patients";26;8.0;"Y"
"050780";"FOOTHILL REGIONAL MEDICAL CENTER";"CA";"MORT_30_HF";"Death rate for heart failure patients";38;10.0;"N"
"050782";"CASA COLINA HOSPITAL";"CA";"MORT_30_PN";"Death rate for pneumonia patients";25;15.0;"Y"
"050783";"COLUSA MEDICAL CENTER";"CA";"MORT_30_COPD";"Death rate for COPD patients";53;8.0;"Y"
"050784";"ADVENTIST HEALTH TULARE";"CA";"MORT_30_HF";"Death rate for heart failure patients";46;13.0;"Y"
"05114F";"VA SAN DIEGO HEALTHCARE SYSTEM";"CA";"MORT_30_AMI";"Death rate for heart attack patients";143;10.0;"N"
"05127F";"LOMA LINDA VA MEDICAL CENTER";"CA";"MORT_30_AMI";"Death rate for heart attack patients";134;11.0;"N"
"05128F";"VA GREATER LOS ANGELES HEALTHCARE SYSTEM";"CA";"MORT_30_AMI";"Death rate for heart attack patients";94;11.0;"N"
"051301";"ADVENTIST HEALTH TEHACHAPI VALLEY";"CA";"MORT_30_HF";"Death rate for heart failure patients";53;13.0;"Y"
"051304";"JOHN C FREMONT HEALTHCARE DISTRICT";"CA";"MORT_30_PN";"Death rate for pneumonia patients";35;15.0;"Y"
"051305";"MAYERS MEMORIAL HOSPITAL";"CA";"MORT_30_PN";"Death rate for pneumonia patients";53;17.0;"Y"
"051306";"GLENN MEDICAL CENTER";"CA";"MORT_30_PN";"Death rate for pneumonia patients";34;15.0;"Y"
"05130F";"SAN FRANCISCO VA MEDICAL CENTER";"CA";"MORT_30_AMI";"Death rate for heart attack patients";79;11.0;"N"
"051310";"ADVENTIST HEALTH HOWARD MEMORIAL";"CA";"MORT_30_HF";"Death rate for heart failure patients";53;11.0;"Y"
"051311";"ORCHARD HOSPITAL";"CA";"MORT_30_PN";"Death rate for pneumonia patients";42;23.0;"Y"
"051314";"KERN VALLEY HEALTHCARE DISTRICT";"CA";"MORT_30_COPD";"Death rate for COPD patients";32;7.0;"Y"
"051316";"FAIRCHILD MEDICAL CENTER";"CA";"MORT_30_COPD";"Death rate for COPD patients";58;15.0;"Y"
"051317";"ADVENTIST HEALTH CLEARLAKE";"CA";"MORT_30_COPD";"Death rate for COPD patients";41;12.0;"Y"
"051318";"PROVIDENCE REDWOOD MEMORIAL HOSPITAL";"CA";"MORT_30_COPD";"Death rate for COPD patients";27;8.0;"Y"
"051319";"MERCY MEDICAL CENTER OF MT SHASTA";"CA";"MORT_30_COPD";"Death rate for COPD patients";27;9.0;"Y"
"051320";"BANNER LASSEN MEDICAL CENTER";"CA";"MORT_30_COPD";"Death rate for COPD patients";30;9.0;"Y"
"051321";"HEALDSBURG HOSPITAL";"CA";"MORT_30_PN";"Death rate for pneumonia patients";48;17.0;"Y"
"051323";"COLORADO RIVER MEDICAL CENTER";"CA";"MORT_30_COPD";"Death rate for COPD patients";25;8.0;"Y"
"051324";"NORTHERN INYO HOSPITAL";"CA";"MORT_30_HF";"Death rate for heart failure patients";34;13.0;"Y"
"051325";"MENDOCINO COAST DISTRICT HOSPITAL";"CA";"MORT_30_HF";"Death rate for heart failure patients";56;11.0;"Y"
"051326";"PLUMAS DISTRICT HOSPITAL";"CA";"MORT_30_PN";"Death rate for pneumonia patients";26;18.0;"Y"
"051328";"TAHOE FOREST HOSPITAL";"CA";"MORT_30_HF";"Death rate for heart failure patients";57;10.0;"Y"
"051329";"SUTTER LAKESIDE HOSPITAL";"CA";"MORT_30_COPD";"Death rate for COPD patients";46;10.0;"Y"
"051330";"MODOC MEDICAL CENTER";"CA";"MORT_30_COPD";"Death rate for COPD patients";25;10.0;"N"
"051331";"SANTA YNEZ VALLEY COTTAGE HOSPITAL";"CA";"MORT_30_PN";"Death rate for pneumonia patients";43;13.0;"Y"
"051332";"MARK TWAIN MEDICAL CENTER";"CA";"MORT_30_COPD";"Death rate for COPD patients";38;9.0;"Y"
"060001";"BANNER NORTH COLORADO MEDICAL CENTER";"CO";"MORT_30_AMI";"Death rate for heart attack patients";101;13.0;"Y"
"060003";"LONGMONT UNITED HOSPITAL";"CO";"MORT_30_AMI";"Death rate for heart attack patients";28;12.0;"Y"
"060004";"INTERMOUNTAIN HEALTH PLATTE VALLEY HOSPITAL";"CO";"MORT_30_AMI";"Death rate for heart attack patients";26;13.0;"Y"
"060006";"MONTROSE REGIONAL HEALTH";"CO";"MORT_30_AMI";"Death rate for heart attack patients";70;12.0;"Y"
"060008";"SAN LUIS VALLEY REGIONAL  MEDICAL CENTER";"CO";"MORT_30_PN";"Death rate for pneumonia patients";47;17.0;"Y"
"060009";"LUTHERAN MEDICAL CENTER";"CO";"MORT_30_AMI";"Death rate for heart attack patients";86;11.0;"Y"
"060010";"POUDRE VALLEY HOSPITAL";"CO";"MORT_30_AMI";"Death rate for heart attack patients";144;12.0;"Y"
"060011";"DENVER HEALTH & HOSPITAL AUTHORITY";"CO";"MORT_30_COPD";"Death rate for COPD patients";27;8.0;"Y"
"060012";"ST MARY CORWIN MED CTR, CENTURA HEALTH";"CO";"MORT_30_HF";"Death rate for heart failure patients";45;11.0;"Y"
"060013";"MERCY REGIONAL MEDICAL CENTER";"CO";"MORT_30_AMI";"Death rate for heart attack patients";133;10.0;"Y"
"060014";"HCA HEALTHONE PRESBYTERIAN ST LUKES";"CO";"MORT_30_HF";"Death rate for heart failure patients";44;14.0;"Y"
"060015";"CENTURA HEALTH-ST ANTHONY HOSPITAL";"CO";"MORT_30_AMI";"Death rate for heart attack patients";148;11.0;"Y"
"060020";"PARKVIEW MEDICAL CENTER, INC";"CO";"MORT_30_AMI";"Death rate for heart attack patients";173;11.0;"Y"
"060022";"UCH-MEMORIAL HEALTH SYSTEM";"CO";"MORT_30_AMI";"Death rate for heart attack patients";284;10.0;"Y"
"060023";"INTERMOUNTAIN HEALTH ST. MARY'S REGIONAL HOSPITAL";"CO";"MORT_30_AMI";"Death rate for heart attack patients";291;12.0;"Y"
"060024";"UNIVERSITY OF COLORADO HOSPITAL AUTHORITY";"CO";"MORT_30_AMI";"Death rate for heart attack patients";113;11.0;"Y"
"060027";"BOULDER COMMUNITY HEALTH";"CO";"MORT_30_AMI";"Death rate for heart attack patients";92;11.0;"Y"
"060028";"SAINT JOSEPH HOSPITAL";"CO";"MORT_30_AMI";"Death rate for heart attack patients";29;13.0;"Y"
"060030";"BANNER MCKEE MEDICAL CENTER";"CO";"MORT_30_AMI";"Death rate for heart attack patients";38;13.0;"Y"
"060031";"CENTURA HEALTH-PENROSE ST FRANCIS HEALTH SERVICES";"CO";"MORT_30_AMI";"Death rate for heart attack patients";258;11.0;"Y"
"060032";"HCA HEALTHONE ROSE";"CO";"MORT_30_AMI";"Death rate for heart attack patients";58;11.0;"Y"
"060034";"HCA-HEALTHONE DBA SWEDISH MEDICAL CENTER";"CO";"MORT_30_AMI";"Death rate for heart attack patients";87;11.0;"Y"
"060044";"ST ELIZABETH HOSPITAL";"CO";"MORT_30_HF";"Death rate for heart failure patients";25;11.0;"Y"
"060049";"UCHEALTH YAMPA VALLEY MEDICAL CENTER";"CO";"MORT_30_PN";"Death rate for pneumonia patients";31;15.0;"Y"
"060054";"COMMUNITY HOSPITAL";"CO";"MORT_30_COPD";"Death rate for COPD patients";26;10.0;"Y"
"06005F";"VA EASTERN COLORADO HEALTHCARE SYSTEM";"CO";"MORT_30_AMI";"Death rate for heart attack patients";54;11.0;"N"
"060064";"CENTURA HEALTH-PORTER ADVENTIST HOSPITAL";"CO";"MORT_30_AMI";"Death rate for heart attack patients";38;12.0;"Y"
"060065";"HCA HEALTHONE MOUNTAIN RIDGE";"CO";"MORT_30_AMI";"Death rate for heart attack patients";53;13.0;"Y"
"060071";"DELTA COUNTY MEMORIAL HOSPITAL";"CO";"MORT_30_HF";"Death rate for heart failure patients";57;14.0;"Y"
"060075";"VALLEY VIEW HOSPITAL ASSOCIATION";"CO";"MORT_30_AMI";"Death rate for heart attack patients";83;10.0;"Y"
"060076";"STERLING REGIONAL MEDCENTER";"CO";"MORT_30_HF";"Death rate for heart failure patients";35;12.0;"Y"
"06007F";"GRAND JUNCTION VA MEDICAL CENTER";"CO";"MORT_30_COPD";"Death rate for COPD patients";58;11.0;"N"
"060096";"VAIL HEALTH HOSPITAL";"CO";"MORT_30_HF";"Death rate for heart failure patients";42;11.0;"Y"
"060100";"THE MEDICAL CENTER OF AURORA & SOUTH HOSPITAL";"CO";"MORT_30_AMI";"Death rate for heart attack patients";118;10.0;"Y"
"060103";"CENTURA HEALTH-AVISTA ADVENTIST HOSPITAL";"CO";"MORT_30_HF";"Death rate for heart failure patients";32;14.0;"Y"
"060104";"CENTURA HEALTH-ST ANTHONY NORTH HEALTH CAMPUS";"CO";"MORT_30_AMI";"Death rate for heart attack patients";60;11.0;"Y"
"060112";"SKY RIDGE MEDICAL CENTER";"CO";"MORT_30_AMI";"Death rate for heart attack patients";71;11.0;"Y"
"060113";"LITTLETON ADVENTIST HOSPITAL, CENTURA HEALTH";"CO";"MORT_30_AMI";"Death rate for heart attack patients";84;13.0;"Y"
"060114";"PARKER ADVENTIST HOSPITAL";"CO";"MORT_30_AMI";"Death rate for heart attack patients";67;11.0;"Y"
"060116";"GOOD SAMARITAN MEDICAL CENTER LLC";"CO";"MORT_30_AMI";"Death rate for heart attack patients";37;11.0;"Y"
"060119";"MEDICAL CENTER OF THE ROCKIES";"CO";"MORT_30_AMI";"Death rate for heart attack patients";228;10.0;"Y"
"060125";"ADVENTHEALTH CASTLE ROCK";"CO";"MORT_30_AMI";"Death rate for heart attack patients";36;13.0;"Y"
"060128";"LONGS PEAK HOSPITAL";"CO";"MORT_30_AMI";"Death rate for heart attack patients";53;11.0;"Y"
"060129";"UCHEALTH BROOMFIELD HOSPITAL";"CO";"MORT_30_PN";"Death rate for pneumonia patients";25;15.0;"Y"
"060130";"UCHEALTH GRANDVIEW HOSPITAL";"CO";"MORT_30_PN";"Death rate for pneumonia patients";48;12.0;"Y"
"060131";"UCHEALTH GREELEY HOSPITAL";"CO";"MORT_30_AMI";"Death rate for heart attack patients";55;12.0;"Y"
"060132";"UCHEALTH HIGHLANDS RANCH HOSPITAL";"CO";"MORT_30_AMI";"Death rate for heart attack patients";39;12.0;"Y"
"061301";"RIO GRANDE HOSPITAL";"CO";"MORT_30_COPD";"Death rate for COPD patients";39;9.0;"Y"
"061302";"FAMILY HEALTH WEST HOSPITAL";"CO";"MORT_30_PN";"Death rate for pneumonia patients";27;15.0;"Y"
"061303";"EAST MORGAN COUNTY HOSPITAL";"CO";"MORT_30_PN";"Death rate for pneumonia patients";61;18.0;"Y"
"061306";"LINCOLN HEALTH HOSPITAL";"CO";"MORT_30_HF";"Death rate for heart failure patients";25;12.0;"Y"
"061311";"SOUTHEAST COLORADO HOSPITAL DISTRICT";"CO";"MORT_30_PN";"Death rate for pneumonia patients";27;19.0;"N"
"061314";"MEMORIAL HOSPITAL, THE";"CO";"MORT_30_PN";"Death rate for pneumonia patients";27;15.0;"N"
"061321";"MT SAN RAFAEL HOSPITAL";"CO";"MORT_30_COPD";"Death rate for COPD patients";27;10.0;"Y"
"061322";"HEART OF THE ROCKIES REGIONAL MEDICAL CENTER";"CO";"MORT_30_COPD";"Death rate for COPD patients";27;10.0;"Y"
"061324";"ASPEN VALLEY HOSPITAL";"CO";"MORT_30_PN";"Death rate for pneumonia patients";27;15.0;"Y"
"061325";"EASTERN RIO BLANCO COUNTY HEALTH SERVICE DISTRICT";"CO";"MORT_30_PN";"Death rate for pneumonia patients";28;19.0;"N"
"061326";"UCHEALTH PIKES PEAK REGIONAL HOSPITAL";"CO";"MORT_30_PN";"Death rate for pneumonia patients";26;17.0;"Y"
"061327";"SOUTHWEST MEMORIAL HOSPITAL";"CO";"MORT_30_HF";"Death rate for heart failure patients";33;16.0;"Y"
"061344";"ST THOMAS MORE HOSPITAL";"CO";"MORT_30_COPD";"Death rate for COPD patients";32;10.0;"Y"
"070002";"ST FRANCIS HOSPITAL & MEDICAL CENTER";"CT";"MORT_30_AMI";"Death rate for heart attack patients";227;12.0;"Y"
"070003";"DAY KIMBALL HOSPITAL";"CT";"MORT_30_COPD";"Death rate for COPD patients";83;10.0;"N"
"070004";"SHARON HOSPITAL";"CT";"MORT_30_COPD";"Death rate for COPD patients";36;10.0;"Y"
"070005";"WATERBURY HOSPITAL";"CT";"MORT_30_AMI";"Death rate for heart attack patients";93;11.0;"Y"
"070006";"STAMFORD HOSPITAL";"CT";"MORT_30_AMI";"Death rate for heart attack patients";133;11.0;"Y"
"070007";"LAWRENCE & MEMORIAL HOSPITAL";"CT";"MORT_30_AMI";"Death rate for heart attack patients";173;12.0;"Y"
"070008";"JOHNSON MEMORIAL HOSPITAL";"CT";"MORT_30_COPD";"Death rate for COPD patients";37;8.0;"Y"
"070010";"BRIDGEPORT HOSPITAL";"CT";"MORT_30_AMI";"Death rate for heart attack patients";149;12.0;"Y"
"070011";"CHARLOTTE HUNGERFORD HOSPITAL";"CT";"MORT_30_COPD";"Death rate for COPD patients";124;7.0;"Y"
"070016";"SAINT MARY'S HOSPITAL";"CT";"MORT_30_AMI";"Death rate for heart attack patients";88;11.0;"Y"
"070017";"MIDSTATE MEDICAL CENTER";"CT";"MORT_30_AMI";"Death rate for heart attack patients";38;14.0;"Y"
"070018";"GREENWICH HOSPITAL ASSOCIATION -";"CT";"MORT_30_AMI";"Death rate for heart attack patients";113;11.0;"Y"
"070020";"MIDDLESEX HOSPITAL";"CT";"MORT_30_AMI";"Death rate for heart attack patients";44;13.0;"Y"
"070021";"WINDHAM COMMUNITY MEMORIAL HOSPITAL";"CT";"MORT_30_COPD";"Death rate for COPD patients";48;9.0;"Y"
"070022";"YALE-NEW HAVEN HOSPITAL";"CT";"MORT_30_AMI";"Death rate for heart attack patients";395;10.0;"Y"
"070024";"WILLIAM W BACKUS HOSPITAL";"CT";"MORT_30_AMI";"Death rate for heart attack patients";27;11.0;"Y"
"070025";"HARTFORD HOSPITAL";"CT";"MORT_30_AMI";"Death rate for heart attack patients";567;10.0;"Y"
"070027";"MANCHESTER MEMORIAL HOSPITAL";"CT";"MORT_30_COPD";"Death rate for COPD patients";51;7.0;"N"
"070028";"ST VINCENT'S MEDICAL CENTER";"CT";"MORT_30_AMI";"Death rate for heart attack patients";137;12.0;"Y"
"070029";"BRISTOL HOSPITAL";"CT";"MORT_30_COPD";"Death rate for COPD patients";80;9.0;"Y"
"070031";"GRIFFIN HOSPITAL";"CT";"MORT_30_COPD";"Death rate for COPD patients";96;7.0;"Y"
"070033";"DANBURY HOSPITAL";"CT";"MORT_30_AMI";"Death rate for heart attack patients";270;12.0;"Y"
"070034";"NORWALK HOSPITAL";"CT";"MORT_30_AMI";"Death rate for heart attack patients";114;11.0;"Y"
"070035";"THE HOSPITAL OF CENTRAL CONNECTICUT";"CT";"MORT_30_AMI";"Death rate for heart attack patients";62;13.0;"Y"
"070036";"JOHN DEMPSEY HOSPITAL OF THE UNIVERSITY OF CONNECT";"CT";"MORT_30_AMI";"Death rate for heart attack patients";73;13.0;"Y"
"07003F";"WEST HAVEN VA MEDICAL CENTER";"CT";"MORT_30_AMI";"Death rate for heart attack patients";50;13.0;"N"
"080001";"CHRISTIANA HOSPITAL";"DE";"MORT_30_AMI";"Death rate for heart attack patients";578;12.0;"Y"
"080003";"ST FRANCIS HOSPITAL";"DE";"MORT_30_AMI";"Death rate for heart attack patients";41;13.0;"Y"
"080004";"BAYHEALTH MEDICAL CENTER, KENT CAMPUS";"DE";"MORT_30_AMI";"Death rate for heart attack patients";235;13.0;"Y"
"080006";"TIDALHEALTH NANTICOKE, INC.";"DE";"MORT_30_AMI";"Death rate for heart attack patients";112;10.0;"Y"
"080007";"BEEBE MEDICAL CENTER";"DE";"MORT_30_AMI";"Death rate for heart attack patients";287;13.0;"Y"
"080009";"BAYHEALTH HOSPITAL, SUSSEX CAMPUS";"DE";"MORT_30_AMI";"Death rate for heart attack patients";62;14.0;"Y"
"08002F";"WILMINGTON VA MEDICAL CENTER";"DE";"MORT_30_COPD";"Death rate for COPD patients";190;7.0;"N"
"090001";"GEORGE WASHINGTON UNIV HOSPITAL";"DC";"MORT_30_AMI";"Death rate for heart attack patients";102;11.0;"Y"
"090003";"HOWARD UNIVERSITY HOSPITAL CORP";"DC";"MORT_30_AMI";"Death rate for heart attack patients";43;11.0;"Y"
"090004";"MEDSTAR GEORGETOWN UNIVERSITY HOSPITAL";"DC";"MORT_30_COPD";"Death rate for COPD patients";33;7.0;"Y"
"090005";"SIBLEY MEMORIAL HOSPITAL";"DC";"MORT_30_AMI";"Death rate for heart attack patients";53;12.0;"Y"
"090008";"UNITED MEDICAL CENTER";"DC";"MORT_30_COPD";"Death rate for COPD patients";43;9.0;"Y"
"090011";"MEDSTAR WASHINGTON HOSPITAL CENTER";"DC";"MORT_30_AMI";"Death rate for heart attack patients";428;9.0;"Y"
"09002F";"WASHINGTON DC VA MEDICAL CENTER";"DC";"MORT_30_AMI";"Death rate for heart attack patients";80;12.0;"N"
"100001";"SHANDS JACKSONVILLE";"FL";"MORT_30_AMI";"Death rate for heart attack patients";130;12.0;"Y"
"100002";"BETHESDA HOSPITAL EAST";"FL";"MORT_30_AMI";"Death rate for heart attack patients";265;13.0;"N"
"100006";"ORLANDO HEALTH";"FL";"MORT_30_AMI";"Death rate for heart attack patients";444;13.0;"Y"
"100007";"ADVENTHEALTH ORLANDO";"FL";"MORT_30_AMI";"Death rate for heart attack patients";818;10.0;"Y"
"100008";"BAPTIST HOSPITAL OF MIAMI";"FL";"MORT_30_AMI";"Death rate for heart attack patients";167;13.0;"Y"
"100012";"LEE MEMORIAL HOSPITAL";"FL";"MORT_30_AMI";"Death rate for heart attack patients";570;12.0;"Y"
"100014";"ADVENTHEALTH NEW SMYRNA BEACH";"FL";"MORT_30_AMI";"Death rate for heart attack patients";117;10.0;"Y"
"100017";"HALIFAX HEALTH MEDICAL CENTER";"FL";"MORT_30_AMI";"Death rate for heart attack patients";157;12.0;"Y"
"100018";"NAPLES COMMUNITY HOSPITAL";"FL";"MORT_30_AMI";"Death rate for heart attack patients";563;9.0;"Y"
"100019";"HOLMES REGIONAL MEDICAL CENTER";"FL";"MORT_30_AMI";"Death rate for heart attack patients";233;11.0;"Y"
"100022";"JACKSON HEALTH SYSTEM";"FL";"MORT_30_AMI";"Death rate for heart attack patients";182;13.0;"Y"
"100023";"HCA FLORIDA CITRUS HOSPITAL";"FL";"MORT_30_AMI";"Death rate for heart attack patients";261;11.0;"Y"
"100025";"SACRED HEART HOSPITAL";"FL";"MORT_30_AMI";"Death rate for heart attack patients";182;12.0;"N"
"100026";"ASCENSION SACRED HEART BAY";"FL";"MORT_30_AMI";"Death rate for heart attack patients";165;15.0;"N"
"100028";"PARRISH MEDICAL CENTER";"FL";"MORT_30_AMI";"Death rate for heart attack patients";75;14.0;"Y"
"100029";"NORTH SHORE MEDICAL CENTER";"FL";"MORT_30_AMI";"Death rate for heart attack patients";58;12.0;"Y"
"100030";"ORLANDO HEALTH-HEALTH CENTRAL HOSPITAL";"FL";"MORT_30_AMI";"Death rate for heart attack patients";103;11.0;"Y"
"100032";"ORLANDO HEALTH BAYFRONT HOSPITAL";"FL";"MORT_30_AMI";"Death rate for heart attack patients";45;13.0;"Y"
"100034";"MOUNT SINAI MEDICAL CENTER OF FLORIDA, INC";"FL";"MORT_30_AMI";"Death rate for heart attack patients";254;11.0;"Y"
"100035";"MANATEE MEMORIAL HOSPITAL";"FL";"MORT_30_AMI";"Death rate for heart attack patients";190;12.0;"Y"
"100038";"MEMORIAL REGIONAL HOSPITAL";"FL";"MORT_30_AMI";"Death rate for heart attack patients";135;12.0;"Y"
"100039";"BROWARD HEALTH MEDICAL CENTER";"FL";"MORT_30_AMI";"Death rate for heart attack patients";133;12.0;"Y"
"100040";"ASCENSION ST VINCENT'S RIVERSIDE";"FL";"MORT_30_AMI";"Death rate for heart attack patients";193;12.0;"N"
"100043";"MEASE DUNEDIN HOSPITAL";"FL";"MORT_30_COPD";"Death rate for COPD patients";60;10.0;"Y"
"100044";"CLEVELAND CLINIC MARTIN NORTH HOSPITAL";"FL";"MORT_30_AMI";"Death rate for heart attack patients";371;12.0;"Y"
"100045";"ADVENTHEALTH DELAND";"FL";"MORT_30_AMI";"Death rate for heart attack patients";89;12.0;"Y"
"100046";"FLORIDA HOSPITAL ZEPHYRHILLS";"FL";"MORT_30_AMI";"Death rate for heart attack patients";149;11.0;"Y"
"100047";"SHOREPOINT HEALTH PUNTA GORDA";"FL";"MORT_30_AMI";"Death rate for heart attack patients";30;13.0;"Y"
"100049";"HCA FLORIDA HIGHLANDS HOSPITAL";"FL";"MORT_30_AMI";"Death rate for heart attack patients";50;14.0;"Y"
"100050";"LARKIN COMMUNITY HOSPITAL PALM SPRINGS CAMPUS";"FL";"MORT_30_COPD";"Death rate for COPD patients";40;7.0;"Y"
"100051";"ORLANDO HEALTH SOUTH LAKE HOSPITAL";"FL";"MORT_30_AMI";"Death rate for heart attack patients";261;13.0;"Y"
"100052";"WINTER HAVEN HOSPITAL";"FL";"MORT_30_AMI";"Death rate for heart attack patients";171;12.0;"Y"
"100053";"HIALEAH HOSPITAL";"FL";"MORT_30_AMI";"Death rate for heart attack patients";39;11.0;"Y"
"100054";"HCA FLORIDA TWIN CITIES HOSPITAL";"FL";"MORT_30_COPD";"Death rate for COPD patients";60;8.0;"Y"
"100055";"ADVENTHEALTH NORTH PINELLAS";"FL";"MORT_30_AMI";"Death rate for heart attack patients";99;12.0;"Y"
"100057";"ADVENTHEALTH WATERMAN";"FL";"MORT_30_AMI";"Death rate for heart attack patients";308;12.0;"Y"
"100062";"ADVENTHEALTH OCALA";"FL";"MORT_30_AMI";"Death rate for heart attack patients";307;11.0;"Y"
"100063";"MORTON PLANT NORTH BAY HOSPITAL";"FL";"MORT_30_AMI";"Death rate for heart attack patients";94;13.0;"Y"
"100067";"ST ANTHONYS HOSPITAL";"FL";"MORT_30_AMI";"Death rate for heart attack patients";146;12.0;"Y"
"100068";"ADVENTHEALTH DAYTONA BEACH";"FL";"MORT_30_AMI";"Death rate for heart attack patients";256;11.0;"Y"
"100069";"FLORIDA HOSPITAL CARROLLWOOD";"FL";"MORT_30_AMI";"Death rate for heart attack patients";41;11.0;"Y"
"100071";"TAMPA GENERAL HOSPITAL BROOKSVILLE";"FL";"MORT_30_AMI";"Death rate for heart attack patients";105;15.0;"N"
"100072";"ADVENTHEALTH FISH MEMORIAL";"FL";"MORT_30_AMI";"Death rate for heart attack patients";127;11.0;"Y"
"100073";"HOLY CROSS HOSPITAL";"FL";"MORT_30_AMI";"Death rate for heart attack patients";247;12.0;"Y"
"100075";"ST JOSEPHS HOSPITAL";"FL";"MORT_30_AMI";"Death rate for heart attack patients";427;13.0;"Y"
"100077";"SHOREPOINT HEALTH PORT CHARLOTTE";"FL";"MORT_30_AMI";"Death rate for heart attack patients";147;12.0;"Y"
"100080";"HCA FLORIDA JFK HOSPITAL";"FL";"MORT_30_AMI";"Death rate for heart attack patients";267;11.0;"Y"
"100084";"UF HEALTH LEESBURG HOSPITAL";"FL";"MORT_30_AMI";"Death rate for heart attack patients";333;14.0;"Y"
"100086";"BROWARD HEALTH NORTH";"FL";"MORT_30_AMI";"Death rate for heart attack patients";71;13.0;"Y"
"100087";"SARASOTA MEMORIAL HOSPITAL";"FL";"MORT_30_AMI";"Death rate for heart attack patients";702;10.0;"Y"
"100088";"BAPTIST HEALTH MEDICAL CENTER - JACKSONVILLE";"FL";"MORT_30_AMI";"Death rate for heart attack patients";545;11.0;"Y"
"100090";"FLAGLER HOSPITAL";"FL";"MORT_30_AMI";"Death rate for heart attack patients";229;13.0;"Y"
"100092";"ORLANDO HEALTH ROCKLEDGE HOSPITAL";"FL";"MORT_30_AMI";"Death rate for heart attack patients";115;10.0;"Y"
"100093";"BAPTIST HOSPITAL";"FL";"MORT_30_AMI";"Death rate for heart attack patients";252;14.0;"Y"
"100099";"ADVENTHEALTH LAKE WALES";"FL";"MORT_30_AMI";"Death rate for heart attack patients";33;13.0;"Y"
"10009F";"BAY PINES VA MEDICAL CENTER";"FL";"MORT_30_AMI";"Death rate for heart attack patients";130;11.0;"N"
"100105";"CLEVELAND CLINIC INDIAN RIVER HOSPITAL";"FL";"MORT_30_AMI";"Death rate for heart attack patients";315;12.0;"Y"
"100107";"HCA FLORIDA LEHIGH REGIONAL MEDICAL CENTER";"FL";"MORT_30_COPD";"Death rate for COPD patients";25;8.0;"Y"
"100109";"ADVENTHEALTH SEBRING";"FL";"MORT_30_AMI";"Death rate for heart attack patients";428;11.0;"Y"
"100110";"HCA FLORIDA OSCEOLA HOSPITAL";"FL";"MORT_30_AMI";"Death rate for heart attack patients";126;14.0;"Y"
"100113";"UF HEALTH SHANDS HOSPITAL";"FL";"MORT_30_AMI";"Death rate for heart attack patients";187;11.0;"Y"
"100117";"BAPTIST MEDICAL CENTER  BEACHES";"FL";"MORT_30_AMI";"Death rate for heart attack patients";93;12.0;"Y"
"100118";"FLORIDA HOSPITAL FLAGLER";"FL";"MORT_30_AMI";"Death rate for heart attack patients";185;12.0;"Y"
"100121";"BARTOW REGIONAL MEDICAL CENTER";"FL";"MORT_30_AMI";"Death rate for heart attack patients";46;12.0;"Y"
"100122";"NORTH OKALOOSA MEDICAL CENTER";"FL";"MORT_30_AMI";"Death rate for heart attack patients";100;11.0;"Y"
"100124";"SANTA ROSA MEDICAL CENTER";"FL";"MORT_30_COPD";"Death rate for COPD patients";85;7.0;"Y"
"100125";"HOMESTEAD HOSPITAL";"FL";"MORT_30_COPD";"Death rate for COPD patients";50;9.0;"Y"
"100126";"HCA FLORIDA PASADENA HOSPITAL";"FL";"MORT_30_AMI";"Death rate for heart attack patients";47;12.0;"Y"
"100127";"MORTON PLANT HOSPITAL";"FL";"MORT_30_AMI";"Death rate for heart attack patients";275;12.0;"Y"
"100128";"TAMPA GENERAL HOSPITAL";"FL";"MORT_30_AMI";"Death rate for heart attack patients";162;12.0;"Y"
"100131";"HCA FLORIDA AVENTURA HOSPITAL";"FL";"MORT_30_AMI";"Death rate for heart attack patients";117;13.0;"Y"
"100132";"SOUTH FLORIDA BAPTIST HOSPITAL";"FL";"MORT_30_AMI";"Death rate for heart attack patients";58;14.0;"Y"
"100134";"ED FRASER MEMORIAL HOSPITAL";"FL";"MORT_30_HF";"Death rate for heart failure patients";32;16.0;"Y"
"100135";"TALLAHASSEE MEMORIAL HEALTHCARE";"FL";"MORT_30_AMI";"Death rate for heart attack patients";196;13.0;"Y"
"100137";"ADVENTHEALTH HEART OF FLORIDA";"FL";"MORT_30_AMI";"Death rate for heart attack patients";85;14.0;"Y"
"100140";"BAPTIST MEDICAL CENTER - NASSAU";"FL";"MORT_30_AMI";"Death rate for heart attack patients";34;11.0;"Y"
"100142";"JACKSON HOSPITAL";"FL";"MORT_30_COPD";"Death rate for COPD patients";84;10.0;"N"
"100150";"LOWER KEYS MEDICAL CENTER";"FL";"MORT_30_COPD";"Death rate for COPD patients";25;9.0;"Y"
"100151";"MAYO CLINIC";"FL";"MORT_30_AMI";"Death rate for heart attack patients";148;11.0;"Y"
"100154";"SOUTH MIAMI HOSPITAL";"FL";"MORT_30_AMI";"Death rate for heart attack patients";132;13.0;"Y"
"100156";"HCA FLORIDA LAKE CITY HOSPITAL";"FL";"MORT_30_AMI";"Death rate for heart attack patients";85;12.0;"Y"
"100157";"LAKELAND REGIONAL MEDICAL CENTER";"FL";"MORT_30_AMI";"Death rate for heart attack patients";316;16.0;"Y"
"10015F";"VA NORTH FLORIDA/SOUTH GEORGIA HEALTHCARE SYSTEM - LAKE CITY";"FL";"MORT_30_COPD";"Death rate for COPD patients";156;7.0;"N"
"100161";"CENTRAL FLORIDA LAKE MONROE HOSPITAL";"FL";"MORT_30_AMI";"Death rate for heart attack patients";77;14.0;"Y"
"100166";"HCA FLORIDA SARASOTA DOCTORS HOSPITAL";"FL";"MORT_30_AMI";"Death rate for heart attack patients";118;13.0;"Y"
"100167";"HCA FLORIDA MERCY HOSPITAL";"FL";"MORT_30_AMI";"Death rate for heart attack patients";71;12.0;"Y"
"100168";"BOCA RATON REGIONAL HOSPITAL";"FL";"MORT_30_AMI";"Death rate for heart attack patients";307;13.0;"Y"
"100173";"ADVENTHEALTH TAMPA";"FL";"MORT_30_AMI";"Death rate for heart attack patients";120;13.0;"Y"
"100175";"DESOTO MEMORIAL HOSPITAL";"FL";"MORT_30_COPD";"Death rate for COPD patients";27;9.0;"Y"
"100176";"PALM BEACH GARDENS MEDICAL CENTER";"FL";"MORT_30_AMI";"Death rate for heart attack patients";170;11.0;"Y"
"100177";"CAPE CANAVERAL HOSPITAL";"FL";"MORT_30_AMI";"Death rate for heart attack patients";117;12.0;"Y"
"100179";"HCA FLORIDA MEMORIAL HOSPITAL";"FL";"MORT_30_AMI";"Death rate for heart attack patients";143;13.0;"Y"
"100180";"HCA FLORIDA ST PETERSBURG HOSPITAL";"FL";"MORT_30_COPD";"Death rate for COPD patients";43;9.0;"Y"
"100181";"LARKIN COMMUNITY HOSPITAL";"FL";"MORT_30_HF";"Death rate for heart failure patients";30;9.0;"Y"
"100183";"CORAL GABLES HOSPITAL";"FL";"MORT_30_COPD";"Death rate for COPD patients";31;8.0;"Y"
"100187";"PALMETTO GENERAL HOSPITAL";"FL";"MORT_30_AMI";"Death rate for heart attack patients";96;12.0;"Y"
"100189";"HCA FLORIDA NORTHWEST HOSPITAL";"FL";"MORT_30_AMI";"Death rate for heart attack patients";80;12.0;"Y"
"100191";"HCA FLORIDA TRINITY HOSPITAL";"FL";"MORT_30_AMI";"Death rate for heart attack patients";105;12.0;"Y"
"100200";"BROWARD HEALTH IMPERIAL POINT";"FL";"MORT_30_COPD";"Death rate for COPD patients";43;11.0;"Y"
"100204";"HCA FLORIDA NORTH FLORIDA HOSPITAL";"FL";"MORT_30_AMI";"Death rate for heart attack patients";348;11.0;"Y"
"100206";"HCA FLORIDA SOUTH TAMPA HOSPITAL";"FL";"MORT_30_AMI";"Death rate for heart attack patients";32;12.0;"Y"
"100209";"HCA FLORIDA KENDALL HOSPITAL";"FL";"MORT_30_AMI";"Death rate for heart attack patients";87;11.0;"Y"
"100211";"ADVENTHEALTH DADE CITY";"FL";"MORT_30_AMI";"Death rate for heart attack patients";53;12.0;"Y"
"100212";"MARION COMMUNTIY HOSPITAL";"FL";"MORT_30_AMI";"Death rate for heart attack patients";531;12.0;"Y"
"100213";"HCA FLORIDA BLAKE HOSPITAL";"FL";"MORT_30_AMI";"Death rate for heart attack patients";132;13.0;"Y"
"100217";"ORLANDO HEALTH SEBASTIAN RIVER HOSPITAL";"FL";"MORT_30_AMI";"Death rate for heart attack patients";77;13.0;"Y"
"100220";"GULF COAST MEDICAL CENTER LEE HEALTH";"FL";"MORT_30_AMI";"Death rate for heart attack patients";431;11.0;"Y"
"100223";"HCA FLORIDA FORT WALTON-DESTIN HOSPITAL";"FL";"MORT_30_AMI";"Death rate for heart attack patients";233;11.0;"Y"
"100224";"UNIVERSITY HOSPITAL AND MEDICAL CENTER";"FL";"MORT_30_COPD";"Death rate for COPD patients";41;8.0;"Y"
"100226";"HCA FLORIDA ORANGE PARK HOSPITAL";"FL";"MORT_30_AMI";"Death rate for heart attack patients";169;13.0;"Y"
"100228";"WESTSIDE REGIONAL MEDICAL CENTER";"FL";"MORT_30_AMI";"Death rate for heart attack patients";94;13.0;"Y"
"100230";"MEMORIAL HOSPITAL PEMBROKE";"FL";"MORT_30_COPD";"Death rate for COPD patients";45;8.0;"Y"
"100231";"HCA FLORIDA WEST HOSPITAL";"FL";"MORT_30_AMI";"Death rate for heart attack patients";237;11.0;"Y"
"100232";"HCA FLORIDA PUTNAM HOSPITAL";"FL";"MORT_30_AMI";"Death rate for heart attack patients";106;12.0;"Y"
"100236";"HCA FLORIDA FAWCETT HOSPITAL";"FL";"MORT_30_AMI";"Death rate for heart attack patients";215;11.0;"Y"
"100238";"HCA FLORIDA NORTHSIDE HOSPITAL";"FL";"MORT_30_AMI";"Death rate for heart attack patients";82;12.0;"Y"
"100242";"HCA FLORIDA GULF COAST HOSPITAL";"FL";"MORT_30_AMI";"Death rate for heart attack patients";125;13.0;"Y"
"100243";"HCA FLORIDA BRANDON HOSPITAL";"FL";"MORT_30_AMI";"Death rate for heart attack patients";138;12.0;"Y"
"100244";"CAPE CORAL HOSPITAL";"FL";"MORT_30_AMI";"Death rate for heart attack patients";35;14.0;"Y"
"100246";"HCA FLORIDA LAWNWOOD HOSPITAL";"FL";"MORT_30_AMI";"Death rate for heart attack patients";305;12.0;"Y"
"100248";"HCA FLORIDA LARGO HOSPITAL";"FL";"MORT_30_AMI";"Death rate for heart attack patients";136;13.0;"Y"
"100249";"TAMPA GENERAL HOSPITAL CRYSTAL RIVER";"FL";"MORT_30_AMI";"Death rate for heart attack patients";179;15.0;"Y"
"100252";"HCA FLORIDA RAULERSON HOSPITAL";"FL";"MORT_30_AMI";"Death rate for heart attack patients";52;11.0;"Y"
"100253";"JUPITER MEDICAL CENTER";"FL";"MORT_30_AMI";"Death rate for heart attack patients";167;13.0;"Y"
"100254";"HCA FLORIDA CAPITAL HOSPITAL";"FL";"MORT_30_AMI";"Death rate for heart attack patients";133;10.0;"Y"
"100256";"HCA FLORIDA BAYONET POINT HOSPITAL";"FL";"MORT_30_AMI";"Death rate for heart attack patients";141;13.0;"Y"
"100258";"DELRAY MEDICAL CENTER";"FL";"MORT_30_AMI";"Death rate for heart attack patients";317;11.0;"Y"
"100259";"HCA FLORIDA SOUTH SHORE HOSPITAL";"FL";"MORT_30_AMI";"Death rate for heart attack patients";92;12.0;"Y"
"100260";"ST LUCIE MEDICAL CENTER";"FL";"MORT_30_AMI";"Death rate for heart attack patients";92;12.0;"Y"
"100264";"HCA FLORIDA OAK HILL HOSPITAL";"FL";"MORT_30_AMI";"Death rate for heart attack patients";241;14.0;"Y"
"100265";"MEASE COUNTRYSIDE HOSPITAL";"FL";"MORT_30_AMI";"Death rate for heart attack patients";286;14.0;"Y"
"100266";"GULF BREEZE HOSPITAL";"FL";"MORT_30_COPD";"Death rate for COPD patients";69;8.0;"Y"
"100267";"HCA FLORIDA ENGLEWOOD HOSPITAL";"FL";"MORT_30_AMI";"Death rate for heart attack patients";177;12.0;"Y"
"100268";"WEST BOCA MEDICAL CENTER";"FL";"MORT_30_COPD";"Death rate for COPD patients";37;8.0;"Y"
"100269";"HCA FLORIDA PALMS WEST HOSPITAL";"FL";"MORT_30_AMI";"Death rate for heart attack patients";39;11.0;"Y"
"100275";"WELLINGTON REGIONAL MEDICAL CENTER";"FL";"MORT_30_AMI";"Death rate for heart attack patients";85;12.0;"Y"
"100276";"BROWARD HEALTH CORAL SPRINGS";"FL";"MORT_30_AMI";"Death rate for heart attack patients";63;11.0;"Y"
"100281";"MEMORIAL HOSPITAL WEST";"FL";"MORT_30_AMI";"Death rate for heart attack patients";100;11.0;"Y"
"100284";"KERALTY HOSPITAL";"FL";"MORT_30_COPD";"Death rate for COPD patients";44;8.0;"Y"
"100285";"MEMORIAL HOSPITAL MIRAMAR";"FL";"MORT_30_COPD";"Death rate for COPD patients";25;9.0;"Y"
"100286";"PHYSICIANS REGIONAL MEDICAL CENTER - PINE RIDGE";"FL";"MORT_30_AMI";"Death rate for heart attack patients";336;12.0;"Y"
"100287";"GOOD SAMARITAN MEDICAL CENTER";"FL";"MORT_30_AMI";"Death rate for heart attack patients";107;12.0;"Y"
"100288";"ST MARY'S MEDICAL CENTER";"FL";"MORT_30_HF";"Death rate for heart failure patients";45;12.0;"Y"
"100289";"CLEVELAND CLINIC HOSPITAL";"FL";"MORT_30_AMI";"Death rate for heart attack patients";88;10.0;"Y"
"100290";"VILLAGES REGIONAL HOSPITAL, THE";"FL";"MORT_30_AMI";"Death rate for heart attack patients";415;13.0;"Y"
"100291";"ORLANDO HEALTH MELBOURNE HOSPITAL";"FL";"MORT_30_AMI";"Death rate for heart attack patients";49;12.0;"Y"
"100292";"SACRED HEART HOSPITAL ON THE EMERALD COAST";"FL";"MORT_30_AMI";"Death rate for heart attack patients";64;13.0;"N"
"100296";"DOCTORS HOSPITAL";"FL";"MORT_30_COPD";"Death rate for COPD patients";40;7.0;"Y"
"100299";"LAKEWOOD RANCH MEDICAL CENTER";"FL";"MORT_30_AMI";"Death rate for heart attack patients";168;13.0;"Y"
"100302";"ORLANDO HEALTH ST CLOUD HOSPITAL";"FL";"MORT_30_AMI";"Death rate for heart attack patients";37;12.0;"Y"
"100307";"ASCENSION ST VINCENT'S SOUTHSIDE";"FL";"MORT_30_AMI";"Death rate for heart attack patients";81;11.0;"N"
"100313";"ASCENSION SACRED HEART GULF";"FL";"MORT_30_HF";"Death rate for heart failure patients";29;11.0;"N"
"100314";"WEST KENDALL BAPTIST HOSPITAL";"FL";"MORT_30_COPD";"Death rate for COPD patients";50;7.0;"Y"
"100315";"VIERA HOSPITAL";"FL";"MORT_30_AMI";"Death rate for heart attack patients";52;13.0;"Y"
"100316";"PALM BAY HOSPITAL";"FL";"MORT_30_AMI";"Death rate for heart attack patients";63;13.0;"Y"
"100319";"ADVENTHEALTH WESLEY CHAPEL";"FL";"MORT_30_AMI";"Death rate for heart attack patients";152;12.0;"Y"
"100320";"HCA FLORIDA POINCIANA HOSPITAL";"FL";"MORT_30_AMI";"Death rate for heart attack patients";44;12.0;"Y"
"100321";"ASCENSION ST VINCENT'S CLAY COUNTY";"FL";"MORT_30_AMI";"Death rate for heart attack patients";128;12.0;"N"
"100329";"OVIEDO MEDICAL CENTER";"FL";"MORT_30_COPD";"Death rate for COPD patients";39;7.0;"Y"
"100330";"HALIFAX HEALTH /UF HEALTH MEDICAL CENTER OF DELTON";"FL";"MORT_30_PN";"Death rate for pneumonia patients";59;15.0;"Y"
"100350";"UCF LAKE NONA HOSPITAL";"FL";"MORT_30_HF";"Death rate for heart failure patients";40;13.0;"Y"
"100359";"SARASOTA MEMORIAL HOSPITAL - VENICE";"FL";"MORT_30_AMI";"Death rate for heart attack patients";237;12.0;"Y"
"100360";"HCA FLORIDA UNIVERSITY HOSPITAL";"FL";"MORT_30_HF";"Death rate for heart failure patients";25;10.0;"Y"
"100361";"ASCENSION ST VINCENT'S ST JOHNS COUNTY";"FL";"MORT_30_HF";"Death rate for heart failure patients";30;9.0;"N"
"100362";"BAYCARE HOSPITAL WESLEY CHAPEL";"FL";"MORT_30_PN";"Death rate for pneumonia patients";31;15.0;"Y"
"100363";"ADVENTHEALTH PALM COAST PARKWAY";"FL";"MORT_30_HF";"Death rate for heart failure patients";53;9.0;"Y"
"10057F";"VA NORTH FLORIDA/SOUTH GEORGIA HEALTHCARE SYSTEM - GAINESVILLE";"FL";"MORT_30_AMI";"Death rate for heart attack patients";162;12.0;"N"
"10063F";"TAMPA VA MEDICAL CENTER";"FL";"MORT_30_AMI";"Death rate for heart attack patients";135;12.0;"N"
"10064F";"MIAMI VA MEDICAL CENTER";"FL";"MORT_30_AMI";"Death rate for heart attack patients";55;12.0;"N"
"10065F";"W PALM BEACH VA MEDICAL CENTER";"FL";"MORT_30_AMI";"Death rate for heart attack patients";105;11.0;"N"
"10099F";"ORLANDO VA MEDICAL CENTER";"FL";"MORT_30_AMI";"Death rate for heart attack patients";128;11.0;"N"
"101304";"CALHOUN-LIBERTY HOSPITAL";"FL";"MORT_30_PN";"Death rate for pneumonia patients";38;18.0;"Y"
"101307";"DOCTORS MEMORIAL HOSPITAL";"FL";"MORT_30_COPD";"Death rate for COPD patients";27;11.0;"Y"
"101308";"NORTHWEST FLORIDA COMMUNITY HOSPITAL";"FL";"MORT_30_COPD";"Death rate for COPD patients";25;9.0;"Y"
"101313";"MARINERS HOSPITAL";"FL";"MORT_30_COPD";"Death rate for COPD patients";28;8.0;"Y"
"110001";"HAMILTON MEDICAL CENTER";"GA";"MORT_30_AMI";"Death rate for heart attack patients";147;14.0;"Y"
"110002";"UPSON REGIONAL MEDICAL CENTER";"GA";"MORT_30_AMI";"Death rate for heart attack patients";47;14.0;"Y"
"110003";"Memorial Satilla Health";"GA";"MORT_30_AMI";"Death rate for heart attack patients";96;11.0;"Y"
"110005";"NORTHSIDE HOSPITAL FORSYTH";"GA";"MORT_30_AMI";"Death rate for heart attack patients";188;15.0;"Y"
"110006";"ST MARY'S HOSPITAL";"GA";"MORT_30_AMI";"Death rate for heart attack patients";139;14.0;"Y"
"110007";"PHOEBE PUTNEY MEMORIAL HOSPITAL";"GA";"MORT_30_AMI";"Death rate for heart attack patients";158;13.0;"Y"
"110008";"NORTHSIDE HOSPITAL CHEROKEE";"GA";"MORT_30_AMI";"Death rate for heart attack patients";197;13.0;"Y"
"110010";"EMORY UNIVERSITY HOSPITAL";"GA";"MORT_30_AMI";"Death rate for heart attack patients";62;12.0;"Y"
"110011";"TANNER MEDICAL CENTER - CARROLLTON";"GA";"MORT_30_AMI";"Death rate for heart attack patients";183;12.0;"Y"
"110015";"TANNER MEDICAL CENTER VILLA RICA";"GA";"MORT_30_AMI";"Death rate for heart attack patients";61;11.0;"Y"
"110016";"WELLSTAR WEST GEORGIA MEDICAL CENTER";"GA";"MORT_30_AMI";"Death rate for heart attack patients";68;12.0;"Y"
"110018";"PIEDMONT NEWTON HOSPITAL";"GA";"MORT_30_AMI";"Death rate for heart attack patients";45;11.0;"Y"
"110023";"ADVENTHEALTH GORDON";"GA";"MORT_30_AMI";"Death rate for heart attack patients";51;12.0;"Y"
"110024";"CANDLER HOSPITAL";"GA";"MORT_30_COPD";"Death rate for COPD patients";100;10.0;"Y"
"110025";"SOUTHEAST GEORGIA HEALTH SYSTEM- BRUNSWICK CAMPUS";"GA";"MORT_30_AMI";"Death rate for heart attack patients";141;14.0;"Y"
"110027";"TY COBB REGIONAL MEDICAL CENTER, LLC";"GA";"MORT_30_COPD";"Death rate for COPD patients";55;8.0;"Y"
"110028";"PIEDMONT AUGUSTA HOSPITAL";"GA";"MORT_30_AMI";"Death rate for heart attack patients";279;13.0;"Y"
"110029";"NORTHEAST GEORGIA MEDICAL CENTER, INC";"GA";"MORT_30_AMI";"Death rate for heart attack patients";675;12.0;"Y"
"110030";"PIEDMONT CARTERSVILLE MEDICAL CENTER";"GA";"MORT_30_AMI";"Death rate for heart attack patients";82;12.0;"Y"
"110031";"WELLSTAR SPALDING MEDICAL CENTER";"GA";"MORT_30_AMI";"Death rate for heart attack patients";114;13.0;"Y"
"110032";"STEPHENS COUNTY HOSPITAL";"GA";"MORT_30_COPD";"Death rate for COPD patients";27;7.0;"Y"
"110034";"WELLSTAR MCG HEALTH, AFFILIATED WITH MED COL";"GA";"MORT_30_AMI";"Death rate for heart attack patients";91;12.0;"N"
"110035";"WELLSTAR KENNESTONE REGIONAL MEDICAL CENTER";"GA";"MORT_30_AMI";"Death rate for heart attack patients";256;9.0;"Y"
"110036";"SAVANNAH HEALTH SERVICES LLC DBA MEMORIAL HEALTH UNIVERSITY MEDICAL CENTER";"GA";"MORT_30_AMI";"Death rate for heart attack patients";184;14.0;"Y"
"110038";"ARCHBOLD MEMORIAL HOSPITAL";"GA";"MORT_30_AMI";"Death rate for heart attack patients";155;12.0;"Y"
"110041";"NORTHEAST GEORGIA MEDICAL CENTER HABERSHAM";"GA";"MORT_30_COPD";"Death rate for COPD patients";28;9.0;"Y"
"110042";"WELLSTAR PAULDING MEDICAL CENTER";"GA";"MORT_30_AMI";"Death rate for heart attack patients";106;11.0;"Y"
"110043";"ST JOSEPH'S HOSPITAL - SAVANNAH";"GA";"MORT_30_AMI";"Death rate for heart attack patients";178;16.0;"Y"
"110044";"PHOEBE SUMTER MEDICAL CENTER";"GA";"MORT_30_COPD";"Death rate for COPD patients";55;9.0;"Y"
"110045";"NGMC BARROW, LLC";"GA";"MORT_30_COPD";"Death rate for COPD patients";26;8.0;"Y"
"110046";"PIEDMONT WALTON HOSPITAL";"GA";"MORT_30_AMI";"Death rate for heart attack patients";27;12.0;"Y"
"110050";"ADVENTHEALTH MURRAY";"GA";"MORT_30_HF";"Death rate for heart failure patients";51;10.0;"Y"
"110051";"UNION GENERAL HOSPITAL";"GA";"MORT_30_COPD";"Death rate for COPD patients";73;9.0;"Y"
"110054";"ATRIUM HEALTH FLOYD MEDICAL CENTER";"GA";"MORT_30_AMI";"Death rate for heart attack patients";162;11.0;"Y"
"110064";"PIEDMONT COLUMBUS REGIONAL MIDTOWN";"GA";"MORT_30_AMI";"Death rate for heart attack patients";74;14.0;"Y"
"110069";"HOUSTON HEALTHCARE";"GA";"MORT_30_AMI";"Death rate for heart attack patients";158;11.0;"Y"
"110071";"APPLING HEALTHCARE";"GA";"MORT_30_PN";"Death rate for pneumonia patients";27;18.0;"Y"
"110073";"DORMINY MEDICAL CENTER";"GA";"MORT_30_PN";"Death rate for pneumonia patients";33;23.0;"Y"
"110074";"PIEDMONT ATHENS REGIONAL MEDICAL CENTER";"GA";"MORT_30_AMI";"Death rate for heart attack patients";253;12.0;"Y"
"110075";"EAST GEORGIA REGIONAL MEDICAL CENTER";"GA";"MORT_30_AMI";"Death rate for heart attack patients";101;14.0;"Y"
"110076";"EMORY DECATUR HOSPITAL";"GA";"MORT_30_AMI";"Death rate for heart attack patients";90;14.0;"Y"
"110078";"EMORY UNIVERSITY HOSPITAL MIDTOWN";"GA";"MORT_30_AMI";"Death rate for heart attack patients";52;13.0;"Y"
"110079";"GRADY MEMORIAL HOSPITAL";"GA";"MORT_30_AMI";"Death rate for heart attack patients";30;11.0;"Y"
"110082";"SAINT JOSEPH'S HOSPITAL OF ATLANTA, INC";"GA";"MORT_30_AMI";"Death rate for heart attack patients";121;13.0;"Y"
"110083";"PIEDMONT HOSPITAL, INC";"GA";"MORT_30_AMI";"Death rate for heart attack patients";187;10.0;"Y"
"110086";"WASHINGTON COUNTY REGIONAL MEDICAL CENTER";"GA";"MORT_30_PN";"Death rate for pneumonia patients";50;17.0;"N"
"110087";"NORTHSIDE HOSPITAL GWINNETT";"GA";"MORT_30_AMI";"Death rate for heart attack patients";176;12.0;"Y"
"110089";"COFFEE REGIONAL MEDICAL CENTER, INC";"GA";"MORT_30_AMI";"Death rate for heart attack patients";45;12.0;"Y"
"110091";"PIEDMONT ROCKDALE HOSPITAL";"GA";"MORT_30_AMI";"Death rate for heart attack patients";76;12.0;"Y"
"110092";"DODGE COUNTY HOSPITAL";"GA";"MORT_30_PN";"Death rate for pneumonia patients";53;19.0;"Y"
"110095";"TIFT REGIONAL MEDICAL CENTER";"GA";"MORT_30_AMI";"Death rate for heart attack patients";85;14.0;"Y"
"110100";"JEFFERSON HOSPITAL";"GA";"MORT_30_PN";"Death rate for pneumonia patients";30;19.0;"Y"
"110104";"CRISP REGIONAL HOSPITAL";"GA";"MORT_30_COPD";"Death rate for COPD patients";52;8.0;"Y"
"110105";"COLQUITT REGIONAL MEDICAL CENTER";"GA";"MORT_30_COPD";"Death rate for COPD patients";70;8.0;"N"
"110107";"ATRIUM HEALTH NAVICENT THE MEDICAL CENTER";"GA";"MORT_30_AMI";"Death rate for heart attack patients";245;15.0;"Y"
"110109";"EMANUEL MEDICAL CENTER";"GA";"MORT_30_COPD";"Death rate for COPD patients";28;9.0;"Y"
"110111";"UNIVERSITY MCDUFFIE COUNTY REGIONAL MEDICAL CENTER";"GA";"MORT_30_PN";"Death rate for pneumonia patients";46;17.0;"Y"
"110121";"GRADY GENERAL HOSPITAL";"GA";"MORT_30_PN";"Death rate for pneumonia patients";30;20.0;"Y"
"110122";"SGMC HEALTH";"GA";"MORT_30_AMI";"Death rate for heart attack patients";195;13.0;"Y"
"110124";"WAYNE MEMORIAL HOSPITAL";"GA";"MORT_30_COPD";"Death rate for COPD patients";29;7.0;"Y"
"110125";"FAIRVIEW PARK HOSPITAL";"GA";"MORT_30_AMI";"Death rate for heart attack patients";79;15.0;"Y"
"110128";"MEMORIAL HEALTH MEADOWS HOSPITAL";"GA";"MORT_30_AMI";"Death rate for heart attack patients";76;12.0;"Y"
"110129";"ST FRANCIS HOSPITAL- EMORY HEALTHCARE";"GA";"MORT_30_AMI";"Death rate for heart attack patients";170;13.0;"Y"
"110132";"MEMORIAL HOSPITAL AND MANOR";"GA";"MORT_30_HF";"Death rate for heart failure patients";29;12.0;"N"
"110142";"EVANS MEMORIAL HOSPITAL";"GA";"MORT_30_PN";"Death rate for pneumonia patients";57;16.0;"N"
"110143";"WELLSTAR COBB MEDICAL CENTER";"GA";"MORT_30_AMI";"Death rate for heart attack patients";83;14.0;"Y"
"110146";"SOUTHEAST GEORGIA HEALTH SYSTEM -- CAMDEN CAMPUS";"GA";"MORT_30_HF";"Death rate for heart failure patients";43;11.0;"Y"
"110150";"NAVICENT HEALTH BALDWIN";"GA";"MORT_30_COPD";"Death rate for COPD patients";36;8.0;"Y"
"110153";"HOUSTON HEALTHCARE";"GA";"MORT_30_COPD";"Death rate for COPD patients";25;10.0;"N"
"110161";"NORTHSIDE HOSPITAL";"GA";"MORT_30_AMI";"Death rate for heart attack patients";76;13.0;"Y"
"110164";"COLISEUM MEDICAL CENTERS, LLC, DBA";"GA";"MORT_30_AMI";"Death rate for heart attack patients";132;12.0;"Y"
"110165";"SOUTHERN REGIONAL MEDICAL CENTER";"GA";"MORT_30_HF";"Death rate for heart failure patients";56;13.0;"Y"
"110168";"ADVENTHEALTH REDMOND";"GA";"MORT_30_AMI";"Death rate for heart attack patients";265;11.0;"Y"
"110177";"DOCTORS HOSPITAL";"GA";"MORT_30_AMI";"Death rate for heart attack patients";95;12.0;"Y"
"110184";"WELLSTAR DOUGLAS MEDICAL CENTER";"GA";"MORT_30_AMI";"Death rate for heart attack patients";47;12.0;"Y"
"110191";"PIEDMONT HENRY HOSPITAL";"GA";"MORT_30_AMI";"Death rate for heart attack patients";114;13.0;"Y"
"110192";"PIEDMONT EASTSIDE MEDICAL CENTER";"GA";"MORT_30_AMI";"Death rate for heart attack patients";92;13.0;"Y"
"110194";"DONALSONVILLE HOSPITAL INC";"GA";"MORT_30_PN";"Death rate for pneumonia patients";39;16.0;"Y"
"110198";"WELLSTAR NORTH FULTON MEDICAL CENTER";"GA";"MORT_30_AMI";"Death rate for heart attack patients";97;13.0;"Y"
"110200";"PIEDMONT COLUMBUS REGIONAL NORTHSIDE";"GA";"MORT_30_AMI";"Death rate for heart attack patients";28;12.0;"Y"
"110201";"PIEDMONT MACON NORTH HOSPITAL";"GA";"MORT_30_HF";"Death rate for heart failure patients";82;11.0;"Y"
"110215";"PIEDMONT FAYETTE HOSPITAL";"GA";"MORT_30_AMI";"Death rate for heart attack patients";155;9.0;"Y"
"110225";"PIEDMONT MOUNTAINSIDE HOSPITAL INC";"GA";"MORT_30_COPD";"Death rate for COPD patients";48;9.0;"Y"
"110226";"EMORY HILLANDALE HOSPITAL";"GA";"MORT_30_HF";"Death rate for heart failure patients";70;12.0;"Y"
"110229";"PIEDMONT NEWNAN HOSPITAL, INC";"GA";"MORT_30_AMI";"Death rate for heart attack patients";126;11.0;"Y"
"110230";"EMORY JOHNS CREEK HOSPITAL";"GA";"MORT_30_AMI";"Death rate for heart attack patients";90;13.0;"Y"
"110236";"CHI MEMORIAL HOSPITAL- GEORGIA";"GA";"MORT_30_HF";"Death rate for heart failure patients";43;13.0;"Y"
"110237";"NORTHEAST GEORGIA MEDICAL CENTER LUMPKIN";"GA";"MORT_30_COPD";"Death rate for COPD patients";40;8.0;"Y"
"110252";"NORTHSIDE HOSPITAL DULUTH";"GA";"MORT_30_COPD";"Death rate for COPD patients";47;9.0;"Y"
"11029F";"DECATUR (ATLANTA) VA MEDICAL CENTER";"GA";"MORT_30_AMI";"Death rate for heart attack patients";97;12.0;"N"
"11030F";"AUGUSTA VA MEDICAL CENTER";"GA";"MORT_30_AMI";"Death rate for heart attack patients";75;11.0;"N"
"11031F";"DUBLIN VA MEDICAL CENTER";"GA";"MORT_30_COPD";"Death rate for COPD patients";34;8.0;"N"
"111306";"EFFINGHAM HEALTH SYSTEM";"GA";"MORT_30_PN";"Death rate for pneumonia patients";26;14.0;"N"
"111310";"ATRIUM HEALTH NAVICENT PEACH";"GA";"MORT_30_COPD";"Death rate for COPD patients";31;10.0;"Y"
"111313";"PUTNAM GENERAL HOSPITAL";"GA";"MORT_30_PN";"Death rate for pneumonia patients";30;17.0;"Y"
"111324";"CHATUGE REGIONAL HOSPITAL";"GA";"MORT_30_PN";"Death rate for pneumonia patients";62;21.0;"Y"
"111327";"BACON COUNTY HOSPITAL";"GA";"MORT_30_PN";"Death rate for pneumonia patients";90;21.0;"Y"
"111329";"ST MARY'S GOOD SAMARITAN HOSPITAL";"GA";"MORT_30_COPD";"Death rate for COPD patients";34;10.0;"Y"
"111333";"JEFF DAVIS HOSPITAL";"GA";"MORT_30_PN";"Death rate for pneumonia patients";53;19.0;"Y"
"111335";"LIBERTY REGIONAL MEDICAL CENTER";"GA";"MORT_30_PN";"Death rate for pneumonia patients";27;15.0;"Y"
"111337";"ELBERT MEMORIAL HOSPITAL";"GA";"MORT_30_PN";"Death rate for pneumonia patients";43;17.0;"Y"
"120001";"THE QUEENS MEDICAL CENTER";"HI";"MORT_30_AMI";"Death rate for heart attack patients";248;12.0;"Y"
"120002";"MAUI MEMORIAL MEDICAL CENTER";"HI";"MORT_30_AMI";"Death rate for heart attack patients";87;12.0;"Y"
"120005";"HILO BENIOFF MEDICAL CENTER";"HI";"MORT_30_AMI";"Death rate for heart attack patients";144;12.0;"Y"
"120006";"ADVENTIST HEALTH CASTLE";"HI";"MORT_30_AMI";"Death rate for heart attack patients";118;12.0;"Y"
"120007";"KUAKINI MEDICAL CENTER";"HI";"MORT_30_AMI";"Death rate for heart attack patients";41;12.0;"Y"
"120011";"KAISER FOUNDATION HOSPITAL";"HI";"MORT_30_HF";"Death rate for heart failure patients";34;11.0;"Y"
"120014";"WILCOX MEMORIAL HOSPITAL";"HI";"MORT_30_HF";"Death rate for heart failure patients";117;16.0;"Y"
"120019";"KONA COMMUNITY HOSPITAL";"HI";"MORT_30_COPD";"Death rate for COPD patients";31;10.0;"Y"
"120022";"STRAUB CLINIC AND HOSPITAL";"HI";"MORT_30_AMI";"Death rate for heart attack patients";132;11.0;"Y"
"120026";"PALI MOMI MEDICAL CENTER";"HI";"MORT_30_AMI";"Death rate for heart attack patients";171;13.0;"Y"
"120028";"NORTH HAWAII COMMUNITY HOSPITAL, INC";"HI";"MORT_30_HF";"Death rate for heart failure patients";39;11.0;"Y"
"130002";"ST LUKES MAGIC VALLEY MEDICAL CENTER";"ID";"MORT_30_AMI";"Death rate for heart attack patients";197;12.0;"Y"
"130003";"ST JOSEPH REGIONAL MEDICAL CENTER";"ID";"MORT_30_AMI";"Death rate for heart attack patients";148;12.0;"Y"
"130006";"ST LUKE'S REGIONAL MEDICAL CENTER";"ID";"MORT_30_AMI";"Death rate for heart attack patients";361;12.0;"Y"
"130007";"SAINT ALPHONSUS REGIONAL MEDICAL CENTER";"ID";"MORT_30_AMI";"Death rate for heart attack patients";210;13.0;"Y"
"130013";"SAINT ALPHONSUS MEDICAL CENTER - NAMPA";"ID";"MORT_30_AMI";"Death rate for heart attack patients";101;11.0;"Y"
"130014";"WEST VALLEY MEDICAL CENTER";"ID";"MORT_30_HF";"Death rate for heart failure patients";66;11.0;"Y"
"130018";"EASTERN IDAHO REGIONAL MEDICAL CENTER";"ID";"MORT_30_AMI";"Death rate for heart attack patients";254;10.0;"Y"
"130025";"MADISON MEMORIAL HOSPITAL";"ID";"MORT_30_PN";"Death rate for pneumonia patients";30;15.0;"Y"
"130028";"PORTNEUF MEDICAL CENTER";"ID";"MORT_30_AMI";"Death rate for heart attack patients";131;12.0;"Y"
"13003F";"BOISE VA MEDICAL CENTER";"ID";"MORT_30_COPD";"Death rate for COPD patients";202;8.0;"N"
"130049";"KOOTENAI HEALTH";"ID";"MORT_30_AMI";"Death rate for heart attack patients";328;13.0;"Y"
"130071";"ST LUKE'S NAMPA MEDICAL CENTER";"ID";"MORT_30_AMI";"Death rate for heart attack patients";28;11.0;"Y"
"130074";"IDAHO FALLS COMMUNITY HOSPITAL, LLC";"ID";"MORT_30_COPD";"Death rate for COPD patients";61;10.0;"Y"
"131303";"NELL J REDFIELD MEMORIAL HOSPITAL";"ID";"MORT_30_PN";"Death rate for pneumonia patients";37;14.0;"Y"
"131305";"STEELE MEMORIAL MEDICAL CENTER";"ID";"MORT_30_HF";"Death rate for heart failure patients";26;12.0;"N"
"131311";"ST LUKE'S ELMORE MEDICAL CENTER";"ID";"MORT_30_COPD";"Death rate for COPD patients";27;8.0;"Y"
"131312";"ST LUKE'S MCCALL";"ID";"MORT_30_PN";"Death rate for pneumonia patients";25;16.0;"Y"
"131314";"SHOSHONE MEDICAL CENTER";"ID";"MORT_30_COPD";"Death rate for COPD patients";27;10.0;"N"
"131315";"SYRINGA GENERAL HOSPITAL";"ID";"MORT_30_PN";"Death rate for pneumonia patients";40;16.0;"Y"
"131316";"BEAR LAKE MEMORIAL HOSPITAL";"ID";"MORT_30_PN";"Death rate for pneumonia patients";31;18.0;"Y"
"131319";"MINIDOKA MEMORIAL HOSPITAL";"ID";"MORT_30_PN";"Death rate for pneumonia patients";26;18.0;"N"
"131320";"CLEARWATER VALLEY HOSPITAL & CLINICS";"ID";"MORT_30_COPD";"Death rate for COPD patients";35;11.0;"N"
"131321";"ST MARY'S HOSPITAL";"ID";"MORT_30_PN";"Death rate for pneumonia patients";41;18.0;"N"
"131322";"FRANKLIN COUNTY MEDICAL CENTER";"ID";"MORT_30_HF";"Death rate for heart failure patients";35;11.0;"Y"
"131323";"ST LUKE'S WOOD RIVER MEDICAL CENTER";"ID";"MORT_30_HF";"Death rate for heart failure patients";29;13.0;"Y"
"131325";"BINGHAM MEMORIAL HOSPITAL";"ID";"MORT_30_PN";"Death rate for pneumonia patients";37;18.0;"N"
"131326";"CASSIA REGIONAL HOSPITAL";"ID";"MORT_30_HF";"Death rate for heart failure patients";42;14.0;"Y"
"131327";"GRITMAN MEDICAL CENTER";"ID";"MORT_30_HF";"Death rate for heart failure patients";38;15.0;"N"
"131328";"BONNER GENERAL HOSPITAL";"ID";"MORT_30_COPD";"Death rate for COPD patients";28;13.0;"Y"
"140001";"GRAHAM HOSPITAL ASSOCIATION";"IL";"MORT_30_COPD";"Death rate for COPD patients";53;8.0;"Y"
"140002";"ALTON MEMORIAL HOSPITAL";"IL";"MORT_30_AMI";"Death rate for heart attack patients";74;10.0;"Y"
"140007";"SAINT JOSEPH MEDICAL CENTER";"IL";"MORT_30_AMI";"Death rate for heart attack patients";194;12.0;"N"
"140008";"LOYOLA GOTTLIEB MEMORIAL HOSPITAL";"IL";"MORT_30_AMI";"Death rate for heart attack patients";98;12.0;"Y"
"140010";"NORTHSHORE UNIVERSITY HEALTHSYSTEM - EVANSTON HOSPITAL";"IL";"MORT_30_AMI";"Death rate for heart attack patients";547;10.0;"Y"
"140011";"HERRIN HOSPITAL";"IL";"MORT_30_AMI";"Death rate for heart attack patients";32;14.0;"Y"
"140012";"OSF SAINT KATHARINE MEDICAL CENTER";"IL";"MORT_30_AMI";"Death rate for heart attack patients";76;13.0;"Y"
"140013";"PROCTOR HOSPITAL";"IL";"MORT_30_AMI";"Death rate for heart attack patients";42;13.0;"Y"
"140015";"BLESSING HOSPITAL";"IL";"MORT_30_AMI";"Death rate for heart attack patients";239;11.0;"Y"
"140018";"MT SINAI HOSPITAL MEDICAL CENTER";"IL";"MORT_30_AMI";"Death rate for heart attack patients";33;12.0;"Y"
"140029";"COPLEY MEMORIAL HOSPITAL";"IL";"MORT_30_AMI";"Death rate for heart attack patients";164;12.0;"Y"
"140030";"ADVOCATE SHERMAN HOSPITAL";"IL";"MORT_30_AMI";"Death rate for heart attack patients";155;12.0;"Y"
"140032";"ST ANTHONYS MEMORIAL HOSPITAL";"IL";"MORT_30_AMI";"Death rate for heart attack patients";31;13.0;"Y"
"140034";"SSM HEALTH ST MARY'S HOSPITAL -CENTRALIA";"IL";"MORT_30_COPD";"Death rate for COPD patients";102;9.0;"Y"
"14003F";"JESSE BROWN VA MEDICAL CENTER - VA CHICAGO HEALTHCARE SYSTEM";"IL";"MORT_30_AMI";"Death rate for heart attack patients";76;11.0;"N"
"140043";"CGH MEDICAL CENTER";"IL";"MORT_30_AMI";"Death rate for heart attack patients";105;13.0;"N"
"140046";"GOOD SAMARITAN REGIONAL HLTH CENTER";"IL";"MORT_30_AMI";"Death rate for heart attack patients";224;10.0;"Y"
"140048";"ADVOCATE TRINITY HOSPITAL";"IL";"MORT_30_AMI";"Death rate for heart attack patients";160;9.0;"Y"
"140049";"WEST SUBURBAN MEDICAL CENTER";"IL";"MORT_30_COPD";"Death rate for COPD patients";35;9.0;"Y"
"14004F";"VA ILLIANA HEALTHCARE SYSTEM - DANVILLE";"IL";"MORT_30_COPD";"Death rate for COPD patients";51;8.0;"N"
"140052";"OSF SAINT ANTHONY'S HEALTH CENTER";"IL";"MORT_30_AMI";"Death rate for heart attack patients";32;12.0;"Y"
"140053";"ST JOHNS HOSPITAL";"IL";"MORT_30_AMI";"Death rate for heart attack patients";494;13.0;"Y"
"140054";"MACNEAL  HOSPITAL";"IL";"MORT_30_AMI";"Death rate for heart attack patients";82;13.0;"Y"
"140059";"JERSEY COMMUNITY HOSPITAL";"IL";"MORT_30_COPD";"Death rate for COPD patients";35;12.0;"Y"
"140062";"PALOS COMMUNITY HOSPITAL";"IL";"MORT_30_AMI";"Death rate for heart attack patients";371;12.0;"Y"
"140063";"RUSH OAK PARK HOSPITAL";"IL";"MORT_30_AMI";"Death rate for heart attack patients";51;12.0;"Y"
"140064";"ST MARY MEDICAL CENTER";"IL";"MORT_30_AMI";"Death rate for heart attack patients";47;13.0;"Y"
"140065";"ADVENTIST LA GRANGE MEMORIAL HOSPITAL";"IL";"MORT_30_AMI";"Death rate for heart attack patients";117;11.0;"Y"
"140067";"SAINT FRANCIS MEDICAL CENTER";"IL";"MORT_30_AMI";"Death rate for heart attack patients";457;11.0;"Y"
"140068";"ROSELAND COMMUNITY HOSPITAL";"IL";"MORT_30_COPD";"Death rate for COPD patients";29;8.0;"Y"
"14007F";"HINES VA MEDICAL CENTER";"IL";"MORT_30_AMI";"Death rate for heart attack patients";118;10.0;"N"
"140080";"SAINT FRANCIS HOSPITAL-EVANSTON";"IL";"MORT_30_AMI";"Death rate for heart attack patients";44;12.0;"N"
"140082";"LOUIS A WEISS MEMORIAL HOSPITAL";"IL";"MORT_30_AMI";"Death rate for heart attack patients";56;12.0;"Y"
"140084";"VISTA MEDICAL CENTER EAST";"IL";"MORT_30_AMI";"Death rate for heart attack patients";72;10.0;"Y"
"140088";"THE UNIVERSITY OF CHICAGO MEDICAL CENTER";"IL";"MORT_30_AMI";"Death rate for heart attack patients";109;11.0;"Y"
"140089";"MC DONOUGH DISTRICT HOSPITAL";"IL";"MORT_30_COPD";"Death rate for COPD patients";41;8.0;"Y"
"14008F";"MARION IL VA MEDICAL CENTER";"IL";"MORT_30_COPD";"Death rate for COPD patients";218;8.0;"N"
"140091";"CARLE FOUNDATION HOSPITAL";"IL";"MORT_30_AMI";"Death rate for heart attack patients";296;11.0;"Y"
"140093";"OSF SACRED HEART MEDICAL CENTER";"IL";"MORT_30_AMI";"Death rate for heart attack patients";27;12.0;"Y"
"140101";"MORRIS HOSPITAL & HEALTHCARE CENTERS";"IL";"MORT_30_AMI";"Death rate for heart attack patients";124;12.0;"Y"
"140103";"ST BERNARD HOSPITAL";"IL";"MORT_30_HF";"Death rate for heart failure patients";29;12.0;"Y"
"140110";"OSF SAINT ELIZABETH MDL CTR";"IL";"MORT_30_COPD";"Death rate for COPD patients";76;10.0;"Y"
"140113";"OSF HEART OF MARY MEDICAL CENTER";"IL";"MORT_30_AMI";"Death rate for heart attack patients";109;14.0;"Y"
"140114";"SWEDISH HOSPITAL";"IL";"MORT_30_AMI";"Death rate for heart attack patients";152;12.0;"Y"
"140115";"THOREK MEMORIAL HOSPITAL";"IL";"MORT_30_PN";"Death rate for pneumonia patients";38;13.0;"Y"
"140116";"NORTHWESTERN MEDICINE MCHENRY";"IL";"MORT_30_AMI";"Death rate for heart attack patients";297;11.0;"Y"
"140117";"AMITA HEALTH RESURRECTION MEDICAL CENTER";"IL";"MORT_30_AMI";"Death rate for heart attack patients";168;12.0;"N"
"140119";"RUSH UNIVERSITY MEDICAL CENTER";"IL";"MORT_30_AMI";"Death rate for heart attack patients";104;10.0;"Y"
"140120";"PEKIN MEMORIAL HOSPITAL";"IL";"MORT_30_AMI";"Death rate for heart attack patients";28;13.0;"Y"
"140122";"ADVENTIST HINSDALE HOSPITAL";"IL";"MORT_30_AMI";"Death rate for heart attack patients";129;11.0;"Y"
"140124";"JOHN H STROGER JR HOSPITAL";"IL";"MORT_30_AMI";"Death rate for heart attack patients";30;12.0;"Y"
"140125";"GATEWAY REGIONAL MEDICAL CENTER";"IL";"MORT_30_COPD";"Death rate for COPD patients";31;8.0;"Y"
"140127";"CARLE BROMENN MEDICAL CENTER";"IL";"MORT_30_AMI";"Death rate for heart attack patients";100;11.0;"Y"
"140130";"NORTHWESTERN LAKE FOREST HOSPITAL";"IL";"MORT_30_AMI";"Death rate for heart attack patients";130;12.0;"Y"
"140133";"HOLY CROSS HOSPITAL";"IL";"MORT_30_COPD";"Death rate for COPD patients";61;8.0;"Y"
"140135";"DECATUR MEMORIAL HOSPITAL";"IL";"MORT_30_AMI";"Death rate for heart attack patients";110;12.0;"Y"
"140137";"HSHS HOLY FAMILY HOSPITAL INC";"IL";"MORT_30_HF";"Death rate for heart failure patients";31;14.0;"Y"
"140145";"ST JOSEPHS HOSPITAL";"IL";"MORT_30_COPD";"Death rate for COPD patients";25;9.0;"Y"
"140148";"MEMORIAL MEDICAL CENTER";"IL";"MORT_30_AMI";"Death rate for heart attack patients";389;13.0;"Y"
"140150";"UNIVERSITY OF ILLINOIS HOSPITAL AND CLINICS";"IL";"MORT_30_AMI";"Death rate for heart attack patients";31;12.0;"Y"
"140155";"PRESENCE ST MARYS HOSPITAL";"IL";"MORT_30_AMI";"Death rate for heart attack patients";89;12.0;"N"
"140158";"INSIGHT HOSPITAL AND MEDICAL CENTER CHICAGO";"IL";"MORT_30_HF";"Death rate for heart failure patients";36;11.0;"N"
"140160";"FHN MEMORIAL HOSPITAL";"IL";"MORT_30_AMI";"Death rate for heart attack patients";38;12.0;"Y"
"140161";"SAINT JAMES HOSPITAL";"IL";"MORT_30_COPD";"Death rate for COPD patients";57;9.0;"Y"
"140162";"ST JOSEPH MEDICAL CENTER";"IL";"MORT_30_AMI";"Death rate for heart attack patients";132;13.0;"Y"
"140164";"MEMORIAL HOSPITAL OF CARBONDALE";"IL";"MORT_30_AMI";"Death rate for heart attack patients";186;13.0;"Y"
"140166";"ST MARYS HOSPITAL";"IL";"MORT_30_AMI";"Death rate for heart attack patients";82;13.0;"Y"
"140172";"FRANCISCAN HEALTH OLYMPIA & CHICAGO HEIGHTS";"IL";"MORT_30_AMI";"Death rate for heart attack patients";113;12.0;"Y"
"140174";"PRESENCE MERCY MEDICAL CENTER";"IL";"MORT_30_AMI";"Death rate for heart attack patients";78;11.0;"N"
"140177";"JACKSON PARK HOSPITAL";"IL";"MORT_30_HF";"Death rate for heart failure patients";28;11.0;"N"
"140179";"OSF LITTLE COMPANY OF MARY MEDICAL CENTER";"IL";"MORT_30_AMI";"Death rate for heart attack patients";101;12.0;"Y"
"140180";"PRESENCE SAINTS MARY AND ELIZABETH MEDICAL CENTER";"IL";"MORT_30_AMI";"Death rate for heart attack patients";41;12.0;"N"
"140181";"SOUTH SHORE HOSPITAL";"IL";"MORT_30_PN";"Death rate for pneumonia patients";36;17.0;"Y"
"140182";"ADVOCATE ILLINOIS MASONIC MEDICAL CENTER";"IL";"MORT_30_AMI";"Death rate for heart attack patients";55;13.0;"Y"
"140184";"HEARTLAND REGIONAL MEDICAL CENTER";"IL";"MORT_30_AMI";"Death rate for heart attack patients";106;13.0;"Y"
"140185";"MEMORIAL HOSPITAL";"IL";"MORT_30_AMI";"Death rate for heart attack patients";165;10.0;"Y"
"140186";"RIVERSIDE MEDICAL CENTER";"IL";"MORT_30_AMI";"Death rate for heart attack patients";123;13.0;"Y"
"140187";"HSHS ST ELIZABETH'S HOSPITAL";"IL";"MORT_30_AMI";"Death rate for heart attack patients";221;13.0;"Y"
"140189";"SARAH BUSH LINCOLN HEALTH CENTER";"IL";"MORT_30_AMI";"Death rate for heart attack patients";61;14.0;"Y"
"140191";"INGALLS MEMORIAL HOSPITAL";"IL";"MORT_30_AMI";"Death rate for heart attack patients";38;13.0;"Y"
"140200";"ELMHURST MEMORIAL HOSPITAL";"IL";"MORT_30_AMI";"Death rate for heart attack patients";184;11.0;"Y"
"140202";"ADVOCATE CONDELL MEDICAL CENTER";"IL";"MORT_30_AMI";"Death rate for heart attack patients";227;12.0;"Y"
"140206";"HUMBOLDT PARK HEALTH";"IL";"MORT_30_HF";"Death rate for heart failure patients";45;12.0;"Y"
"140208";"ADVOCATE CHRIST HOSPITAL & MEDICAL CENTER";"IL";"MORT_30_AMI";"Death rate for heart attack patients";251;11.0;"Y"
"140209";"METHODIST MEDICAL CENTER OF ILLINOIS";"IL";"MORT_30_AMI";"Death rate for heart attack patients";174;13.0;"Y"
"140210";"HARRISBURG MEDICAL CENTER";"IL";"MORT_30_COPD";"Death rate for COPD patients";48;8.0;"Y"
"140211";"NORTHWESTERN MEDICINE DELNOR COMMUNITY HOSPITAL";"IL";"MORT_30_AMI";"Death rate for heart attack patients";169;13.0;"Y"
"140213";"SILVER CROSS HOSPITAL  AND MEDICAL CENTERS";"IL";"MORT_30_AMI";"Death rate for heart attack patients";353;13.0;"Y"
"140217";"SAINT JOSEPH HOSPITAL-ELGIN";"IL";"MORT_30_AMI";"Death rate for heart attack patients";49;12.0;"N"
"140223";"ADVOCATE LUTHERAN GENERAL HOSPITAL";"IL";"MORT_30_AMI";"Death rate for heart attack patients";248;11.0;"Y"
"140224";"PRESENCE SAINT JOSEPH HOSPITAL - CHICAGO";"IL";"MORT_30_AMI";"Death rate for heart attack patients";45;12.0;"N"
"140228";"UW HEALTH";"IL";"MORT_30_AMI";"Death rate for heart attack patients";165;12.0;"Y"
"140231";"EDWARD HOSPITAL";"IL";"MORT_30_AMI";"Death rate for heart attack patients";208;12.0;"Y"
"140233";"SAINT ANTHONY MEDICAL CENTER";"IL";"MORT_30_AMI";"Death rate for heart attack patients";196;12.0;"Y"
"140239";"JAVON BEA HOSPITAL";"IL";"MORT_30_AMI";"Death rate for heart attack patients";87;12.0;"Y"
"140242";"NORTHWESTERN MEDICINE CENTRAL DUPAGE HOSPITAL";"IL";"MORT_30_AMI";"Death rate for heart attack patients";219;11.0;"Y"
"140251";"COMMUNITY FIRST MEDICAL CENTER";"IL";"MORT_30_AMI";"Death rate for heart attack patients";64;11.0;"N"
"140252";"NORTHWEST COMMUNITY HOSPITAL 1";"IL";"MORT_30_AMI";"Death rate for heart attack patients";321;12.0;"Y"
"140258";"ALEXIAN BROTHERS MEDICAL CENTER 1";"IL";"MORT_30_AMI";"Death rate for heart attack patients";144;12.0;"N"
"140275";"GENESIS HLTH SYSTEM DBA GENESIS MDL CTR-ILLINI";"IL";"MORT_30_AMI";"Death rate for heart attack patients";37;13.0;"Y"
"140276";"LOYOLA UNIVERSITY MEDICAL CENTER";"IL";"MORT_30_AMI";"Death rate for heart attack patients";87;11.0;"Y"
"140280";"TRINITY ROCK ISLAND";"IL";"MORT_30_AMI";"Death rate for heart attack patients";180;11.0;"Y"
"140281";"NORTHWESTERN MEMORIAL HOSPITAL";"IL";"MORT_30_AMI";"Death rate for heart attack patients";150;10.0;"Y"
"140286";"NORTHWESTERN MEDICINE KISHWAUKEE HOSPITAL";"IL";"MORT_30_AMI";"Death rate for heart attack patients";98;11.0;"Y"
"140288";"ADVOCATE GOOD SAMARITAN HOSPITAL";"IL";"MORT_30_AMI";"Death rate for heart attack patients";196;11.0;"Y"
"140289";"ANDERSON HOSPITAL";"IL";"MORT_30_AMI";"Death rate for heart attack patients";77;11.0;"Y"
"140290";"ST ALEXIUS MEDICAL CENTER";"IL";"MORT_30_AMI";"Death rate for heart attack patients";99;12.0;"N"
"140291";"ADVOCATE GOOD SHEPHERD HOSPITAL";"IL";"MORT_30_AMI";"Death rate for heart attack patients";134;13.0;"Y"
"140292";"UCHICAGO MEDICINE ADVENTHEALTH GLENOAKS";"IL";"MORT_30_AMI";"Death rate for heart attack patients";38;13.0;"Y"
"140294";"DEACONESS ILLINOIS CROSSROADS";"IL";"MORT_30_PN";"Death rate for pneumonia patients";55;14.0;"Y"
"140304";"UCHICAGO MEDICINE ADVENTHEALTH BOLINGBROOK";"IL";"MORT_30_AMI";"Death rate for heart attack patients";62;14.0;"Y"
"14034F";"NORTH CHICAGO VA MEDICAL CENTER";"IL";"MORT_30_COPD";"Death rate for COPD patients";158;7.0;"N"
"141300";"THOMAS H BOYD MEMORIAL HOSPITAL";"IL";"MORT_30_PN";"Death rate for pneumonia patients";26;18.0;"N"
"141301";"KIRBY MEDICAL CENTER";"IL";"MORT_30_PN";"Death rate for pneumonia patients";28;16.0;"Y"
"141305";"MEMORIAL HOSPITAL";"IL";"MORT_30_COPD";"Death rate for COPD patients";30;8.0;"Y"
"141307";"PINCKNEYVILLE COMMUNITY HOSPITAL";"IL";"MORT_30_PN";"Death rate for pneumonia patients";38;15.0;"Y"
"141309";"CARLE EUREKA  HOSPITAL";"IL";"MORT_30_PN";"Death rate for pneumonia patients";25;16.0;"Y"
"141310";"OSF SAINT PAUL MEDICAL CENTER";"IL";"MORT_30_COPD";"Death rate for COPD patients";32;8.0;"Y"
"141311";"FAIRFIELD MEMORIAL HOSPITAL 1";"IL";"MORT_30_COPD";"Death rate for COPD patients";29;11.0;"Y"
"141312";"ROCHELLE COMMUNITY HOSPITAL";"IL";"MORT_30_PN";"Death rate for pneumonia patients";47;16.0;"Y"
"141315";"ILLINI COMMUNITY HOSPITAL";"IL";"MORT_30_COPD";"Death rate for COPD patients";34;9.0;"Y"
"141316";"CARLE HOOPESTON REGIONAL HEALTH CENTER";"IL";"MORT_30_PN";"Death rate for pneumonia patients";41;15.0;"Y"
"141317";"GIBSON COMMUNITY HOSPITAL";"IL";"MORT_30_COPD";"Death rate for COPD patients";35;8.0;"Y"
"141318";"OSF HOLY FAMILY MEDICAL CENTER";"IL";"MORT_30_HF";"Death rate for heart failure patients";30;13.0;"Y"
"141319";"HAMMOND HENRY HOSPITAL";"IL";"MORT_30_PN";"Death rate for pneumonia patients";70;17.0;"Y"
"141320";"PARIS COMMUNITY HOSPITAL";"IL";"MORT_30_COPD";"Death rate for COPD patients";39;13.0;"Y"
"141321";"FRANKLIN HOSPITAL";"IL";"MORT_30_PN";"Death rate for pneumonia patients";35;15.0;"Y"
"141322";"ABRAHAM LINCOLN MEMORIAL HOSPITAL";"IL";"MORT_30_COPD";"Death rate for COPD patients";42;7.0;"Y"
"141323";"MASSAC MEMORIAL HOSPITAL";"IL";"MORT_30_COPD";"Death rate for COPD patients";43;10.0;"Y"
"141324";"FERRELL HOSPITAL COMMUNITY FOUNDATIONS";"IL";"MORT_30_COPD";"Death rate for COPD patients";37;8.0;"Y"
"141325";"OSF SAINT LUKE MEDICAL CENTER";"IL";"MORT_30_HF";"Death rate for heart failure patients";35;12.0;"Y"
"141326";"HAMILTON MEMORIAL HOSPITAL";"IL";"MORT_30_COPD";"Death rate for COPD patients";27;8.0;"Y"
"141327";"WABASH GENERAL HOSPITAL 1";"IL";"MORT_30_COPD";"Death rate for COPD patients";38;15.0;"Y"
"141328";"HARDIN COUNTY GENERAL HOSPITAL & CLINIC";"IL";"MORT_30_COPD";"Death rate for COPD patients";40;10.0;"Y"
"141331";"MARSHALL BROWNING HOSPITAL";"IL";"MORT_30_PN";"Death rate for pneumonia patients";41;16.0;"Y"
"141332";"HILLSBORO AREA HOSPITAL";"IL";"MORT_30_PN";"Death rate for pneumonia patients";58;18.0;"Y"
"141333";"SARAH D CULBERTSON MEMORIAL HOSPITAL";"IL";"MORT_30_PN";"Death rate for pneumonia patients";25;16.0;"Y"
"141336";"ST JOSEPH'S HOSPITAL";"IL";"MORT_30_COPD";"Death rate for COPD patients";37;9.0;"Y"
"141337";"OSF SAINT CLARE MEDICAL CENTER";"IL";"MORT_30_COPD";"Death rate for COPD patients";34;10.0;"Y"
"141338";"MEMORIAL HOSPITAL";"IL";"MORT_30_PN";"Death rate for pneumonia patients";31;22.0;"Y"
"141339";"TAYLORVILLE MEMORIAL HOSPITAL";"IL";"MORT_30_COPD";"Death rate for COPD patients";48;11.0;"Y"
"141340";"VALLEY WEST COMMUNITY HOSPITAL";"IL";"MORT_30_COPD";"Death rate for COPD patients";27;9.0;"Y"
"141341";"PANA COMMUNITY HOSPITAL";"IL";"MORT_30_COPD";"Death rate for COPD patients";34;10.0;"Y"
"141342";"DEACONESS ILLINOIS UNION COUNTY";"IL";"MORT_30_PN";"Death rate for pneumonia patients";72;21.0;"Y"
"141343";"CRAWFORD MEMORIAL HOSPITAL";"IL";"MORT_30_COPD";"Death rate for COPD patients";25;8.0;"Y"
"141344";"LAWRENCE COUNTY MEMORIAL HOSPITAL";"IL";"MORT_30_PN";"Death rate for pneumonia patients";46;18.0;"Y"
"141345";"SALEM TOWNSHIP HOSPITAL";"IL";"MORT_30_COPD";"Death rate for COPD patients";36;8.0;"Y"
"141346";"FAYETTE COUNTY HOSPITAL";"IL";"MORT_30_PN";"Death rate for pneumonia patients";83;20.0;"N"
"141347";"CARLINVILLE AREA HOSPITAL";"IL";"MORT_30_HF";"Death rate for heart failure patients";29;12.0;"Y"
"141348";"RED BUD REGIONAL HOSPITAL";"IL";"MORT_30_HF";"Death rate for heart failure patients";58;10.0;"Y"
"141349";"SPARTA COMMUNITY HOSPITAL";"IL";"MORT_30_HF";"Death rate for heart failure patients";29;12.0;"Y"
"141350";"ST FRANCIS HOSPITAL";"IL";"MORT_30_COPD";"Death rate for COPD patients";33;9.0;"Y"
"141351";"CLAY COUNTY HOSPITAL";"IL";"MORT_30_HF";"Death rate for heart failure patients";33;12.0;"Y"
"141355";"CARLE RICHLAND MEMORIAL HOSPITAL";"IL";"MORT_30_COPD";"Death rate for COPD patients";57;11.0;"N"
"150001";"JOHNSON MEMORIAL HOSPITAL";"IN";"MORT_30_COPD";"Death rate for COPD patients";35;8.0;"Y"
"150002";"METHODIST HOSPITALS INC";"IN";"MORT_30_AMI";"Death rate for heart attack patients";102;14.0;"Y"
"150005";"HENDRICKS REGIONAL HEALTH";"IN";"MORT_30_AMI";"Death rate for heart attack patients";100;12.0;"Y"
"150006";"NORTHWEST HEALTH-LA PORTE";"IN";"MORT_30_AMI";"Death rate for heart attack patients";78;14.0;"Y"
"150007";"COMMUNITY HOWARD REGIONAL HEALTH INC.";"IN";"MORT_30_AMI";"Death rate for heart attack patients";57;13.0;"Y"
"150008";"ST CATHERINE HOSPITAL INC";"IN";"MORT_30_COPD";"Death rate for COPD patients";57;9.0;"Y"
"150009";"NORTON CLARK HOSPITAL";"IN";"MORT_30_AMI";"Death rate for heart attack patients";115;12.0;"Y"
"150010";"ASCENSION ST VINCENT KOKOMO";"IN";"MORT_30_COPD";"Death rate for COPD patients";46;9.0;"N"
"150011";"MARION GENERAL HOSPITAL";"IN";"MORT_30_AMI";"Death rate for heart attack patients";59;13.0;"Y"
"150012";"SAINT JOSEPH REGIONAL MEDICAL CENTER";"IN";"MORT_30_AMI";"Death rate for heart attack patients";123;14.0;"Y"
"150015";"FRANCISCAN HEALTH MICHIGAN CITY";"IN";"MORT_30_AMI";"Death rate for heart attack patients";133;12.0;"Y"
"150017";"LUTHERAN HOSPITAL OF INDIANA";"IN";"MORT_30_AMI";"Death rate for heart attack patients";226;14.0;"Y"
"150018";"ELKHART GENERAL HOSPITAL";"IN";"MORT_30_AMI";"Death rate for heart attack patients";137;13.0;"Y"
"150021";"PARKVIEW REGIONAL MEDICAL CENTER";"IN";"MORT_30_AMI";"Death rate for heart attack patients";464;13.0;"Y"
"150022";"FRANCISCAN HEALTH CRAWFORDSVILLE";"IN";"MORT_30_COPD";"Death rate for COPD patients";29;8.0;"Y"
"150023";"UNION HOSPITAL INC";"IN";"MORT_30_AMI";"Death rate for heart attack patients";254;11.0;"Y"
"150024";"ESKENAZI HEALTH";"IN";"MORT_30_AMI";"Death rate for heart attack patients";41;12.0;"Y"
"150026";"GOSHEN HOSPITAL";"IN";"MORT_30_AMI";"Death rate for heart attack patients";98;12.0;"Y"
"150030";"HENRY COUNTY MEMORIAL HOSPITAL";"IN";"MORT_30_COPD";"Death rate for COPD patients";80;9.0;"Y"
"150034";"ST MARY MEDICAL CENTER INC";"IN";"MORT_30_AMI";"Death rate for heart attack patients";119;14.0;"Y"
"150035";"NORTHWEST HEALTH - PORTER";"IN";"MORT_30_AMI";"Death rate for heart attack patients";228;13.0;"Y"
"150037";"HANCOCK REGIONAL HOSPITAL";"IN";"MORT_30_AMI";"Death rate for heart attack patients";26;13.0;"Y"
"15003F";"INDIANAPOLIS VA MEDICAL CENTER";"IN";"MORT_30_AMI";"Death rate for heart attack patients";106;11.0;"N"
"150042";"GOOD SAMARITAN HOSPITAL";"IN";"MORT_30_AMI";"Death rate for heart attack patients";138;12.0;"Y"
"150044";"BAPTIST HEALTH FLOYD";"IN";"MORT_30_AMI";"Death rate for heart attack patients";209;11.0;"Y"
"150045";"PARKVIEW DEKALB HOSPITAL";"IN";"MORT_30_HF";"Death rate for heart failure patients";60;12.0;"Y"
"150046";"TERRE HAUTE REGIONAL HOSPITAL";"IN";"MORT_30_AMI";"Death rate for heart attack patients";110;12.0;"Y"
"150047";"ST JOSEPH HEALTH SYSTEM, LLC";"IN";"MORT_30_HF";"Death rate for heart failure patients";25;12.0;"Y"
"150048";"REID HEALTH";"IN";"MORT_30_AMI";"Death rate for heart attack patients";246;13.0;"Y"
"15004F";"VA N. INDIANA HEALTHCARE SYSTEM";"IN";"MORT_30_COPD";"Death rate for COPD patients";70;9.0;"N"
"150051";"INDIANA UNIVERSITY HEALTH BLOOMINGTON HOSPITAL";"IN";"MORT_30_AMI";"Death rate for heart attack patients";187;13.0;"Y"
"150056";"INDIANA UNIVERSITY HEALTH";"IN";"MORT_30_AMI";"Death rate for heart attack patients";135;12.0;"Y"
"150057";"FRANCISCAN HEALTH MOORESVILLE";"IN";"MORT_30_COPD";"Death rate for COPD patients";44;7.0;"Y"
"150058";"MEMORIAL HOSPITAL OF SOUTH BEND";"IN";"MORT_30_AMI";"Death rate for heart attack patients";186;12.0;"Y"
"150059";"RIVERVIEW HEALTH";"IN";"MORT_30_AMI";"Death rate for heart attack patients";59;11.0;"Y"
"150061";"DAVIESS COMMUNITY HOSPITAL";"IN";"MORT_30_HF";"Death rate for heart failure patients";33;13.0;"Y"
"150065";"SCHNECK MEDICAL CENTER";"IN";"MORT_30_COPD";"Death rate for COPD patients";27;9.0;"Y"
"150069";"NORTON-KING'S DAUGHTERS' HEALTH";"IN";"MORT_30_COPD";"Death rate for COPD patients";90;8.0;"Y"
"150072";"MEMORIAL HOSPITAL";"IN";"MORT_30_COPD";"Death rate for COPD patients";32;9.0;"Y"
"150074";"COMMUNITY HOSPITAL EAST";"IN";"MORT_30_AMI";"Death rate for heart attack patients";245;13.0;"Y"
"150075";"BLUFFTON REGIONAL MEDICAL CENTER";"IN";"MORT_30_COPD";"Death rate for COPD patients";30;9.0;"Y"
"150076";"SAINT JOSEPH REGIONAL MEDICAL CENTER - PLYMOUTH";"IN";"MORT_30_COPD";"Death rate for COPD patients";32;9.0;"Y"
"150082";"DEACONESS HOSPITAL INC";"IN";"MORT_30_AMI";"Death rate for heart attack patients";548;14.0;"Y"
"150084";"ASCENSION ST VINCENT HOSPITAL";"IN";"MORT_30_AMI";"Death rate for heart attack patients";114;11.0;"N"
"150086";"ST ELIZABETH DEARBORN HOSPITAL";"IN";"MORT_30_AMI";"Death rate for heart attack patients";35;11.0;"Y"
"150088";"ASCENSION ST VINCENT ANDERSON";"IN";"MORT_30_COPD";"Death rate for COPD patients";50;9.0;"N"
"150089";"INDIANA UNIVERSITY HEALTH BALL MEMORIAL HOSPITAL";"IN";"MORT_30_AMI";"Death rate for heart attack patients";184;12.0;"Y"
"150090";"FRANCISCAN HEALTH DYER";"IN";"MORT_30_AMI";"Death rate for heart attack patients";90;12.0;"Y"
"150091";"PARKVIEW HUNTINGTON HOSPITAL";"IN";"MORT_30_COPD";"Death rate for COPD patients";29;9.0;"Y"
"150097";"MAJOR HOSPITAL";"IN";"MORT_30_COPD";"Death rate for COPD patients";71;8.0;"Y"
"150100";"ASCENSION ST VINCENT EVANSVILLE";"IN";"MORT_30_AMI";"Death rate for heart attack patients";172;13.0;"N"
"150101";"PARKVIEW WHITLEY HOSPITAL";"IN";"MORT_30_COPD";"Death rate for COPD patients";28;8.0;"Y"
"150102";"NORTHWEST HEALTH - STARKE";"IN";"MORT_30_COPD";"Death rate for COPD patients";30;8.0;"Y"
"150104";"WITHAM HEALTH SERVICES";"IN";"MORT_30_AMI";"Death rate for heart attack patients";38;12.0;"Y"
"150109";"FRANCISCAN HEALTH LAFAYETTE";"IN";"MORT_30_AMI";"Death rate for heart attack patients";194;14.0;"Y"
"150112";"COLUMBUS REGIONAL HOSPITAL";"IN";"MORT_30_AMI";"Death rate for heart attack patients";168;12.0;"Y"
"150113";"COMMUNITY HOSPITAL OF ANDERSON AND MADISON COUNTY";"IN";"MORT_30_AMI";"Death rate for heart attack patients";57;14.0;"Y"
"150115";"MEMORIAL HOSPITAL AND HEALTH CARE CENTER";"IN";"MORT_30_AMI";"Death rate for heart attack patients";151;12.0;"Y"
"150125";"COMMUNITY HOSPITAL";"IN";"MORT_30_AMI";"Death rate for heart attack patients";240;13.0;"Y"
"150126";"FRANCISCAN HEALTH CROWN POINT";"IN";"MORT_30_AMI";"Death rate for heart attack patients";178;12.0;"Y"
"150128";"COMMUNITY HOSPITAL SOUTH, INC.";"IN";"MORT_30_AMI";"Death rate for heart attack patients";123;12.0;"Y"
"150133";"KOSCIUSKO COMMUNITY HOSPITAL";"IN";"MORT_30_AMI";"Death rate for heart attack patients";30;12.0;"Y"
"150146";"PARKVIEW NOBLE HOSPITAL";"IN";"MORT_30_COPD";"Death rate for COPD patients";30;9.0;"Y"
"150150";"DUPONT HOSPITAL LLC";"IN";"MORT_30_COPD";"Death rate for COPD patients";26;9.0;"Y"
"150153";"ST VINCENT HEART CENTER";"IN";"MORT_30_AMI";"Death rate for heart attack patients";328;10.0;"N"
"150157";"ASCENSION ST VINCENT CARMEL";"IN";"MORT_30_COPD";"Death rate for COPD patients";26;9.0;"N"
"150158";"IU HEALTH WEST HOSPITAL";"IN";"MORT_30_AMI";"Death rate for heart attack patients";111;13.0;"Y"
"150161";"INDIANA UNIVERSITY HEALTH NORTH HOSPITAL";"IN";"MORT_30_AMI";"Death rate for heart attack patients";38;12.0;"Y"
"150162";"FRANCISCAN HEALTH INDIANAPOLIS";"IN";"MORT_30_AMI";"Death rate for heart attack patients";261;12.0;"Y"
"150165";"FRANCISCAN HEALTH MUNSTER";"IN";"MORT_30_AMI";"Death rate for heart attack patients";48;13.0;"Y"
"150169";"COMMUNITY HOSPITAL NORTH";"IN";"MORT_30_COPD";"Death rate for COPD patients";119;10.0;"Y"
"150173";"INDIANA UNIVERSITY HEALTH ARNETT HOSPITAL";"IN";"MORT_30_AMI";"Death rate for heart attack patients";174;12.0;"Y"
"150181";"ASCENSION ST VINCENT FISHERS";"IN";"MORT_30_HF";"Death rate for heart failure patients";32;12.0;"N"
"150183";"MONROE HOSPITAL";"IN";"MORT_30_COPD";"Death rate for COPD patients";31;9.0;"Y"
"151303";"ASCENSION ST VINCENT JENNINGS";"IN";"MORT_30_PN";"Death rate for pneumonia patients";28;19.0;"N"
"151304";"RUSH MEMORIAL HOSPITAL";"IN";"MORT_30_PN";"Death rate for pneumonia patients";62;19.0;"Y"
"151305";"PULASKI MEMORIAL HOSPITAL";"IN";"MORT_30_PN";"Death rate for pneumonia patients";33;15.0;"Y"
"151306";"INDIANA UNIVERSITY HEALTH PAOLI HOSPITAL";"IN";"MORT_30_PN";"Death rate for pneumonia patients";71;15.0;"Y"
"151307";"ASCENSION ST VINCENT WILLIAMSPORT";"IN";"MORT_30_COPD";"Death rate for COPD patients";30;11.0;"N"
"151310";"PARKVIEW WABASH HOSPITAL, INC";"IN";"MORT_30_HF";"Death rate for heart failure patients";75;13.0;"Y"
"151311";"INDIANA UNIVERSITY HEALTH TIPTON HOSPITAL INC";"IN";"MORT_30_HF";"Death rate for heart failure patients";40;13.0;"Y"
"151312";"INDIANA UNIVERSITY HEALTH WHITE MEMORIAL HOSPITAL";"IN";"MORT_30_COPD";"Death rate for COPD patients";36;8.0;"Y"
"151313";"WOODLAWN HOSPITAL";"IN";"MORT_30_PN";"Death rate for pneumonia patients";49;16.0;"N"
"151315";"CAMERON MEMORIAL COMMUNITY HOSPITAL INC";"IN";"MORT_30_HF";"Death rate for heart failure patients";32;11.0;"Y"
"151316";"INDIANA UNIVERSITY HEALTH FRANKFORT INC";"IN";"MORT_30_PN";"Death rate for pneumonia patients";62;15.0;"Y"
"151317";"GREENE COUNTY GENERAL HOSPITAL";"IN";"MORT_30_COPD";"Death rate for COPD patients";49;8.0;"Y"
"151318";"DUKES MEMORIAL HOSPITAL";"IN";"MORT_30_COPD";"Death rate for COPD patients";31;10.0;"Y"
"151320";"INDIANA UNIVERSITY HEALTH JAY, INC.";"IN";"MORT_30_HF";"Death rate for heart failure patients";37;11.0;"Y"
"151322";"PERRY COUNTY MEMORIAL HOSPITAL";"IN";"MORT_30_COPD";"Death rate for COPD patients";31;8.0;"Y"
"151323";"PARKVIEW LAGRANGE HOSPITAL";"IN";"MORT_30_HF";"Death rate for heart failure patients";41;11.0;"Y"
"151324";"FRANCISCAN HEALTH RENSSELAER, INC";"IN";"MORT_30_PN";"Death rate for pneumonia patients";37;17.0;"Y"
"151326";"UNION HOSPITAL CLINTON";"IN";"MORT_30_COPD";"Death rate for COPD patients";40;8.0;"Y"
"151327";"SULLIVAN COUNTY COMMUNITY HOSPITAL";"IN";"MORT_30_PN";"Death rate for pneumonia patients";53;15.0;"N"
"151328";"INDIANA UNIVERSITY HEALTH BEDFORD HOSPITAL";"IN";"MORT_30_AMI";"Death rate for heart attack patients";30;12.0;"Y"
"151329";"MARGARET MARY COMMUNITY HOSPITAL INC";"IN";"MORT_30_COPD";"Death rate for COPD patients";25;11.0;"Y"
"151330";"ADAMS MEMORIAL HOSPITAL";"IN";"MORT_30_HF";"Death rate for heart failure patients";39;13.0;"Y"
"151331";"HARRISON COUNTY HOSPITAL";"IN";"MORT_30_COPD";"Death rate for COPD patients";41;9.0;"Y"
"151332";"DECATUR COUNTY MEMORIAL HOSPITAL";"IN";"MORT_30_COPD";"Death rate for COPD patients";31;9.0;"Y"
"151333";"PUTNAM COUNTY HOSPITAL";"IN";"MORT_30_HF";"Death rate for heart failure patients";36;11.0;"Y"
"151334";"NORTON SCOTT HOSPITAL";"IN";"MORT_30_COPD";"Death rate for COPD patients";35;8.0;"Y"
"160001";"UNITYPOINT HEALTH - MARSHALLTOWN";"IA";"MORT_30_COPD";"Death rate for COPD patients";28;9.0;"Y"
"160013";"TRINITY MUSCATINE";"IA";"MORT_30_COPD";"Death rate for COPD patients";38;8.0;"Y"
"160016";"TRINITY REGIONAL MEDICAL CENTER";"IA";"MORT_30_AMI";"Death rate for heart attack patients";105;10.0;"Y"
"160028";"CHI HEALTH MERCY COUNCIL BLUFFS";"IA";"MORT_30_AMI";"Death rate for heart attack patients";85;12.0;"Y"
"160029";"UNIVERSITY OF IOWA HEALTH CARE MEDICAL CENTER DOWN";"IA";"MORT_30_AMI";"Death rate for heart attack patients";167;11.0;"Y"
"160030";"MARY GREELEY MEDICAL CENTER";"IA";"MORT_30_AMI";"Death rate for heart attack patients";186;11.0;"Y"
"160032";"MERCYONE NEWTON MEDICAL CENTER";"IA";"MORT_30_HF";"Death rate for heart failure patients";72;12.0;"Y"
"160033";"GENESIS MEDICAL CENTER-DAVENPORT";"IA";"MORT_30_AMI";"Death rate for heart attack patients";183;13.0;"Y"
"16003F";"VA CENTRAL IOWA HEALTHCARE SYSTEM";"IA";"MORT_30_AMI";"Death rate for heart attack patients";29;12.0;"N"
"160040";"SARTORI MEMORIAL HOSPITAL, INC";"IA";"MORT_30_PN";"Death rate for pneumonia patients";25;15.0;"Y"
"160045";"ST LUKES HOSPITAL";"IA";"MORT_30_AMI";"Death rate for heart attack patients";189;11.0;"Y"
"160047";"METHODIST JENNIE EDMUNDSON";"IA";"MORT_30_AMI";"Death rate for heart attack patients";119;11.0;"Y"
"16004F";"IOWA CITY VA MEDICAL CENTER";"IA";"MORT_30_AMI";"Death rate for heart attack patients";61;12.0;"N"
"160057";"SOUTHEAST IOWA REGIONAL MEDICAL CENTER";"IA";"MORT_30_AMI";"Death rate for heart attack patients";170;12.0;"Y"
"160058";"UNIVERSITY OF IOWA HOSPITAL & CLINICS";"IA";"MORT_30_AMI";"Death rate for heart attack patients";190;12.0;"Y"
"160064";"MERCYONE NORTH IOWA MEDICAL CENTER";"IA";"MORT_30_AMI";"Death rate for heart attack patients";272;14.0;"Y"
"160067";"MERCYONE WATERLOO MEDICAL CENTER";"IA";"MORT_30_AMI";"Death rate for heart attack patients";88;12.0;"Y"
"160069";"MERCYONE DUBUQUE MEDICAL CENTER";"IA";"MORT_30_AMI";"Death rate for heart attack patients";56;13.0;"Y"
"160079";"MERCY MEDICAL CENTER - CEDAR RAPIDS";"IA";"MORT_30_AMI";"Death rate for heart attack patients";153;15.0;"Y"
"160080";"MERCYONE CLINTON MEDICAL CENTER";"IA";"MORT_30_AMI";"Death rate for heart attack patients";94;13.0;"Y"
"160082";"UNITYPOINT HEALTH - DES MOINES IOWA METHODIST MEDI";"IA";"MORT_30_AMI";"Death rate for heart attack patients";567;14.0;"Y"
"160083";"MERCYONE DES MOINES MEDICAL CENTER";"IA";"MORT_30_AMI";"Death rate for heart attack patients";427;13.0;"Y"
"160089";"OTTUMWA REGIONAL HEALTH CENTER";"IA";"MORT_30_AMI";"Death rate for heart attack patients";33;11.0;"Y"
"160104";"TRINITY - BETTENDORF";"IA";"MORT_30_AMI";"Death rate for heart attack patients";47;12.0;"Y"
"160110";"ALLEN HOSPITAL";"IA";"MORT_30_AMI";"Death rate for heart attack patients";157;11.0;"Y"
"160112";"SPENCER MUNICIPAL HOSPITAL";"IA";"MORT_30_COPD";"Death rate for COPD patients";40;9.0;"Y"
"160117";"FINLEY HOSPITAL";"IA";"MORT_30_AMI";"Death rate for heart attack patients";39;11.0;"Y"
"160124";"LAKES REGIONAL HEALTHCARE";"IA";"MORT_30_COPD";"Death rate for COPD patients";39;8.0;"Y"
"160146";"ST LUKES REGIONAL MEDICAL CENTER";"IA";"MORT_30_AMI";"Death rate for heart attack patients";115;13.0;"Y"
"160147";"GRINNELL REGIONAL MEDICAL CENTER";"IA";"MORT_30_COPD";"Death rate for COPD patients";47;9.0;"Y"
"160153";"MERCYONE SIOUXLAND MEDICAL CENTER";"IA";"MORT_30_AMI";"Death rate for heart attack patients";119;14.0;"Y"
"161302";"IOWA SPECIALTY HOSPITAL - CLARION";"IA";"MORT_30_PN";"Death rate for pneumonia patients";31;20.0;"Y"
"161303";"GRUNDY COUNTY MEMORIAL HOSPITAL";"IA";"MORT_30_PN";"Death rate for pneumonia patients";35;17.0;"Y"
"161304";"CHI HEALTH - MERCY CORNING";"IA";"MORT_30_HF";"Death rate for heart failure patients";31;14.0;"Y"
"161306";"JONES REGIONAL MEDICAL CENTER";"IA";"MORT_30_HF";"Death rate for heart failure patients";33;14.0;"Y"
"161307";"HANCOCK COUNTY HEALTH SYSTEM";"IA";"MORT_30_PN";"Death rate for pneumonia patients";38;18.0;"Y"
"161308";"FRANKLIN GENERAL HOSPITAL";"IA";"MORT_30_PN";"Death rate for pneumonia patients";42;19.0;"Y"
"161309";"CHI HEALTH MISSOURI VALLEY";"IA";"MORT_30_HF";"Death rate for heart failure patients";37;11.0;"Y"
"161310";"ADAIR COUNTY MEMORIAL HOSPITAL";"IA";"MORT_30_PN";"Death rate for pneumonia patients";26;18.0;"Y"
"161311";"HAWARDEN REGIONAL HEALTHCARE";"IA";"MORT_30_PN";"Death rate for pneumonia patients";52;16.0;"Y"
"161313";"GENESIS MEDICAL CENTER-DEWITT";"IA";"MORT_30_PN";"Death rate for pneumonia patients";34;15.0;"Y"
"161314";"GUTHRIE COUNTY HOSPITAL";"IA";"MORT_30_PN";"Death rate for pneumonia patients";28;17.0;"Y"
"161316";"GUNDERSEN PALMER LUTHERAN HOSPITAL AND CLINICS";"IA";"MORT_30_HF";"Death rate for heart failure patients";27;12.0;"Y"
"161317";"COMPASS MEMORIAL HEALTHCARE";"IA";"MORT_30_HF";"Death rate for heart failure patients";27;13.0;"Y"
"161318";"VETERANS MEMORIAL HOSPITAL";"IA";"MORT_30_PN";"Death rate for pneumonia patients";49;18.0;"Y"
"161320";"COMMUNITY MEMORIAL HOSPITAL MEDICAL CENTER";"IA";"MORT_30_PN";"Death rate for pneumonia patients";31;16.0;"Y"
"161323";"MITCHELL COUNTY REGIONAL HEALTH";"IA";"MORT_30_HF";"Death rate for heart failure patients";25;12.0;"Y"
"161324";"GEORGE C GRAPE COMMUNITY HOSPITAL";"IA";"MORT_30_PN";"Death rate for pneumonia patients";28;17.0;"Y"
"161325";"GREENE COUNTY MEDICAL CENTER";"IA";"MORT_30_PN";"Death rate for pneumonia patients";27;18.0;"Y"
"161326";"MADISON COUNTY HEALTH CARE SYSTEM";"IA";"MORT_30_PN";"Death rate for pneumonia patients";47;18.0;"Y"
"161328";"REGIONAL HEALTH SERVICES OF HOWARD COUNTY";"IA";"MORT_30_HF";"Death rate for heart failure patients";28;13.0;"Y"
"161329";"JACKSON COUNTY REGIONAL HEALTH CENTER";"IA";"MORT_30_PN";"Death rate for pneumonia patients";34;20.0;"Y"
"161330";"AUDUBON COUNTY MEMORIAL HOSPITAL";"IA";"MORT_30_PN";"Death rate for pneumonia patients";29;22.0;"Y"
"161331";"MERCY MEDICAL CENTER-NEW HAMPTON";"IA";"MORT_30_PN";"Death rate for pneumonia patients";29;21.0;"Y"
"161334";"HUMBOLDT COUNTY MEMORIAL HOSPITAL";"IA";"MORT_30_PN";"Death rate for pneumonia patients";64;15.0;"Y"
"161335";"BUCHANAN COUNTY HEALTH CENTER";"IA";"MORT_30_PN";"Death rate for pneumonia patients";25;15.0;"Y"
"161336";"HEGG MEMORIAL HEALTH CENTER";"IA";"MORT_30_PN";"Death rate for pneumonia patients";40;19.0;"Y"
"161337";"VAN BUREN COUNTY HOSPITAL";"IA";"MORT_30_PN";"Death rate for pneumonia patients";43;15.0;"Y"
"161339";"WAVERLY HEALTH CENTER";"IA";"MORT_30_HF";"Death rate for heart failure patients";32;16.0;"Y"
"161340";"DECATUR COUNTY HOSPITAL";"IA";"MORT_30_PN";"Death rate for pneumonia patients";30;16.0;"Y"
"161341";"LUCAS COUNTY HEALTH CENTER";"IA";"MORT_30_PN";"Death rate for pneumonia patients";31;18.0;"Y"
"161342";"MONROE COUNTY HOSPITAL";"IA";"MORT_30_PN";"Death rate for pneumonia patients";38;20.0;"Y"
"161343";"REGIONAL MEDICAL CENTER";"IA";"MORT_30_HF";"Death rate for heart failure patients";34;15.0;"Y"
"161344";"WASHINGTON COUNTY HOSPITAL AND CLINICS";"IA";"MORT_30_PN";"Death rate for pneumonia patients";54;16.0;"Y"
"161346";"SIOUX CENTER HEALTH";"IA";"MORT_30_PN";"Death rate for pneumonia patients";62;19.0;"Y"
"161347";"FLOYD COUNTY MEDICAL CENTER";"IA";"MORT_30_COPD";"Death rate for COPD patients";26;14.0;"Y"
"161348";"CLARKE COUNTY HOSPITAL";"IA";"MORT_30_HF";"Death rate for heart failure patients";28;12.0;"Y"
"161349";"VIRGINIA GAY HOSPITAL";"IA";"MORT_30_HF";"Death rate for heart failure patients";29;12.0;"Y"
"161350";"STEWART MEMORIAL COMMUNITY HOSPITAL";"IA";"MORT_30_PN";"Death rate for pneumonia patients";49;20.0;"Y"
"161351";"AVERA HOLY FAMILY HOSPITAL";"IA";"MORT_30_HF";"Death rate for heart failure patients";44;16.0;"Y"
"161352";"CLARINDA REGIONAL HEALTH CENTER";"IA";"MORT_30_COPD";"Death rate for COPD patients";35;9.0;"Y"
"161353";"KOSSUTH REGIONAL HEALTH CENTER";"IA";"MORT_30_COPD";"Death rate for COPD patients";31;12.0;"Y"
"161354";"HORN MEMORIAL HOSPITAL";"IA";"MORT_30_PN";"Death rate for pneumonia patients";68;19.0;"Y"
"161355";"KNOXVILLE HOSPITAL & CLINICS";"IA";"MORT_30_COPD";"Death rate for COPD patients";25;9.0;"Y"
"161356";"HENRY COUNTY HEALTH CENTER";"IA";"MORT_30_PN";"Death rate for pneumonia patients";55;18.0;"Y"
"161357";"PALO ALTO COUNTY HOSPITAL";"IA";"MORT_30_PN";"Death rate for pneumonia patients";48;21.0;"Y"
"161358";"WAYNE COUNTY HOSPITAL";"IA";"MORT_30_HF";"Death rate for heart failure patients";30;11.0;"N"
"161359";"BURGESS HEALTH CENTER";"IA";"MORT_30_HF";"Death rate for heart failure patients";28;15.0;"Y"
"161360";"ORANGE CITY AREA HEALTH SYSTEM";"IA";"MORT_30_HF";"Death rate for heart failure patients";44;12.0;"Y"
"161361";"VAN DIEST MEDICAL CENTER";"IA";"MORT_30_HF";"Death rate for heart failure patients";57;14.0;"Y"
"161362";"CHEROKEE REGIONAL MEDICAL CENTER";"IA";"MORT_30_HF";"Death rate for heart failure patients";44;18.0;"Y"
"161363";"MONTGOMERY COUNTY MEMORIAL HOSPITAL";"IA";"MORT_30_PN";"Death rate for pneumonia patients";57;17.0;"Y"
"161364";"JEFFERSON COUNTY HEALTH CENTER";"IA";"MORT_30_HF";"Death rate for heart failure patients";47;17.0;"Y"
"161365";"GREATER REGIONAL MEDICAL CENTER";"IA";"MORT_30_COPD";"Death rate for COPD patients";31;10.0;"Y"
"161366";"SHENANDOAH MEDICAL CENTER";"IA";"MORT_30_PN";"Death rate for pneumonia patients";40;18.0;"Y"
"161367";"PELLA REGIONAL HEALTH CENTER";"IA";"MORT_30_COPD";"Death rate for COPD patients";28;10.0;"Y"
"161368";"FLOYD VALLEY HEALTHCARE";"IA";"MORT_30_HF";"Death rate for heart failure patients";26;17.0;"Y"
"161369";"CRAWFORD COUNTY MEMORIAL HOSPITAL";"IA";"MORT_30_HF";"Death rate for heart failure patients";37;15.0;"Y"
"161370";"LORING HOSPITAL";"IA";"MORT_30_PN";"Death rate for pneumonia patients";37;21.0;"N"
"161371";"WINNMED";"IA";"MORT_30_COPD";"Death rate for COPD patients";39;9.0;"Y"
"161372";"BOONE COUNTY HOSPITAL";"IA";"MORT_30_PN";"Death rate for pneumonia patients";46;17.0;"Y"
"161373";"RINGGOLD COUNTY HOSPITAL";"IA";"MORT_30_PN";"Death rate for pneumonia patients";36;21.0;"Y"
"161374";"MYRTUE MEDICAL CENTER";"IA";"MORT_30_COPD";"Death rate for COPD patients";35;9.0;"Y"
"161375";"BUENA VISTA REGIONAL MEDICAL CENTER";"IA";"MORT_30_HF";"Death rate for heart failure patients";42;18.0;"Y"
"161376";"CASS COUNTY MEMORIAL HOSPITAL";"IA";"MORT_30_HF";"Death rate for heart failure patients";75;10.0;"Y"
"161377";"MERCYONE CENTERVILLE MEDICAL CENTER";"IA";"MORT_30_PN";"Death rate for pneumonia patients";48;18.0;"Y"
"161379";"MAHASKA  HEALTH PARTNERSHIP";"IA";"MORT_30_COPD";"Death rate for COPD patients";27;11.0;"Y"
"161380";"HANSEN FAMILY HOSPITAL";"IA";"MORT_30_PN";"Death rate for pneumonia patients";57;14.0;"Y"
"161381";"SANFORD SHELDON MEDICAL CENTER";"IA";"MORT_30_PN";"Death rate for pneumonia patients";57;17.0;"Y"
"161382";"ST ANTHONY REGIONAL HOSPITAL & NURSING HOME";"IA";"MORT_30_HF";"Death rate for heart failure patients";57;15.0;"Y"
"170006";"MERCY HOSPITAL PITTSBURG, INC";"KS";"MORT_30_AMI";"Death rate for heart attack patients";49;12.0;"N"
"170009";"SAINT JOHN HOSPITAL";"KS";"MORT_30_HF";"Death rate for heart failure patients";74;11.0;"Y"
"170012";"SALINA REGIONAL HEALTH CENTER";"KS";"MORT_30_AMI";"Death rate for heart attack patients";118;13.0;"Y"
"170013";"HAYS MEDICAL CENTER";"KS";"MORT_30_AMI";"Death rate for heart attack patients";182;12.0;"Y"
"170014";"ADVENTHEALTH OTTAWA";"KS";"MORT_30_COPD";"Death rate for COPD patients";41;8.0;"Y"
"170016";"UNIVERSITY OF KANSAS HEALTH SYSTEM - ST FRANCIS CAMPUS";"KS";"MORT_30_AMI";"Death rate for heart attack patients";148;13.0;"Y"
"170017";"SUSAN B ALLEN MEMORIAL HOSPITAL";"KS";"MORT_30_PN";"Death rate for pneumonia patients";46;16.0;"N"
"170020";"HUTCHINSON REGIONAL MEDICAL CENTER INC";"KS";"MORT_30_AMI";"Death rate for heart attack patients";181;16.0;"Y"
"170023";"ST. CATHERINE HOSPITAL - GARDEN CITY";"KS";"MORT_30_AMI";"Death rate for heart attack patients";53;11.0;"Y"
"170027";"PRATT REGIONAL MEDICAL CENTER";"KS";"MORT_30_COPD";"Death rate for COPD patients";34;9.0;"Y"
"170040";"UNIVERSITY OF KANSAS HOSPITAL";"KS";"MORT_30_AMI";"Death rate for heart attack patients";180;12.0;"Y"
"170049";"OLATHE MEDICAL CENTER";"KS";"MORT_30_AMI";"Death rate for heart attack patients";164;12.0;"Y"
"17005F";"VA EASTERN KANSAS HEALTHCARE SYSTEM";"KS";"MORT_30_COPD";"Death rate for COPD patients";93;7.0;"N"
"170068";"SOUTHWEST MEDICAL CENTER";"KS";"MORT_30_COPD";"Death rate for COPD patients";39;8.0;"Y"
"170074";"STORMONT VAIL HEALTH FLINT HILLS, LLC";"KS";"MORT_30_HF";"Death rate for heart failure patients";48;12.0;"Y"
"170086";"STORMONT VAIL HOSPITAL";"KS";"MORT_30_AMI";"Death rate for heart attack patients";299;12.0;"Y"
"17008F";"WICHITA VA MEDICAL CENTER";"KS";"MORT_30_AMI";"Death rate for heart attack patients";75;12.0;"N"
"170103";"NMC HEALTH";"KS";"MORT_30_COPD";"Death rate for COPD patients";79;9.0;"Y"
"170104";"ADVENTHEALTH SHAWNEE MISSION";"KS";"MORT_30_AMI";"Death rate for heart attack patients";131;13.0;"Y"
"170105";"MCPHERSON HOSPITAL";"KS";"MORT_30_COPD";"Death rate for COPD patients";30;10.0;"N"
"170109";"MIAMI COUNTY MEDICAL CENTER";"KS";"MORT_30_PN";"Death rate for pneumonia patients";46;16.0;"Y"
"170120";"LABETTE HEALTH";"KS";"MORT_30_COPD";"Death rate for COPD patients";31;12.0;"Y"
"170122";"ASCENSION VIA CHRISTI HOSPITALS WICHITA, INC.";"KS";"MORT_30_AMI";"Death rate for heart attack patients";307;11.0;"N"
"170123";"WESLEY MEDICAL CENTER";"KS";"MORT_30_AMI";"Death rate for heart attack patients";430;11.0;"Y"
"170137";"LMH";"KS";"MORT_30_AMI";"Death rate for heart attack patients";133;11.0;"Y"
"170142";"ASCENSION VIA CHRISTI HOSPITAL MANHATTAN, INC";"KS";"MORT_30_AMI";"Death rate for heart attack patients";47;14.0;"N"
"170146";"PROVIDENCE MEDICAL CENTER";"KS";"MORT_30_AMI";"Death rate for heart attack patients";96;13.0;"Y"
"170175";"CENTURA ST. CATHERINE-DODGE CITY";"KS";"MORT_30_AMI";"Death rate for heart attack patients";33;12.0;"Y"
"170176";"OVERLAND PARK REG MED CTR";"KS";"MORT_30_AMI";"Death rate for heart attack patients";103;13.0;"Y"
"170182";"MENORAH MEDICAL CENTER";"KS";"MORT_30_AMI";"Death rate for heart attack patients";48;11.0;"Y"
"170185";"SAINT LUKE'S SOUTH HOSPITAL";"KS";"MORT_30_AMI";"Death rate for heart attack patients";135;11.0;"Y"
"170186";"KANSAS HEART HOSPITAL";"KS";"MORT_30_AMI";"Death rate for heart attack patients";247;13.0;"Y"
"170191";"UNIVERSITY  OF KS HLTH SYSTEM GREAT BEND CAMPUS";"KS";"MORT_30_HF";"Death rate for heart failure patients";77;10.0;"Y"
"170197";"KANSAS MEDICAL CENTER LLC";"KS";"MORT_30_AMI";"Death rate for heart attack patients";125;15.0;"Y"
"170200";"VIA CHRISTI HOSPITAL WICHITA ST TERESA, INC";"KS";"MORT_30_AMI";"Death rate for heart attack patients";29;12.0;"N"
"170204";"ROCK REGIONAL HOSPITAL, LLC";"KS";"MORT_30_COPD";"Death rate for COPD patients";31;10.0;"Y"
"170208";"ADVENTHEALTH SOUTH OVERLAND PARK, INC";"KS";"MORT_30_HF";"Death rate for heart failure patients";52;14.0;"Y"
"171310";"CHEYENNE COUNTY HOSPITAL";"KS";"MORT_30_PN";"Death rate for pneumonia patients";29;18.0;"N"
"171311";"ROOKS COUNTY HEALTH CENTER";"KS";"MORT_30_PN";"Death rate for pneumonia patients";44;17.0;"N"
"171313";"KEARNY COUNTY HOSPITAL";"KS";"MORT_30_PN";"Death rate for pneumonia patients";36;17.0;"Y"
"171315";"NEMAHA VALLEY COMMUNITY HOSPITAL";"KS";"MORT_30_PN";"Death rate for pneumonia patients";83;25.0;"Y"
"171318";"SEDAN CITY HOSPITAL";"KS";"MORT_30_PN";"Death rate for pneumonia patients";36;14.0;"Y"
"171319";"HOLTON COMMUNITY HOSPITAL";"KS";"MORT_30_PN";"Death rate for pneumonia patients";39;16.0;"Y"
"171325";"GRAHAM COUNTY HOSPITAL";"KS";"MORT_30_PN";"Death rate for pneumonia patients";42;17.0;"Y"
"171326";"LOGAN COUNTY HOSPITAL";"KS";"MORT_30_PN";"Death rate for pneumonia patients";38;18.0;"Y"
"171327";"ELLSWORTH COUNTY MEDICAL CENTER";"KS";"MORT_30_COPD";"Death rate for COPD patients";27;8.0;"Y"
"171329";"CALDWELL REGIONAL MEDICAL CENTER";"KS";"MORT_30_PN";"Death rate for pneumonia patients";31;18.0;"N"
"171330";"HOSPITAL DISTRICT #1 OF RICE COUNTY";"KS";"MORT_30_PN";"Death rate for pneumonia patients";59;15.0;"N"
"171331";"KIOWA DISTRICT HOSPITAL";"KS";"MORT_30_PN";"Death rate for pneumonia patients";37;16.0;"Y"
"171333";"CLARA BARTON HOSPITAL";"KS";"MORT_30_HF";"Death rate for heart failure patients";52;17.0;"Y"
"171334";"MEDICINE LODGE MEMORIAL HOSPITAL";"KS";"MORT_30_PN";"Death rate for pneumonia patients";30;19.0;"Y"
"171335";"STEVENS COUNTY HOSPITAL";"KS";"MORT_30_HF";"Death rate for heart failure patients";25;11.0;"N"
"171336";"NESS COUNTY HOSPITAL DISTRICT #2";"KS";"MORT_30_PN";"Death rate for pneumonia patients";32;23.0;"Y"
"171337";"WAMEGO HEALTH CENTER";"KS";"MORT_30_PN";"Death rate for pneumonia patients";27;14.0;"N"
"171338";"GREAT PLAINS OF SABETHA";"KS";"MORT_30_PN";"Death rate for pneumonia patients";45;16.0;"Y"
"171339";"GREENWOOD COUNTY HOSPITAL";"KS";"MORT_30_PN";"Death rate for pneumonia patients";45;24.0;"Y"
"171341";"HIAWATHA COMMUNITY HOSPITAL";"KS";"MORT_30_COPD";"Death rate for COPD patients";27;8.0;"Y"
"171344";"WILSON MEDICAL CENTER";"KS";"MORT_30_PN";"Death rate for pneumonia patients";35;22.0;"Y"
"171345";"PAWNEE VALLEY COMMUNITY HOSPITAL";"KS";"MORT_30_PN";"Death rate for pneumonia patients";26;17.0;"Y"
"171346";"HOSPITAL DISTRICT #6 PATTERSON HEALTH CENTER";"KS";"MORT_30_HF";"Death rate for heart failure patients";25;11.0;"Y"
"171347";"SHERIDAN COUNTY HOSPITAL";"KS";"MORT_30_PN";"Death rate for pneumonia patients";32;14.0;"N"
"171348";"NORTON COUNTY HOSPITAL";"KS";"MORT_30_PN";"Death rate for pneumonia patients";47;19.0;"Y"
"171349";"CLOUD COUNTY HEALTH CENTER";"KS";"MORT_30_PN";"Death rate for pneumonia patients";41;19.0;"Y"
"171350";"RUSSELL REGIONAL HOSPITAL";"KS";"MORT_30_HF";"Death rate for heart failure patients";33;12.0;"Y"
"171353";"PHILLIPS COUNTY HOSPITAL";"KS";"MORT_30_PN";"Death rate for pneumonia patients";49;17.0;"Y"
"171354";"COMMUNITY HOSPITAL, ONAGA AND ST MARYS CAMPUS";"KS";"MORT_30_PN";"Death rate for pneumonia patients";50;20.0;"Y"
"171355";"TREGO COUNTY LEMKE MEMORIAL HOSPITAL";"KS";"MORT_30_PN";"Death rate for pneumonia patients";32;19.0;"Y"
"171357";"HILLSBORO COMMUNITY HOSPITAL";"KS";"MORT_30_PN";"Death rate for pneumonia patients";27;18.0;"Y"
"171358";"LINDSBORG COMMUNITY HOSPITAL";"KS";"MORT_30_PN";"Death rate for pneumonia patients";28;16.0;"Y"
"171359";"GREELEY COUNTY HEALTH SERVICES";"KS";"MORT_30_PN";"Death rate for pneumonia patients";37;16.0;"N"
"171361";"REPUBLIC COUNTY HOSPITAL";"KS";"MORT_30_COPD";"Death rate for COPD patients";38;10.0;"Y"
"171362";"CITIZENS MEDICAL CENTER";"KS";"MORT_30_COPD";"Death rate for COPD patients";34;10.0;"Y"
"171363";"COMMUNITY MEMORIAL HEALTHCARE, INC.";"KS";"MORT_30_COPD";"Death rate for COPD patients";43;9.0;"Y"
"171364";"OSBORNE COUNTY MEMORIAL HOSPITAL";"KS";"MORT_30_PN";"Death rate for pneumonia patients";25;15.0;"Y"
"171367";"GOVE COUNTY MEDICAL CENTER";"KS";"MORT_30_PN";"Death rate for pneumonia patients";34;17.0;"Y"
"171368";"MINNEOLA DISTRICT HOSPITAL";"KS";"MORT_30_PN";"Death rate for pneumonia patients";38;16.0;"Y"
"171370";"GOODLAND REGIONAL MEDICAL CENTER";"KS";"MORT_30_COPD";"Death rate for COPD patients";48;9.0;"Y"
"171371";"CLAY COUNTY MEDICAL CENTER";"KS";"MORT_30_COPD";"Death rate for COPD patients";31;8.0;"Y"
"171372";"SCOTT COUNTY HOSPITAL";"KS";"MORT_30_COPD";"Death rate for COPD patients";35;10.0;"Y"
"171373";"ALLEN COUNTY REGIONAL HOSPITAL";"KS";"MORT_30_HF";"Death rate for heart failure patients";34;11.0;"Y"
"171374";"FREDONIA REGIONAL HOSPITAL";"KS";"MORT_30_PN";"Death rate for pneumonia patients";32;15.0;"Y"
"171375";"MITCHELL COUNTY HOSPITAL HEALTH SYSTEMS";"KS";"MORT_30_COPD";"Death rate for COPD patients";32;8.0;"Y"
"171376";"GIRARD MEDICAL CENTER";"KS";"MORT_30_COPD";"Death rate for COPD patients";28;10.0;"Y"
"171377";"SMITH COUNTY MEMORIAL HOSPITAL";"KS";"MORT_30_PN";"Death rate for pneumonia patients";54;23.0;"Y"
"171378";"KINGMAN HEALTHCARE CENTER";"KS";"MORT_30_PN";"Death rate for pneumonia patients";36;17.0;"Y"
"171379";"MORRIS COUNTY HOSPITAL";"KS";"MORT_30_COPD";"Death rate for COPD patients";25;9.0;"Y"
"171380";"NEOSHO MEMORIAL REGIONAL MEDICAL CENTER";"KS";"MORT_30_COPD";"Death rate for COPD patients";50;9.0;"Y"
"171381";"MEMORIAL HOSPITAL";"KS";"MORT_30_HF";"Death rate for heart failure patients";38;13.0;"Y"
"171382";"AMBERWELL ATCHISON ASSOCIATION";"KS";"MORT_30_PN";"Death rate for pneumonia patients";71;14.0;"Y"
"171383";"WILLIAM NEWTON HOSPITAL";"KS";"MORT_30_COPD";"Death rate for COPD patients";29;10.0;"Y"
"171384";"NEWMAN REGIONAL HEALTH";"KS";"MORT_30_AMI";"Death rate for heart attack patients";28;13.0;"Y"
"171385";"COFFEY COUNTY HOSPITAL";"KS";"MORT_30_HF";"Death rate for heart failure patients";40;13.0;"Y"
"171388";"BOB WILSON MEMORIAL HOSPITAL";"KS";"MORT_30_PN";"Death rate for pneumonia patients";37;15.0;"Y"
"180001";"ST ELIZABETH FT THOMAS";"KY";"MORT_30_COPD";"Death rate for COPD patients";118;7.0;"Y"
"180002";"WHITESBURG ARH HOSPITAL";"KY";"MORT_30_COPD";"Death rate for COPD patients";71;9.0;"Y"
"180004";"OWENSBORO HEALTH MUHLENBERG COMMUNITY HOSPITAL";"KY";"MORT_30_COPD";"Death rate for COPD patients";30;9.0;"Y"
"180005";"HIGHLANDS ARH REGIONAL MEDICAL CENTER";"KY";"MORT_30_AMI";"Death rate for heart attack patients";45;13.0;"Y"
"180009";"KING'S DAUGHTERS' MEDICAL CENTER";"KY";"MORT_30_AMI";"Death rate for heart attack patients";330;14.0;"Y"
"180010";"SAINT JOSEPH HOSPITAL";"KY";"MORT_30_AMI";"Death rate for heart attack patients";128;11.0;"Y"
"180011";"SAINT JOSEPH LONDON";"KY";"MORT_30_AMI";"Death rate for heart attack patients";93;14.0;"Y"
"180012";"BAPTIST HEALTH HARDIN";"KY";"MORT_30_AMI";"Death rate for heart attack patients";148;15.0;"Y"
"180013";"THE MEDICAL CENTER (BOWLING GREEN)";"KY";"MORT_30_AMI";"Death rate for heart attack patients";302;14.0;"Y"
"180016";"UOFL HEALTH - SHELBYVILLE HOSPITAL";"KY";"MORT_30_COPD";"Death rate for COPD patients";30;9.0;"Y"
"180017";"T J SAMSON COMMUNITY HOSPITAL";"KY";"MORT_30_AMI";"Death rate for heart attack patients";124;12.0;"Y"
"180018";"ST CLAIRE REGIONAL MEDICAL CENTER";"KY";"MORT_30_AMI";"Death rate for heart attack patients";50;13.0;"Y"
"180019";"MEADOWVIEW REGIONAL MEDICAL CENTER";"KY";"MORT_30_AMI";"Death rate for heart attack patients";75;11.0;"Y"
"180020";"MIDDLESBORO ARH HOSPITAL";"KY";"MORT_30_COPD";"Death rate for COPD patients";27;10.0;"Y"
"180024";"SPRING VIEW HOSPITAL";"KY";"MORT_30_COPD";"Death rate for COPD patients";25;9.0;"Y"
"180025";"CHI SAINT JOSEPH FLAGET MEMORIAL HOSPITAL";"KY";"MORT_30_HF";"Death rate for heart failure patients";95;10.0;"Y"
"180027";"MURRAY-CALLOWAY COUNTY HOSPITAL";"KY";"MORT_30_AMI";"Death rate for heart attack patients";127;13.0;"Y"
"180029";"HAZARD ARH REGIONAL MEDICAL CENTER";"KY";"MORT_30_AMI";"Death rate for heart attack patients";84;12.0;"Y"
"180035";"ST ELIZABETH EDGEWOOD";"KY";"MORT_30_AMI";"Death rate for heart attack patients";343;11.0;"Y"
"180038";"OWENSBORO HEALTH REGIONAL HOSPITAL";"KY";"MORT_30_AMI";"Death rate for heart attack patients";256;13.0;"Y"
"180040";"UOFL HEALTH - JEWISH HOSPITAL and Mary & Elizabeth Hospital";"KY";"MORT_30_AMI";"Death rate for heart attack patients";253;11.0;"Y"
"180043";"MANCHESTER MEMORIAL HOSPITAL";"KY";"MORT_30_HF";"Death rate for heart failure patients";64;11.0;"Y"
"180044";"PIKEVILLE MEDICAL CENTER";"KY";"MORT_30_AMI";"Death rate for heart attack patients";148;15.0;"Y"
"180045";"ST ELIZABETH FLORENCE";"KY";"MORT_30_AMI";"Death rate for heart attack patients";35;12.0;"Y"
"180046";"BOURBON COMMUNITY HOSPITAL";"KY";"MORT_30_HF";"Death rate for heart failure patients";34;14.0;"Y"
"180048";"EPHRAIM MCDOWELL REGIONAL MEDICAL CENTER";"KY";"MORT_30_AMI";"Death rate for heart attack patients";119;13.0;"Y"
"180049";"BAPTIST HEALTH RICHMOND";"KY";"MORT_30_AMI";"Death rate for heart attack patients";33;13.0;"Y"
"180050";"HARLAN ARH HOSPITAL";"KY";"MORT_30_COPD";"Death rate for COPD patients";46;8.0;"Y"
"180051";"JENNIE STUART MEDICAL CENTER";"KY";"MORT_30_COPD";"Death rate for COPD patients";100;12.0;"Y"
"180056";"DEACONESS HENDERSON HOSPITAL";"KY";"MORT_30_COPD";"Death rate for COPD patients";46;12.0;"Y"
"180064";"SAINT JOSEPH MOUNT STERLING";"KY";"MORT_30_HF";"Death rate for heart failure patients";61;11.0;"Y"
"180066";"The Medical Center at Russellville";"KY";"MORT_30_HF";"Death rate for heart failure patients";29;12.0;"Y"
"180067";"UNIVERSITY OF KENTUCKY HOSPITAL";"KY";"MORT_30_AMI";"Death rate for heart attack patients";91;12.0;"Y"
"180069";"TUG VALLEY ARH REGIONAL MEDICAL CENTER";"KY";"MORT_30_COPD";"Death rate for COPD patients";80;8.0;"Y"
"18006F";"LOUISVILLE VA MEDICAL CENTER";"KY";"MORT_30_AMI";"Death rate for heart attack patients";79;11.0;"N"
"180070";"OWENSBORO HEALTH TWIN LAKES MEDICAL CENTER";"KY";"MORT_30_COPD";"Death rate for COPD patients";49;10.0;"Y"
"180078";"PAINTSVILLE ARH HOSPITAL";"KY";"MORT_30_COPD";"Death rate for COPD patients";42;10.0;"Y"
"180079";"HARRISON MEMORIAL HOSPITAL";"KY";"MORT_30_AMI";"Death rate for heart attack patients";42;13.0;"Y"
"18007F";"LEXINGTON VA MEDICAL CENTER";"KY";"MORT_30_AMI";"Death rate for heart attack patients";150;11.0;"N"
"180080";"BAPTIST HEALTH CORBIN";"KY";"MORT_30_AMI";"Death rate for heart attack patients";78;13.0;"Y"
"180087";"TAYLOR REGIONAL HOSPITAL";"KY";"MORT_30_COPD";"Death rate for COPD patients";60;12.0;"Y"
"180088";"NORTON HOSPITALS, INC";"KY";"MORT_30_AMI";"Death rate for heart attack patients";619;11.0;"Y"
"180092";"CLARK REGIONAL MEDICAL CENTER";"KY";"MORT_30_AMI";"Death rate for heart attack patients";56;12.0;"Y"
"180093";"BAPTIST HEALTH DEACONESS MADISONVILLE";"KY";"MORT_30_AMI";"Death rate for heart attack patients";95;15.0;"Y"
"180101";"GEORGETOWN COMMUNITY HOSPITAL";"KY";"MORT_30_HF";"Death rate for heart failure patients";48;10.0;"Y"
"180102";"MERCY HEALTH - LOURDES HOSPITAL";"KY";"MORT_30_AMI";"Death rate for heart attack patients";165;11.0;"Y"
"180103";"BAPTIST HEALTH LEXINGTON";"KY";"MORT_30_AMI";"Death rate for heart attack patients";196;13.0;"Y"
"180104";"BAPTIST HEALTH PADUCAH";"KY";"MORT_30_AMI";"Death rate for heart attack patients";185;13.0;"Y"
"180105";"MONROE COUNTY MEDICAL CENTER";"KY";"MORT_30_COPD";"Death rate for COPD patients";49;9.0;"Y"
"180115";"ROCKCASTLE COUNTY HOSPITAL, INC.";"KY";"MORT_30_COPD";"Death rate for COPD patients";32;10.0;"Y"
"180116";"JACKSON PURCHASE MEDICAL CENTER";"KY";"MORT_30_AMI";"Death rate for heart attack patients";30;15.0;"Y"
"180124";"TRISTAR GREENVIEW REGIONAL HOSPITAL";"KY";"MORT_30_AMI";"Death rate for heart attack patients";101;13.0;"Y"
"180127";"FRANKFORT REGIONAL MEDICAL CENTER";"KY";"MORT_30_AMI";"Death rate for heart attack patients";57;12.0;"Y"
"180128";"THREE RIVERS MEDICAL CENTER";"KY";"MORT_30_COPD";"Death rate for COPD patients";31;10.0;"Y"
"180130";"BAPTIST HEALTH LOUISVILLE";"KY";"MORT_30_AMI";"Death rate for heart attack patients";323;11.0;"Y"
"180132";"LAKE CUMBERLAND REGIONAL HOSPITAL";"KY";"MORT_30_AMI";"Death rate for heart attack patients";190;13.0;"Y"
"180138";"BAPTIST HEALTH LAGRANGE";"KY";"MORT_30_COPD";"Death rate for COPD patients";29;10.0;"Y"
"180141";"UNIVERSITY OF LOUISVILLE HOSPITAL";"KY";"MORT_30_AMI";"Death rate for heart attack patients";30;13.0;"Y"
"180143";"SAINT JOSEPH EAST";"KY";"MORT_30_HF";"Death rate for heart failure patients";82;9.0;"Y"
"180149";"TJ HEALTH COLUMBIA";"KY";"MORT_30_PN";"Death rate for pneumonia patients";47;19.0;"Y"
"180154";"PINEVILLE COMMUNITY HEALTH CENTER, INC";"KY";"MORT_30_HF";"Death rate for heart failure patients";27;14.0;"N"
"181301";"MARCUM AND WALLACE MEMORIAL HOSPITAL";"KY";"MORT_30_COPD";"Death rate for COPD patients";26;10.0;"Y"
"181306";"METHODIST HOSPITAL UNION COUNTY";"KY";"MORT_30_PN";"Death rate for pneumonia patients";32;16.0;"Y"
"181309";"CASEY COUNTY HOSPITAL";"KY";"MORT_30_COPD";"Death rate for COPD patients";40;9.0;"Y"
"181315";"EPHRAIM MCDOWELL FORT LOGAN HOSPITAL";"KY";"MORT_30_PN";"Death rate for pneumonia patients";33;16.0;"Y"
"181317";"CUMBERLAND COUNTY HOSPITAL";"KY";"MORT_30_PN";"Death rate for pneumonia patients";53;21.0;"Y"
"181318";"THE MEDICAL CENTER AT FRANKLIN";"KY";"MORT_30_PN";"Death rate for pneumonia patients";43;19.0;"Y"
"181319";"BRECKINRIDGE MEMORIAL HOSPITAL";"KY";"MORT_30_COPD";"Death rate for COPD patients";37;10.0;"Y"
"181320";"LIVINGSTON HOSPITAL AND HEALTHCARE SERVICES, INC";"KY";"MORT_30_COPD";"Death rate for COPD patients";26;9.0;"Y"
"181321";"WAYNE COUNTY HOSPITAL";"KY";"MORT_30_PN";"Death rate for pneumonia patients";30;17.0;"Y"
"181323";"OHIO COUNTY HOSPITAL";"KY";"MORT_30_COPD";"Death rate for COPD patients";30;14.0;"N"
"181327";"MARSHALL COUNTY HOSPITAL";"KY";"MORT_30_COPD";"Death rate for COPD patients";38;11.0;"Y"
"181329";"CHI SAINT JOSEPH BEREA NF";"KY";"MORT_30_HF";"Death rate for heart failure patients";31;10.0;"Y"
"181330";"RUSSELL COUNTY HOSPITAL";"KY";"MORT_30_PN";"Death rate for pneumonia patients";59;17.0;"Y"
"181332";"FLEMING COUNTY HOSPITAL";"KY";"MORT_30_PN";"Death rate for pneumonia patients";40;21.0;"Y"
"190002";"OCHSNER LAFAYETTE GENERAL MEDICAL CENTER";"LA";"MORT_30_AMI";"Death rate for heart attack patients";210;14.0;"Y"
"190004";"THIBODAUX REGIONAL MEDICAL CENTER";"LA";"MORT_30_AMI";"Death rate for heart attack patients";126;15.0;"Y"
"190005";"UNIVERSITY MEDICAL CENTER NEW ORLEANS";"LA";"MORT_30_AMI";"Death rate for heart attack patients";33;13.0;"Y"
"190006";"OCHSNER UNIVERSITY HOSPITAL AND CLINICS";"LA";"MORT_30_COPD";"Death rate for COPD patients";26;12.0;"Y"
"190007";"NATCHITOCHES REGIONAL MEDICAL CENTER";"LA";"MORT_30_HF";"Death rate for heart failure patients";49;10.0;"Y"
"190008";"TERREBONNE GENERAL MEDICAL CENTER - PARISH";"LA";"MORT_30_AMI";"Death rate for heart attack patients";90;12.0;"Y"
"190011";"OCHSNER LSU HEALTH MONROE";"LA";"MORT_30_HF";"Death rate for heart failure patients";48;11.0;"Y"
"190013";"WEST CALCASIEU CAMERON HOSPITAL";"LA";"MORT_30_COPD";"Death rate for COPD patients";58;9.0;"Y"
"190014";"OCHSNER ST MARY";"LA";"MORT_30_COPD";"Death rate for COPD patients";37;12.0;"Y"
"190015";"NORTH OAKS MEDICAL CENTER";"LA";"MORT_30_AMI";"Death rate for heart attack patients";115;14.0;"Y"
"190017";"OPELOUSAS GENERAL HEALTH SYSTEM";"LA";"MORT_30_AMI";"Death rate for heart attack patients";60;13.0;"Y"
"190019";"CHRISTUS ST FRANCES CABRINI HOSPITAL";"LA";"MORT_30_AMI";"Death rate for heart attack patients";372;13.0;"Y"
"190020";"LANE REGIONAL MEDICAL CENTER";"LA";"MORT_30_AMI";"Death rate for heart attack patients";55;13.0;"Y"
"190025";"SAVOY MEDICAL CENTER";"LA";"MORT_30_HF";"Death rate for heart failure patients";29;11.0;"Y"
"190026";"RAPIDES REGIONAL MEDICAL CENTER";"LA";"MORT_30_AMI";"Death rate for heart attack patients";167;13.0;"Y"
"190027";"CHRISTUS OCHSNER ST PATRICK HOSPITAL";"LA";"MORT_30_AMI";"Death rate for heart attack patients";113;12.0;"Y"
"190034";"ABBEVILLE GENERAL HOSPITAL";"LA";"MORT_30_HF";"Death rate for heart failure patients";78;15.0;"Y"
"190036";"OCHSNER MEDICAL CENTER ACUTE";"LA";"MORT_30_AMI";"Death rate for heart attack patients";185;11.0;"Y"
"190039";"WEST JEFFERSON MEDICAL CENTER";"LA";"MORT_30_AMI";"Death rate for heart attack patients";54;14.0;"Y"
"190040";"SLIDELL MEMORIAL HOSPITAL";"LA";"MORT_30_AMI";"Death rate for heart attack patients";128;12.0;"Y"
"190041";"CHRISTUS SHREVEPORT-BOSSIER HEALTH SYSTEM";"LA";"MORT_30_AMI";"Death rate for heart attack patients";174;12.0;"Y"
"190044";"ACADIA GENERAL HOSPITAL";"LA";"MORT_30_COPD";"Death rate for COPD patients";62;8.0;"Y"
"190045";"ST TAMMANY PARISH HOSPITAL";"LA";"MORT_30_AMI";"Death rate for heart attack patients";156;13.0;"Y"
"190046";"TOURO INFIRMARY";"LA";"MORT_30_AMI";"Death rate for heart attack patients";66;12.0;"Y"
"190050";"BEAUREGARD MEMORIAL HOSPITAL";"LA";"MORT_30_COPD";"Death rate for COPD patients";29;8.0;"Y"
"190053";"OCHSNER AMERICAN LEGION HOSPITAL";"LA";"MORT_30_COPD";"Death rate for COPD patients";52;9.0;"Y"
"190054";"IBERIA MEDICAL CENTER";"LA";"MORT_30_AMI";"Death rate for heart attack patients";50;14.0;"N"
"190060";"LAKE CHARLES MEMORIAL HOSPITAL";"LA";"MORT_30_AMI";"Death rate for heart attack patients";144;12.0;"N"
"190064";"OUR LADY OF THE LAKE REGIONAL MEDICAL CENTER";"LA";"MORT_30_AMI";"Death rate for heart attack patients";163;14.0;"Y"
"190065";"BATON ROUGE GENERAL MEDICAL CENTER";"LA";"MORT_30_AMI";"Death rate for heart attack patients";93;12.0;"Y"
"190086";"NORTHERN LOUISIANA MEDICAL CENTER";"LA";"MORT_30_AMI";"Death rate for heart attack patients";59;13.0;"Y"
"190088";"SPRINGHILL MEDICAL CENTER";"LA";"MORT_30_HF";"Death rate for heart failure patients";38;11.0;"Y"
"190090";"WINN PARISH MEDICAL CENTER";"LA";"MORT_30_PN";"Death rate for pneumonia patients";99;24.0;"Y"
"190098";"OCHSNER LSU HEALTH SHREVEPORT";"LA";"MORT_30_AMI";"Death rate for heart attack patients";28;12.0;"Y"
"190099";"AVOYELLES HOSPITAL";"LA";"MORT_30_HF";"Death rate for heart failure patients";33;16.0;"Y"
"190102";"OUR LADY OF LOURDES REGIONAL MEDICAL CENTER, INC";"LA";"MORT_30_AMI";"Death rate for heart attack patients";370;12.0;"Y"
"190106";"OAKDALE COMMUNITY HOSPITAL";"LA";"MORT_30_HF";"Death rate for heart failure patients";34;12.0;"Y"
"190111";"WILLIS KNIGHTON MEDICAL CENTER";"LA";"MORT_30_AMI";"Death rate for heart attack patients";337;12.0;"Y"
"190114";"CLAIBORNE MEMORIAL MEDICAL CENTER";"LA";"MORT_30_HF";"Death rate for heart failure patients";42;14.0;"Y"
"190116";"MOREHOUSE GENERAL HOSPITAL";"LA";"MORT_30_HF";"Death rate for heart failure patients";35;12.0;"Y"
"190118";"DESOTO REGIONAL HEALTH SYSTEM";"LA";"MORT_30_HF";"Death rate for heart failure patients";30;11.0;"Y"
"190125";"ST FRANCIS MEDICAL CENTER";"LA";"MORT_30_AMI";"Death rate for heart attack patients";289;13.0;"Y"
"190140";"FRANKLIN MEDICAL CENTER";"LA";"MORT_30_PN";"Death rate for pneumonia patients";67;14.0;"Y"
"190144";"MINDEN MEDICAL CENTER";"LA";"MORT_30_COPD";"Death rate for COPD patients";31;9.0;"Y"
"190145";"LASALLE GENERAL HOSPITAL";"LA";"MORT_30_HF";"Death rate for heart failure patients";32;14.0;"Y"
"190151";"RICHARDSON MEDICAL CENTER";"LA";"MORT_30_PN";"Death rate for pneumonia patients";54;17.0;"Y"
"190160";"GLENWOOD REGIONAL MEDICAL CENTER";"LA";"MORT_30_AMI";"Death rate for heart attack patients";234;13.0;"Y"
"190164";"BYRD REGIONAL HOSPITAL";"LA";"MORT_30_COPD";"Death rate for COPD patients";78;8.0;"Y"
"190167";"MERCY REGIONAL MEDICAL CENTER";"LA";"MORT_30_COPD";"Death rate for COPD patients";30;9.0;"Y"
"190176";"EAST JEFFERSON GENERAL HOSPITAL";"LA";"MORT_30_AMI";"Death rate for heart attack patients";145;13.0;"Y"
"190183";"LEONARD J CHABERT MEDICAL CENTER";"LA";"MORT_30_HF";"Death rate for heart failure patients";37;10.0;"Y"
"190184";"CITIZENS MEDICAL CENTER";"LA";"MORT_30_COPD";"Death rate for COPD patients";26;8.0;"N"
"190190";"CALDWELL MEMORIAL HOSPITAL, INC";"LA";"MORT_30_HF";"Death rate for heart failure patients";27;10.0;"Y"
"190202";"OCHSNER MEDICAL CENTER - BATON ROUGE";"LA";"MORT_30_AMI";"Death rate for heart attack patients";91;12.0;"Y"
"190208";"EAST CARROLL PARISH HOSPITAL";"LA";"MORT_30_COPD";"Death rate for COPD patients";30;10.0;"Y"
"190218";"SABINE MEDICAL CENTER";"LA";"MORT_30_PN";"Death rate for pneumonia patients";57;23.0;"Y"
"190274";"OCHSNER MEDICAL CENTER-KENNER";"LA";"MORT_30_AMI";"Death rate for heart attack patients";42;12.0;"Y"
"190308";"ST BERNARD PARISH HOSPITAL";"LA";"MORT_30_HF";"Death rate for heart failure patients";30;12.0;"Y"
"190312";"OUR LADY OF THE ANGELS HOSPITAL";"LA";"MORT_30_COPD";"Death rate for COPD patients";25;9.0;"Y"
"190316";"THE GENERAL";"LA";"MORT_30_PN";"Death rate for pneumonia patients";33;15.0;"Y"
"190318";"ACADIAN MEDICAL CENTER";"LA";"MORT_30_COPD";"Death rate for COPD patients";29;8.0;"Y"
"19043F";"ALEXANDRIA VA MEDICAL CENTER";"LA";"MORT_30_HF";"Death rate for heart failure patients";39;12.0;"N"
"19047F";"SOUTHEAST LOUISIANA VETERANS HEALTH CARE SYSTEM";"LA";"MORT_30_AMI";"Death rate for heart attack patients";100;12.0;"N"
"19048F";"OVERTON BROOKS VA MEDICAL CENTER (SHREVEPORT)";"LA";"MORT_30_AMI";"Death rate for heart attack patients";65;12.0;"N"
"191301";"UNION GENERAL HOSPITAL";"LA";"MORT_30_PN";"Death rate for pneumonia patients";53;21.0;"Y"
"191302";"OCHSNER ST MARTIN HOSPITAL";"LA";"MORT_30_PN";"Death rate for pneumonia patients";41;15.0;"Y"
"191304";"NORTH CADDO MEDICAL CENTER";"LA";"MORT_30_PN";"Death rate for pneumonia patients";30;17.0;"Y"
"191310";"BAYOU BEND HEALTH SYSTEM";"LA";"MORT_30_PN";"Death rate for pneumonia patients";27;20.0;"Y"
"191312";"CHRISTUS COUSHATTA HEALTH CARE CENTER";"LA";"MORT_30_COPD";"Death rate for COPD patients";36;9.0;"Y"
"191315";"HARDTNER MEDICAL CENTER";"LA";"MORT_30_PN";"Death rate for pneumonia patients";32;20.0;"Y"
"191317";"JACKSON PARISH HOSPITAL";"LA";"MORT_30_PN";"Death rate for pneumonia patients";33;17.0;"Y"
"191318";"RIVERLAND MEDICAL CENTER";"LA";"MORT_30_COPD";"Death rate for COPD patients";38;9.0;"Y"
"191322";"ABROM KAPLAN MEMORIAL HOSPITAL";"LA";"MORT_30_PN";"Death rate for pneumonia patients";37;17.0;"Y"
"191323";"RICHLAND PARISH HOSPITAL-DELHI";"LA";"MORT_30_PN";"Death rate for pneumonia patients";45;18.0;"Y"
"191324";"OCHSNER ST ANNE GENERAL HOSPITAL";"LA";"MORT_30_PN";"Death rate for pneumonia patients";37;13.0;"Y"
"191327";"WEST CARROLL MEMORIAL HOSPITAL";"LA";"MORT_30_PN";"Death rate for pneumonia patients";52;16.0;"Y"
"200001";"ST JOSEPH HOSPITAL";"ME";"MORT_30_AMI";"Death rate for heart attack patients";49;13.0;"Y"
"200008";"NORTHERN LIGHT MERCY HOSPITAL";"ME";"MORT_30_AMI";"Death rate for heart attack patients";31;13.0;"Y"
"200009";"MAINEHEALTH MAINE MEDICAL CENTER";"ME";"MORT_30_AMI";"Death rate for heart attack patients";519;13.0;"Y"
"200018";"NORTHERN LIGHT  A R GOULD HOSPITAL";"ME";"MORT_30_AMI";"Death rate for heart attack patients";32;12.0;"Y"
"200020";"YORK HOSPITAL";"ME";"MORT_30_AMI";"Death rate for heart attack patients";53;11.0;"Y"
"200021";"MID COAST HOSPITAL";"ME";"MORT_30_AMI";"Death rate for heart attack patients";52;15.0;"Y"
"200024";"CENTRAL MAINE MEDICAL CENTER";"ME";"MORT_30_AMI";"Death rate for heart attack patients";157;12.0;"Y"
"200031";"CARY MEDICAL CENTER";"ME";"MORT_30_COPD";"Death rate for COPD patients";52;12.0;"Y"
"200033";"NORTHERN LIGHT EASTERN MAINE MEDICAL CENTER";"ME";"MORT_30_AMI";"Death rate for heart attack patients";420;12.0;"Y"
"200034";"ST MARY'S REGIONAL MEDICAL CENTER";"ME";"MORT_30_HF";"Death rate for heart failure patients";89;12.0;"Y"
"200039";"MAINE GENERAL MEDICAL CENTER";"ME";"MORT_30_AMI";"Death rate for heart attack patients";80;13.0;"Y"
"20003F";"TOGUS VA MEDICAL CENTER";"ME";"MORT_30_AMI";"Death rate for heart attack patients";31;14.0;"N"
"200050";"NORTHERN LIGHT MAINE COAST HOSPITAL";"ME";"MORT_30_AMI";"Death rate for heart attack patients";32;12.0;"Y"
"200052";"NORTHERN MAINE MEDICAL CENTER";"ME";"MORT_30_AMI";"Death rate for heart attack patients";35;13.0;"N"
"200063";"MAINEHEALTH PEN BAY HOSPITAL";"ME";"MORT_30_AMI";"Death rate for heart attack patients";27;12.0;"Y"
"201300";"NORTHERN LIGHT BLUE HILL MEMORIAL HOSPITAL";"ME";"MORT_30_PN";"Death rate for pneumonia patients";28;14.0;"Y"
"201302";"LINCOLNHEALTH";"ME";"MORT_30_COPD";"Death rate for COPD patients";27;10.0;"Y"
"201304";"MOUNT DESERT ISLAND HOSPITAL";"ME";"MORT_30_PN";"Death rate for pneumonia patients";32;17.0;"Y"
"201305";"CALAIS COMMUNITY HOSPITAL";"ME";"MORT_30_PN";"Death rate for pneumonia patients";61;21.0;"Y"
"201306";"RUMFORD  HOSPITAL";"ME";"MORT_30_PN";"Death rate for pneumonia patients";27;15.0;"Y"
"201307";"MILLINOCKET REGIONAL HOSPITAL";"ME";"MORT_30_AMI";"Death rate for heart attack patients";31;15.0;"N"
"201308";"HOULTON REGIONAL HOSPITAL";"ME";"MORT_30_COPD";"Death rate for COPD patients";28;12.0;"Y"
"201309";"NORTHERN LIGHT MAYO HOSPITAL";"ME";"MORT_30_COPD";"Death rate for COPD patients";27;10.0;"Y"
"201310";"BRIDGTON HOSPITAL";"ME";"MORT_30_HF";"Death rate for heart failure patients";26;16.0;"Y"
"201311";"DOWN EAST COMMUNITY HOSPITAL";"ME";"MORT_30_COPD";"Death rate for COPD patients";29;10.0;"Y"
"201312";"MAINEHEALTH WALDO HOSPITAL";"ME";"MORT_30_COPD";"Death rate for COPD patients";25;8.0;"Y"
"201313";"NORTHERN LIGHT SEBASTICOOK VALLEY HOSPITAL";"ME";"MORT_30_COPD";"Death rate for COPD patients";26;10.0;"Y"
"201314";"REDINGTON FAIRVIEW GENERAL HOSPITAL";"ME";"MORT_30_AMI";"Death rate for heart attack patients";25;12.0;"Y"
"201315";"MAINEHEALTH STEPHENS HOSPITAL";"ME";"MORT_30_COPD";"Death rate for COPD patients";31;9.0;"Y"
"201316";"MAINEHEALTH FRANKLIN HOSPITAL";"ME";"MORT_30_COPD";"Death rate for COPD patients";38;11.0;"N"
"210001";"MERITUS MEDICAL CENTER";"MD";"MORT_30_AMI";"Death rate for heart attack patients";333;12.0;"Y"
"210002";"UNIVERSITY OF MARYLAND MEDICAL CENTER";"MD";"MORT_30_AMI";"Death rate for heart attack patients";86;13.0;"Y"
"210003";"UNIVERSITY OF MD CAPITAL REGION MEDICAL CENTER";"MD";"MORT_30_AMI";"Death rate for heart attack patients";82;10.0;"Y"
"210004";"HOLY CROSS HOSPITAL";"MD";"MORT_30_AMI";"Death rate for heart attack patients";121;12.0;"Y"
"210005";"FREDERICK HEALTH HOSPITAL";"MD";"MORT_30_AMI";"Death rate for heart attack patients";248;14.0;"N"
"210008";"MERCY MEDICAL CENTER INC";"MD";"MORT_30_COPD";"Death rate for COPD patients";39;9.0;"Y"
"210009";"JOHNS HOPKINS HOSPITAL, THE";"MD";"MORT_30_AMI";"Death rate for heart attack patients";96;11.0;"Y"
"210011";"SAINT AGNES HOSPITAL";"MD";"MORT_30_AMI";"Death rate for heart attack patients";95;12.0;"N"
"210012";"SINAI HOSPITAL OF BALTIMORE";"MD";"MORT_30_AMI";"Death rate for heart attack patients";210;12.0;"Y"
"210015";"MEDSTAR FRANKLIN SQUARE MEDICAL CENTER";"MD";"MORT_30_AMI";"Death rate for heart attack patients";271;13.0;"Y"
"210016";"ADVENTIST HEALTHCARE WHITE OAK MEDICAL CENTER";"MD";"MORT_30_AMI";"Death rate for heart attack patients";180;14.0;"Y"
"210017";"GARRETT REGIONAL MEDICAL CENTER";"MD";"MORT_30_AMI";"Death rate for heart attack patients";34;11.0;"Y"
"210018";"MEDSTAR MONTGOMERY MEDICAL CENTER";"MD";"MORT_30_AMI";"Death rate for heart attack patients";51;12.0;"Y"
"210019";"TIDALHEALTH PENINSULA REGIONAL, INC";"MD";"MORT_30_AMI";"Death rate for heart attack patients";452;12.0;"Y"
"210022";"SUBURBAN HOSPITAL";"MD";"MORT_30_AMI";"Death rate for heart attack patients";249;10.0;"Y"
"210023";"LUMINIS HEALTH ANNE ARUNDEL MEDICAL CENTER, INC";"MD";"MORT_30_AMI";"Death rate for heart attack patients";410;11.0;"Y"
"210024";"MEDSTAR UNION MEMORIAL HOSPITAL";"MD";"MORT_30_AMI";"Death rate for heart attack patients";218;11.0;"Y"
"210027";"WESTERN MARYLAND REGIONAL MEDICAL CENTER";"MD";"MORT_30_AMI";"Death rate for heart attack patients";201;12.0;"Y"
"210028";"MEDSTAR SAINT MARY'S HOSPITAL";"MD";"MORT_30_AMI";"Death rate for heart attack patients";71;12.0;"Y"
"210029";"JOHNS HOPKINS BAYVIEW MEDICAL CENTER";"MD";"MORT_30_AMI";"Death rate for heart attack patients";121;14.0;"Y"
"210030";"UNIVERSITY OF MD SHORE MEDICAL CTR AT CHESTERTOWN";"MD";"MORT_30_COPD";"Death rate for COPD patients";44;8.0;"Y"
"210032";"UNION HOSPITAL OF CECIL COUNTY";"MD";"MORT_30_AMI";"Death rate for heart attack patients";68;13.0;"Y"
"210033";"CARROLL HOSPITAL CENTER";"MD";"MORT_30_AMI";"Death rate for heart attack patients";177;11.0;"Y"
"210034";"MEDSTAR HARBOR HOSPITAL";"MD";"MORT_30_AMI";"Death rate for heart attack patients";63;12.0;"Y"
"210035";"UNIVERSITY OF MD CHARLES REGIONAL  MEDICAL CENTER";"MD";"MORT_30_AMI";"Death rate for heart attack patients";29;11.0;"Y"
"210037";"UNIVERSITY OF MD SHORE MEDICAL CENTER AT EASTON";"MD";"MORT_30_AMI";"Death rate for heart attack patients";188;12.0;"Y"
"210038";"UNIVERSITY OF MD MEDICAL CENTER MIDTOWN CAMPUS";"MD";"MORT_30_COPD";"Death rate for COPD patients";52;7.0;"Y"
"210039";"CALVERTHEALTH MEDICAL CENTER";"MD";"MORT_30_AMI";"Death rate for heart attack patients";68;12.0;"Y"
"210040";"NORTHWEST HOSPITAL CENTER";"MD";"MORT_30_AMI";"Death rate for heart attack patients";92;12.0;"Y"
"210043";"UNIVERSITY OF MD BALTIMORE WASHINGTON MEDICAL CENTER";"MD";"MORT_30_AMI";"Death rate for heart attack patients";148;13.0;"Y"
"210044";"GREATER BALTIMORE MEDICAL CENTER";"MD";"MORT_30_AMI";"Death rate for heart attack patients";38;13.0;"Y"
"210048";"JOHNS HOPKINS HOWARD COUNTY MEDICAL CENTER";"MD";"MORT_30_AMI";"Death rate for heart attack patients";229;12.0;"Y"
"210049";"UMD UPPER CHESAPEAKE MEDICAL CENTER";"MD";"MORT_30_AMI";"Death rate for heart attack patients";303;11.0;"Y"
"210051";"LUMINIS HEALTH DOCTORS COMMUNITY MEDICAL CTR, INC";"MD";"MORT_30_AMI";"Death rate for heart attack patients";36;11.0;"Y"
"210056";"MEDSTAR GOOD SAMARITAN HOSPITAL";"MD";"MORT_30_AMI";"Death rate for heart attack patients";58;12.0;"Y"
"210057";"ADVENTIST HEALTHCARE SHADY GROVE MEDICAL CENTER";"MD";"MORT_30_AMI";"Death rate for heart attack patients";282;13.0;"Y"
"210060";"ADVENTIST HEALTHCARE FORT WASHINGTON MEDICAL CTR";"MD";"MORT_30_COPD";"Death rate for COPD patients";43;8.0;"Y"
"210061";"ATLANTIC GENERAL HOSPITAL";"MD";"MORT_30_AMI";"Death rate for heart attack patients";47;14.0;"Y"
"210062";"MEDSTAR SOUTHERN MARYLAND HOSPITAL CENTER";"MD";"MORT_30_AMI";"Death rate for heart attack patients";299;11.0;"Y"
"210063";"UNIVERSITY OF MD ST JOSEPH MEDICAL CENTER";"MD";"MORT_30_AMI";"Death rate for heart attack patients";350;12.0;"Y"
"210065";"HOLY CROSS GERMANTOWN HOSPITAL";"MD";"MORT_30_AMI";"Death rate for heart attack patients";32;11.0;"Y"
"21020F";"VA MARYLAND HEALTHCARE SYSTEM - BALTIMORE";"MD";"MORT_30_AMI";"Death rate for heart attack patients";54;12.0;"N"
"220001";"UMASS MEMORIAL HEALTHALLIANCE HOSPITALS";"MA";"MORT_30_AMI";"Death rate for heart attack patients";76;11.0;"Y"
"220002";"MOUNT AUBURN HOSPITAL";"MA";"MORT_30_AMI";"Death rate for heart attack patients";199;11.0;"Y"
"220008";"STURDY MEMORIAL HOSPITAL";"MA";"MORT_30_AMI";"Death rate for heart attack patients";51;12.0;"Y"
"220010";"LAWRENCE GENERAL HOSPITAL";"MA";"MORT_30_AMI";"Death rate for heart attack patients";151;13.0;"Y"
"220011";"CAMBRIDGE HEALTH ALLIANCE";"MA";"MORT_30_COPD";"Death rate for COPD patients";102;9.0;"Y"
"220012";"CAPE COD HOSPITAL";"MA";"MORT_30_AMI";"Death rate for heart attack patients";592;12.0;"Y"
"220015";"COOLEY DICKINSON HOSPITAL INC,THE";"MA";"MORT_30_AMI";"Death rate for heart attack patients";45;12.0;"Y"
"220016";"BAYSTATE FRANKLIN MEDICAL CENTER";"MA";"MORT_30_COPD";"Death rate for COPD patients";128;8.0;"Y"
"220019";"UMASS MEMORIAL HEALTH - HARRINGTON HOSPITAL";"MA";"MORT_30_AMI";"Death rate for heart attack patients";31;13.0;"Y"
"220020";"SAINT ANNE'S HOSPITAL";"MA";"MORT_30_AMI";"Death rate for heart attack patients";80;11.0;"Y"
"220024";"HOLYOKE MEDICAL CENTER";"MA";"MORT_30_AMI";"Death rate for heart attack patients";42;13.0;"Y"
"220029";"ANNA JAQUES HOSPITAL";"MA";"MORT_30_AMI";"Death rate for heart attack patients";32;13.0;"Y"
"220030";"BAYSTATE WING HOSPITAL";"MA";"MORT_30_COPD";"Death rate for COPD patients";142;8.0;"Y"
"220031";"BOSTON MEDICAL CENTER";"MA";"MORT_30_AMI";"Death rate for heart attack patients";83;12.0;"Y"
"220033";"NORTHEAST HOSPITAL CORPORATION";"MA";"MORT_30_AMI";"Death rate for heart attack patients";254;11.0;"Y"
"220035";"NORTH SHORE MEDICAL CENTER -";"MA";"MORT_30_AMI";"Death rate for heart attack patients";241;12.0;"Y"
"220036";"BOSTON MEDICAL CENTER-BRIGHTON";"MA";"MORT_30_AMI";"Death rate for heart attack patients";164;12.0;"Y"
"220046";"BERKSHIRE MEDICAL CENTER";"MA";"MORT_30_AMI";"Death rate for heart attack patients";73;13.0;"Y"
"220049";"UMASS MEMORIAL HEALTHCARE-MARLBOROUGH HOSPITAL";"MA";"MORT_30_AMI";"Death rate for heart attack patients";41;12.0;"Y"
"220052";"SIGNATURE HEALTHCARE BROCKTON HOSPITAL";"MA";"MORT_30_AMI";"Death rate for heart attack patients";46;13.0;"N"
"220060";"BETH ISRAEL DEACONESS HOSPITAL PLYMOUTH";"MA";"MORT_30_AMI";"Death rate for heart attack patients";309;12.0;"Y"
"220063";"LOWELL GENERAL HOSPITAL";"MA";"MORT_30_AMI";"Death rate for heart attack patients";256;12.0;"Y"
"220065";"BAYSTATE NOBLE HOSPITAL";"MA";"MORT_30_COPD";"Death rate for COPD patients";114;8.0;"Y"
"220066";"MERCY MEDICAL CTR";"MA";"MORT_30_AMI";"Death rate for heart attack patients";69;11.0;"N"
"220070";"MELROSEWAKEFIELD HEALTHCARE";"MA";"MORT_30_AMI";"Death rate for heart attack patients";158;13.0;"Y"
"220071";"MASSACHUSETTS GENERAL HOSPITAL";"MA";"MORT_30_AMI";"Death rate for heart attack patients";452;10.0;"Y"
"220073";"BROWN UNIVERSITY HEALTH MORTON HOSPITAL";"MA";"MORT_30_AMI";"Death rate for heart attack patients";63;12.0;"Y"
"220074";"SOUTHCOAST HOSPITALS GROUP";"MA";"MORT_30_AMI";"Death rate for heart attack patients";623;13.0;"Y"
"220077";"BAYSTATE MEDICAL CENTER";"MA";"MORT_30_AMI";"Death rate for heart attack patients";948;12.0;"Y"
"220080";"HOLY FAMILY HOSPITAL";"MA";"MORT_30_AMI";"Death rate for heart attack patients";113;13.0;"Y"
"220083";"BETH ISRAEL DEACONESS HOSPITAL - NEEDHAM";"MA";"MORT_30_COPD";"Death rate for COPD patients";91;8.0;"Y"
"220084";"EMERSON HOSPITAL -";"MA";"MORT_30_AMI";"Death rate for heart attack patients";52;12.0;"Y"
"220086";"BETH ISRAEL DEACONESS MEDICAL CENTER";"MA";"MORT_30_AMI";"Death rate for heart attack patients";340;11.0;"Y"
"220088";"NEW ENGLAND BAPTIST HOSPITAL";"MA";"PSI_04";"Death rate among surgical inpatients with serious treatable complications";67;154.0;"Y"
"220090";"MILFORD REGIONAL MEDICAL CENTER";"MA";"MORT_30_AMI";"Death rate for heart attack patients";103;13.0;"Y"
"220095";"HEYWOOD HOSPITAL -";"MA";"MORT_30_COPD";"Death rate for COPD patients";101;8.0;"Y"
"220100";"SOUTH SHORE HOSPITAL";"MA";"MORT_30_AMI";"Death rate for heart attack patients";414;11.0;"Y"
"220101";"NEWTON-WELLESLEY HOSPITAL";"MA";"MORT_30_AMI";"Death rate for heart attack patients";65;12.0;"Y"
"220105";"WINCHESTER HOSPITAL";"MA";"MORT_30_AMI";"Death rate for heart attack patients";60;12.0;"Y"
"220108";"BETH ISRAEL DEACONESS HOSPITAL - MILTON";"MA";"MORT_30_AMI";"Death rate for heart attack patients";29;12.0;"Y"
"22010F";"VA BOSTON HEALTHCARE SYSTEM - JAMAICA PLAIN";"MA";"MORT_30_AMI";"Death rate for heart attack patients";96;11.0;"N"
"220110";"BRIGHAM AND WOMEN'S HOSPITAL";"MA";"MORT_30_AMI";"Death rate for heart attack patients";448;9.0;"Y"
"220111";"GOOD SAMARITAN MEDICAL CENTER";"MA";"MORT_30_AMI";"Death rate for heart attack patients";278;12.0;"Y"
"220116";"TUFTS MEDICAL CENTER";"MA";"MORT_30_AMI";"Death rate for heart attack patients";105;11.0;"Y"
"220119";"BRIGHAM AND WOMEN'S FAULKNER HOSPITAL";"MA";"MORT_30_AMI";"Death rate for heart attack patients";45;11.0;"Y"
"220135";"FALMOUTH HOSPITAL";"MA";"MORT_30_AMI";"Death rate for heart attack patients";134;11.0;"Y"
"220163";"UMASS MEMORIAL MEDICAL CENTER/UNIVERSITY CAMPUS";"MA";"MORT_30_AMI";"Death rate for heart attack patients";501;11.0;"Y"
"220171";"LAHEY HOSPITAL & MEDICAL CENTER, BURLINGTON";"MA";"MORT_30_AMI";"Death rate for heart attack patients";420;12.0;"Y"
"220175";"METROWEST MEDICAL CENTER";"MA";"MORT_30_AMI";"Death rate for heart attack patients";97;12.0;"Y"
"220176";"ST VINCENT HOSPITAL";"MA";"MORT_30_AMI";"Death rate for heart attack patients";117;10.0;"Y"
"220177";"NANTUCKET COTTAGE HOSPITAL";"MA";"MORT_30_HF";"Death rate for heart failure patients";37;13.0;"Y"
"221300";"MARTHA'S VINEYARD HOSPITAL INC";"MA";"MORT_30_COPD";"Death rate for COPD patients";45;7.0;"Y"
"221302";"FAIRVIEW HOSPITAL";"MA";"MORT_30_COPD";"Death rate for COPD patients";41;10.0;"Y"
"221303";"ATHOL MEMORIAL HOSPITAL";"MA";"MORT_30_COPD";"Death rate for COPD patients";39;8.0;"Y"
"230002";"ST JOE MERCY HOSPITAL SYSTEM LIVONIA";"MI";"MORT_30_AMI";"Death rate for heart attack patients";190;13.0;"Y"
"230003";"COREWELL HEALTH ZEELAND HOSPITAL";"MI";"MORT_30_HF";"Death rate for heart failure patients";43;13.0;"Y"
"230005";"PROMEDICA CHARLES AND VIRGINIA HICKMAN HOSPITAL";"MI";"MORT_30_AMI";"Death rate for heart attack patients";39;12.0;"Y"
"230015";"THREE RIVERS HEALTH";"MI";"MORT_30_COPD";"Death rate for COPD patients";50;8.0;"N"
"230017";"BRONSON METHODIST HOSPITAL";"MI";"MORT_30_AMI";"Death rate for heart attack patients";239;13.0;"Y"
"230019";"ASCENSION PROVIDENCE HOSPITAL, SOUTHFIELD AND NOVI";"MI";"MORT_30_AMI";"Death rate for heart attack patients";141;12.0;"N"
"230020";"BEAUMONT HOSPITAL - DEARBORN";"MI";"MORT_30_AMI";"Death rate for heart attack patients";199;12.0;"Y"
"230021";"LAKELAND HOSPITAL, ST JOSEPH";"MI";"MORT_30_AMI";"Death rate for heart attack patients";165;13.0;"Y"
"230022";"INSIGHT HOSPITAL AND MEDICAL CENTER COLDWATER";"MI";"MORT_30_COPD";"Death rate for COPD patients";65;9.0;"Y"
"230024";"SINAI-GRACE HOSPITAL";"MI";"MORT_30_AMI";"Death rate for heart attack patients";58;13.0;"Y"
"230029";"TRINITY HEALTH OAKLAND HOSPITAL";"MI";"MORT_30_AMI";"Death rate for heart attack patients";279;13.0;"Y"
"230030";"MYMICHIGAN MEDICAL CENTER ALMA";"MI";"MORT_30_COPD";"Death rate for COPD patients";72;9.0;"Y"
"230031";"LAKE HURON MEDICAL CENTER";"MI";"MORT_30_COPD";"Death rate for COPD patients";58;8.0;"Y"
"230035";"SPECTRUM HEALTH UNITED HOSPITAL";"MI";"MORT_30_COPD";"Death rate for COPD patients";73;7.0;"Y"
"230036";"MYMICHIGAN MEDICAL CENTER ALPENA";"MI";"MORT_30_AMI";"Death rate for heart attack patients";26;12.0;"Y"
"230037";"HILLSDALE HOSPITAL";"MI";"MORT_30_COPD";"Death rate for COPD patients";32;9.0;"Y"
"230038";"SPECTRUM HEALTH";"MI";"MORT_30_AMI";"Death rate for heart attack patients";346;11.0;"Y"
"230041";"MCLAREN BAY REGION";"MI";"MORT_30_AMI";"Death rate for heart attack patients";342;12.0;"Y"
"230046";"UNIVERSITY OF MICHIGAN HEALTH SYSTEM";"MI";"MORT_30_AMI";"Death rate for heart attack patients";187;11.0;"Y"
"230047";"HENRY FORD MACOMB HOSPITAL";"MI";"MORT_30_AMI";"Death rate for heart attack patients";304;11.0;"Y"
"230053";"HENRY FORD HEALTH HOSPITAL";"MI";"MORT_30_AMI";"Death rate for heart attack patients";133;15.0;"Y"
"230054";"UPHS MARQUETTE DLP HOSPITAL";"MI";"MORT_30_AMI";"Death rate for heart attack patients";259;13.0;"Y"
"230055";"DICKINSON COUNTY MEMORIAL HOSPITAL";"MI";"MORT_30_COPD";"Death rate for COPD patients";78;10.0;"N"
"230058";"MUNSON HEALTHCARE GRAYLING HOSPITAL";"MI";"MORT_30_COPD";"Death rate for COPD patients";55;11.0;"Y"
"230059";"MERCY HEALTH SAINT MARY'S";"MI";"MORT_30_AMI";"Death rate for heart attack patients";81;12.0;"Y"
"23005F";"IRON MOUNTAIN MI VA MEDICAL CENTER";"MI";"MORT_30_HF";"Death rate for heart failure patients";51;14.0;"N"
"230066";"TRINITY HEALTH MUSKEGON HOSPITAL";"MI";"MORT_30_AMI";"Death rate for heart attack patients";166;12.0;"Y"
"230069";"SAINT JOSEPH MERCY LIVINGSTON HOSPITAL";"MI";"MORT_30_COPD";"Death rate for COPD patients";88;8.0;"Y"
"230070";"COVENANT MEDICAL CENTER";"MI";"MORT_30_AMI";"Death rate for heart attack patients";233;14.0;"Y"
"230072";"HOLLAND COMMUNITY HOSPITAL";"MI";"MORT_30_AMI";"Death rate for heart attack patients";61;11.0;"Y"
"230075";"BRONSON BATTLE CREEK HOSPITAL";"MI";"MORT_30_COPD";"Death rate for COPD patients";99;9.0;"Y"
"230077";"ASCENSION ST MARY'S HOSPITAL";"MI";"MORT_30_AMI";"Death rate for heart attack patients";123;12.0;"N"
"230080";"MCLAREN CENTRAL MICHIGAN";"MI";"MORT_30_COPD";"Death rate for COPD patients";43;11.0;"Y"
"230081";"MUNSON HEALTHCARE CADILLAC HOSPITAL";"MI";"MORT_30_COPD";"Death rate for COPD patients";64;8.0;"Y"
"230089";"BEAUMONT HOSPITAL - GROSSE POINTE";"MI";"MORT_30_AMI";"Death rate for heart attack patients";56;12.0;"Y"
"230092";"HENRY FORD ALLEGIANCE HEALTH";"MI";"MORT_30_AMI";"Death rate for heart attack patients";348;13.0;"Y"
"230093";"COREWELL HEALTH BIG RAPIDS HOSPITAL";"MI";"MORT_30_COPD";"Death rate for COPD patients";56;10.0;"Y"
"230095";"MYMICHIGAN MEDICAL CENTER WEST BRANCH";"MI";"MORT_30_COPD";"Death rate for COPD patients";70;8.0;"Y"
"230097";"MUNSON MEDICAL CENTER";"MI";"MORT_30_AMI";"Death rate for heart attack patients";467;14.0;"Y"
"230099";"PROMEDICA MONROE REGIONAL HOSPITAL";"MI";"MORT_30_AMI";"Death rate for heart attack patients";66;14.0;"Y"
"230100";"TAWAS ST JOSEPH HOSPITAL";"MI";"MORT_30_COPD";"Death rate for COPD patients";44;9.0;"N"
"230104";"HARPER UNIVERSITY HOSPITAL";"MI";"MORT_30_AMI";"Death rate for heart attack patients";62;14.0;"Y"
"230105";"MCLAREN NORTHERN MICHIGAN";"MI";"MORT_30_AMI";"Death rate for heart attack patients";300;13.0;"Y"
"230108";"UP HEALTH SYSTEM PORTAGE";"MI";"MORT_30_HF";"Death rate for heart failure patients";32;13.0;"Y"
"230110";"COREWELL HEALTH LUDINGTON HOSPITAL";"MI";"MORT_30_COPD";"Death rate for COPD patients";47;7.0;"Y"
"230117";"BORGESS MEDICAL CENTER";"MI";"MORT_30_AMI";"Death rate for heart attack patients";244;13.0;"N"
"23011F";"VA ANN ARBOR HEALTHCARE SYSTEM";"MI";"MORT_30_AMI";"Death rate for heart attack patients";110;10.0;"N"
"230121";"MEMORIAL HEALTHCARE";"MI";"MORT_30_COPD";"Death rate for COPD patients";52;9.0;"Y"
"230130";"BEAUMONT HOSPITAL ROYAL OAK";"MI";"MORT_30_AMI";"Death rate for heart attack patients";362;11.0;"Y"
"230132";"HURLEY MEDICAL CENTER";"MI";"MORT_30_AMI";"Death rate for heart attack patients";64;12.0;"Y"
"230133";"MUNSON HEALTHCARE OTSEGO MEMORIAL HOSPITAL";"MI";"MORT_30_COPD";"Death rate for COPD patients";52;10.0;"Y"
"230141";"MCLAREN FLINT";"MI";"MORT_30_AMI";"Death rate for heart attack patients";242;12.0;"Y"
"230142";"COREWELL HEALTH WAYNE HOSPITAL";"MI";"MORT_30_AMI";"Death rate for heart attack patients";67;12.0;"Y"
"230146";"WYANDOTTE HOSPITAL AND MEDICAL CENTER";"MI";"MORT_30_AMI";"Death rate for heart attack patients";198;13.0;"Y"
"230151";"BEAUMONT HOSPITAL - FARMINGTON HILLS";"MI";"MORT_30_AMI";"Death rate for heart attack patients";115;12.0;"Y"
"230156";"TRINITY HEALTH ANN ARBOR HOSPITAL";"MI";"MORT_30_AMI";"Death rate for heart attack patients";379;10.0;"Y"
"230165";"HENRY FORD HEALTH ST JOHN HOSPITAL";"MI";"MORT_30_AMI";"Death rate for heart attack patients";103;13.0;"N"
"230167";"MCLAREN GREATER LANSING";"MI";"MORT_30_AMI";"Death rate for heart attack patients";86;12.0;"Y"
"230174";"TRINITY HEALTH GRAND HAVEN HOSPITAL";"MI";"MORT_30_HF";"Death rate for heart failure patients";25;14.0;"Y"
"230176";"COREWELL HEALTH TRENTON HOSPITAL";"MI";"MORT_30_AMI";"Death rate for heart attack patients";135;13.0;"Y"
"230180";"MYMICHIGAN MEDICAL CENTER CLARE";"MI";"MORT_30_COPD";"Death rate for COPD patients";27;9.0;"Y"
"230193";"MCLAREN LAPEER REGION";"MI";"MORT_30_AMI";"Death rate for heart attack patients";66;13.0;"Y"
"230195";"Henry Ford Health Warren Hospital";"MI";"MORT_30_AMI";"Death rate for heart attack patients";124;12.0;"N"
"230197";"ASCENSION GENESYS HOSPITAL";"MI";"MORT_30_AMI";"Death rate for heart attack patients";143;14.0;"N"
"230207";"MCLAREN OAKLAND";"MI";"MORT_30_AMI";"Death rate for heart attack patients";27;12.0;"Y"
"230208";"SPARROW CARSON HOSPITAL";"MI";"MORT_30_COPD";"Death rate for COPD patients";28;9.0;"Y"
"230216";"MCLAREN PORT HURON";"MI";"MORT_30_AMI";"Death rate for heart attack patients";213;14.0;"Y"
"230217";"OAKLAWN HOSPITAL";"MI";"MORT_30_COPD";"Death rate for COPD patients";43;10.0;"Y"
"230222";"MYMICHIGAN MEDICAL CENTER MIDLAND";"MI";"MORT_30_AMI";"Death rate for heart attack patients";307;13.0;"Y"
"230227";"MCLAREN MACOMB";"MI";"MORT_30_AMI";"Death rate for heart attack patients";153;12.0;"Y"
"230230";"EDWARD W SPARROW HOSPITAL";"MI";"MORT_30_AMI";"Death rate for heart attack patients";294;14.0;"Y"
"230236";"UNIVERSITY OF MICHIGAN HEALTH - WEST";"MI";"MORT_30_AMI";"Death rate for heart attack patients";54;12.0;"Y"
"230239";"CHIPPEWA COUNTY WAR MEMORIAL HOSPITAL";"MI";"MORT_30_COPD";"Death rate for COPD patients";28;11.0;"Y"
"230241";"ASCENSION RIVER DISTRICT HOSPITAL";"MI";"MORT_30_COPD";"Death rate for COPD patients";26;8.0;"N"
"230244";"GARDEN CITY HOSPITAL";"MI";"MORT_30_AMI";"Death rate for heart attack patients";43;12.0;"Y"
"230254";"ASCENSION PROVIDENCE ROCHESTER HOSPITAL";"MI";"MORT_30_AMI";"Death rate for heart attack patients";121;13.0;"N"
"230259";"CHELSEA HOSPITAL";"MI";"MORT_30_COPD";"Death rate for COPD patients";95;8.0;"Y"
"230269";"BEAUMONT HOSPITAL, TROY";"MI";"MORT_30_AMI";"Death rate for heart attack patients";414;10.0;"Y"
"230270";"BEAUMONT HOSPITAL - TAYLOR";"MI";"MORT_30_AMI";"Death rate for heart attack patients";33;12.0;"Y"
"230273";"DETROIT RECEIVING HOSPITAL";"MI";"MORT_30_AMI";"Death rate for heart attack patients";41;13.0;"Y"
"230277";"HURON VALLEY-SINAI HOSPITAL";"MI";"MORT_30_AMI";"Death rate for heart attack patients";149;12.0;"Y"
"230297";"KARMANOS CANCER CENTER";"MI";"MORT_30_PN";"Death rate for pneumonia patients";38;16.0;"Y"
"230302";"HENRY FORD HEALTH WEST BLOOMFIELD HOSPITAL";"MI";"MORT_30_AMI";"Death rate for heart attack patients";192;10.0;"Y"
"230303";"MUNSON HEALTHCARE MANISTEE HOSPITAL";"MI";"MORT_30_HF";"Death rate for heart failure patients";54;10.0;"Y"
"23037F";"DETROIT (JOHN D. DINGELL) VA MEDICAL CENTER";"MI";"MORT_30_AMI";"Death rate for heart attack patients";35;12.0;"N"
"231301";"KALKASKA MEMORIAL HEALTH CENTER";"MI";"MORT_30_PN";"Death rate for pneumonia patients";47;13.0;"Y"
"231305";"SAINT MARY'S STANDISH COMMUNITY HOSPITAL";"MI";"MORT_30_HF";"Death rate for heart failure patients";29;11.0;"N"
"231310";"SCHEURER HOSPITAL";"MI";"MORT_30_PN";"Death rate for pneumonia patients";37;17.0;"Y"
"231316";"HILLS & DALES GENERAL HOSPITAL";"MI";"MORT_30_HF";"Death rate for heart failure patients";30;11.0;"Y"
"231318";"ASPIRUS IRON RIVER HOSPITAL & CLINICS, INC";"MI";"MORT_30_HF";"Death rate for heart failure patients";31;13.0;"Y"
"231319";"ASPIRUS KEWEENAW HOSPITAL AND CLINICS";"MI";"MORT_30_HF";"Death rate for heart failure patients";30;13.0;"Y"
"231320";"MERCY HEALTH LAKESHORE CAMPUS";"MI";"MORT_30_PN";"Death rate for pneumonia patients";36;15.0;"Y"
"231321";"BELL HOSPITAL";"MI";"MORT_30_PN";"Death rate for pneumonia patients";36;18.0;"Y"
"231322";"CHARLEVOIX AREA HOSPITAL";"MI";"MORT_30_PN";"Death rate for pneumonia patients";39;19.0;"Y"
"231325";"MYMICHIGAN MEDICAL CENTER GLADWIN";"MI";"MORT_30_PN";"Death rate for pneumonia patients";38;19.0;"Y"
"231326";"SPARROW CLINTON HOSPITAL";"MI";"MORT_30_COPD";"Death rate for COPD patients";30;7.0;"Y"
"231327";"UNIVERSITY OF MICHIGAN HEALTH - SPARROW EATON";"MI";"MORT_30_COPD";"Death rate for COPD patients";36;8.0;"Y"
"231328";"ASCENSION BORGESS ALLEGAN HOSPITAL";"MI";"MORT_30_PN";"Death rate for pneumonia patients";26;17.0;"N"
"231331";"SPARROW IONIA HOSPITAL";"MI";"MORT_30_COPD";"Death rate for COPD patients";32;8.0;"Y"
"231332";"BRONSON LAKEVIEW HOSPITAL";"MI";"MORT_30_COPD";"Death rate for COPD patients";28;9.0;"Y"
"231333";"ASPIRUS IRONWOOD HOSPITAL";"MI";"MORT_30_COPD";"Death rate for COPD patients";27;8.0;"Y"
"231337";"OSF ST FRANCIS HOSPITAL AND MEDICAL GROUP";"MI";"MORT_30_COPD";"Death rate for COPD patients";61;9.0;"Y"
"231338";"COREWELL HEALTH GERBER HOSPITAL";"MI";"MORT_30_COPD";"Death rate for COPD patients";39;8.0;"Y"
"231339";"COREWELL HEALTH PENNOCK HOSPITAL";"MI";"MORT_30_COPD";"Death rate for COPD patients";50;8.0;"Y"
"231340";"MCLAREN THUMB REGION";"MI";"MORT_30_HF";"Death rate for heart failure patients";30;11.0;"N"
"240001";"NORTH MEMORIAL HEALTH HOSPITAL";"MN";"MORT_30_AMI";"Death rate for heart attack patients";163;13.0;"Y"
"240002";"ESSENTIA HEALTH ST MARY'S MEDICAL CENTER";"MN";"MORT_30_AMI";"Death rate for heart attack patients";193;11.0;"Y"
"240004";"HENNEPIN COUNTY MEDICAL CENTER";"MN";"MORT_30_AMI";"Death rate for heart attack patients";33;11.0;"Y"
"240006";"OLMSTED MEDICAL CENTER";"MN";"MORT_30_HF";"Death rate for heart failure patients";43;11.0;"Y"
"240010";"MAYO CLINIC HOSPITAL ROCHESTER";"MN";"MORT_30_AMI";"Death rate for heart attack patients";643;8.0;"Y"
"240014";"NORTHFIELD HOSPITAL";"MN";"MORT_30_HF";"Death rate for heart failure patients";32;14.0;"Y"
"240018";"MAYO CLINIC HEALTH SYSTEM IN RED WING";"MN";"MORT_30_HF";"Death rate for heart failure patients";50;11.0;"Y"
"240020";"CAMBRIDGE MEDICAL CENTER";"MN";"MORT_30_COPD";"Death rate for COPD patients";25;8.0;"Y"
"240022";"SANFORD WORTHINGTON MEDICAL CENTER";"MN";"MORT_30_COPD";"Death rate for COPD patients";30;9.0;"Y"
"240030";"ALOMERE HEALTH";"MN";"MORT_30_COPD";"Death rate for COPD patients";52;8.0;"Y"
"240036";"ST CLOUD HOSPITAL";"MN";"MORT_30_AMI";"Death rate for heart attack patients";364;11.0;"Y"
"240038";"ALLINA UNITED HOSPITAL";"MN";"MORT_30_AMI";"Death rate for heart attack patients";224;13.0;"Y"
"24003F";"MINNEAPOLIS VA MEDICAL CENTER";"MN";"MORT_30_AMI";"Death rate for heart attack patients";223;11.0;"N"
"240040";"RANGE REGIONAL HEALTH SERVICES";"MN";"MORT_30_HF";"Death rate for heart failure patients";38;12.0;"Y"
"240043";"MAYO CLINIC HEALTH SYSTEM - ALBERT LEA AND AUSTIN";"MN";"MORT_30_COPD";"Death rate for COPD patients";74;7.0;"Y"
"240044";"WINONA HEALTH SERVICES";"MN";"MORT_30_HF";"Death rate for heart failure patients";64;14.0;"Y"
"240047";"ST LUKES HOSPITAL";"MN";"MORT_30_AMI";"Death rate for heart attack patients";146;14.0;"Y"
"240050";"FAIRVIEW LAKES HEALTH SERVICES";"MN";"MORT_30_COPD";"Death rate for COPD patients";34;9.0;"Y"
"240052";"LAKE REGION HEALTHCARE CORPORATION";"MN";"MORT_30_HF";"Death rate for heart failure patients";54;11.0;"Y"
"240053";"PARK NICOLLET METHODIST HOSPITAL";"MN";"MORT_30_AMI";"Death rate for heart attack patients";191;13.0;"Y"
"240056";"RIDGEVIEW MEDICAL CENTER";"MN";"MORT_30_AMI";"Death rate for heart attack patients";51;11.0;"Y"
"240057";"ABBOTT NORTHWESTERN HOSPITAL";"MN";"MORT_30_AMI";"Death rate for heart attack patients";384;11.0;"Y"
"240064";"GRAND ITASCA CLINIC AND HOSPITAL";"MN";"MORT_30_HF";"Death rate for heart failure patients";46;11.0;"Y"
"240066";"LAKEVIEW MEMORIAL HOSPITAL";"MN";"MORT_30_AMI";"Death rate for heart attack patients";30;12.0;"Y"
"240069";"OWATONNA HOSPITAL";"MN";"MORT_30_HF";"Death rate for heart failure patients";65;15.0;"Y"
"240071";"ALLINA HEALTH FARIBAULT MEDICAL CENTER";"MN";"MORT_30_HF";"Death rate for heart failure patients";45;12.0;"Y"
"240075";"ESSENTIA HEALTH ST JOSEPH'S MEDICAL CENTER";"MN";"MORT_30_AMI";"Death rate for heart attack patients";96;12.0;"Y"
"240076";"BUFFALO HOSPITAL";"MN";"MORT_30_HF";"Death rate for heart failure patients";89;9.0;"Y"
"240078";"M HEALTH FAIRVIEW SOUTHDALE HOSPITAL";"MN";"MORT_30_AMI";"Death rate for heart attack patients";221;11.0;"Y"
"240080";"M HEALTH FAIRVIEW UNIVERSITY OF MN";"MN";"MORT_30_AMI";"Death rate for heart attack patients";43;12.0;"Y"
"240084";"ESSENTIA HEALTH VIRGINIA";"MN";"MORT_30_HF";"Death rate for heart failure patients";36;10.0;"Y"
"240088";"CENTRACARE- RICE MEMORIAL HOSPITAL";"MN";"MORT_30_HF";"Death rate for heart failure patients";86;10.0;"Y"
"240093";"MAYO CLINIC HEALTH SYSTEM - MANKATO";"MN";"MORT_30_AMI";"Death rate for heart attack patients";178;10.0;"Y"
"240100";"SANFORD BEMIDJI MEDICAL CENTER";"MN";"MORT_30_AMI";"Death rate for heart attack patients";122;12.0;"Y"
"240101";"ESSENTIA HEALTH ST MARYS - DETROIT LAKES";"MN";"MORT_30_COPD";"Death rate for COPD patients";40;10.0;"Y"
"240104";"ST FRANCIS REGIONAL MEDICAL CENTER";"MN";"MORT_30_COPD";"Death rate for COPD patients";44;7.0;"Y"
"240106";"REGIONS HOSPITAL";"MN";"MORT_30_AMI";"Death rate for heart attack patients";216;11.0;"Y"
"240115";"MERCY HOSPITAL";"MN";"MORT_30_AMI";"Death rate for heart attack patients";245;11.0;"Y"
"240141";"FAIRVIEW NORTHLAND REGIONAL HOSPITAL";"MN";"MORT_30_HF";"Death rate for heart failure patients";49;10.0;"Y"
"240166";"MAYO CLINIC HEALTH SYSTEM - FAIRMONT";"MN";"MORT_30_COPD";"Death rate for COPD patients";34;7.0;"Y"
"240187";"HUTCHINSON HEALTH";"MN";"MORT_30_HF";"Death rate for heart failure patients";34;12.0;"Y"
"240207";"M HEALTH FAIRVIEW RIDGES HOSPITAL";"MN";"MORT_30_AMI";"Death rate for heart attack patients";84;12.0;"Y"
"240210";"M HEALTH FAIRVIEW ST JOHN'S HOSPITAL";"MN";"MORT_30_AMI";"Death rate for heart attack patients";105;12.0;"Y"
"240213";"M HEALTH FAIRVIEW WOODWINDS HOSPITAL";"MN";"MORT_30_COPD";"Death rate for COPD patients";38;8.0;"Y"
"240214";"MAPLE GROVE HOSPITAL";"MN";"MORT_30_COPD";"Death rate for COPD patients";28;8.0;"Y"
"241306";"OLIVIA HOSPITAL & CLINIC";"MN";"MORT_30_HF";"Death rate for heart failure patients";28;13.0;"Y"
"241320";"RIVERVIEW HOSPITAL";"MN";"MORT_30_PN";"Death rate for pneumonia patients";38;17.0;"Y"
"241325";"CHIPPEWA COUNTY HOSPITAL";"MN";"MORT_30_PN";"Death rate for pneumonia patients";31;17.0;"Y"
"241326";"CENTRACARE HEALTH SYSTEM - LONG PRAIRIE";"MN";"MORT_30_PN";"Death rate for pneumonia patients";28;14.0;"Y"
"241327";"SLEEPY EYE MEDICAL CENTER";"MN";"MORT_30_PN";"Death rate for pneumonia patients";48;18.0;"Y"
"241329";"LAKEWOOD HEALTH SYSTEM";"MN";"MORT_30_PN";"Death rate for pneumonia patients";33;18.0;"Y"
"241330";"CENTRACARE HEALTH SYSTEM - MELROSE HOSPITAL";"MN";"MORT_30_HF";"Death rate for heart failure patients";26;12.0;"Y"
"241333";"MAYO CLINIC HEALTH SYSTEM ST. JAMES";"MN";"MORT_30_PN";"Death rate for pneumonia patients";32;17.0;"Y"
"241342";"ORTONVILLE AREA HEALTH SERVICES";"MN";"MORT_30_PN";"Death rate for pneumonia patients";25;20.0;"Y"
"241344";"LIFECARE MEDICAL CENTER";"MN";"MORT_30_PN";"Death rate for pneumonia patients";27;21.0;"Y"
"241345";"MAYO CLINIC HEALTH SYSTEM - WASECA";"MN";"MORT_30_PN";"Death rate for pneumonia patients";39;15.0;"Y"
"241347";"SANFORD CANBY MEDICAL CENTER";"MN";"MORT_30_PN";"Death rate for pneumonia patients";26;17.0;"Y"
"241348";"AVERA TYLER HOSPITAL";"MN";"MORT_30_PN";"Death rate for pneumonia patients";27;19.0;"Y"
"241349";"CENTRACARE HEALTH PAYNESVILLE LLC";"MN";"MORT_30_PN";"Death rate for pneumonia patients";30;17.0;"Y"
"241351";"CENTRACARE - REDWOOD";"MN";"MORT_30_PN";"Death rate for pneumonia patients";34;17.0;"Y"
"241353";"CUYUNA REGIONAL MEDICAL CENTER";"MN";"MORT_30_HF";"Death rate for heart failure patients";26;12.0;"Y"
"241354";"ASTERA HEALTH";"MN";"MORT_30_HF";"Death rate for heart failure patients";25;16.0;"Y"
"241355";"GLENCOE REGIONAL HEALTH";"MN";"MORT_30_HF";"Death rate for heart failure patients";25;11.0;"Y"
"241359";"AVERA MARSHALL REGIONAL MEDICAL CTR";"MN";"MORT_30_PN";"Death rate for pneumonia patients";45;15.0;"Y"
"241361";"MAYO CLINIC HEALTH SYSTEM NEW PRAGUE";"MN";"MORT_30_HF";"Death rate for heart failure patients";42;10.0;"Y"
"241362";"CENTRACARE HEALTH - MONTICELLO";"MN";"MORT_30_PN";"Death rate for pneumonia patients";26;16.0;"Y"
"241363";"STEVENS COMMUNITY MEDICAL CENTER";"MN";"MORT_30_PN";"Death rate for pneumonia patients";31;16.0;"Y"
"241364";"COMMUNITY MEMORIAL HOSPITAL";"MN";"MORT_30_PN";"Death rate for pneumonia patients";29;15.0;"Y"
"241365";"CENTRACARE - BENSON";"MN";"MORT_30_PN";"Death rate for pneumonia patients";26;16.0;"Y"
"241367";"WELIA HEALTH";"MN";"MORT_30_HF";"Death rate for heart failure patients";28;14.0;"Y"
"241369";"UNITED HOSPITAL DISTRICT";"MN";"MORT_30_HF";"Death rate for heart failure patients";27;11.0;"Y"
"241370";"ST GABRIELS HOSPITAL";"MN";"MORT_30_HF";"Death rate for heart failure patients";28;11.0;"Y"
"241371";"SANFORD LUVERNE MEDICAL CENTER";"MN";"MORT_30_PN";"Death rate for pneumonia patients";44;23.0;"Y"
"241373";"PERHAM HEALTH";"MN";"MORT_30_HF";"Death rate for heart failure patients";46;14.0;"Y"
"241376";"GLACIAL RIDGE HOSPITAL";"MN";"MORT_30_HF";"Death rate for heart failure patients";27;14.0;"Y"
"241377";"ST FRANCIS MEDICAL CENTER";"MN";"MORT_30_PN";"Death rate for pneumonia patients";33;18.0;"Y"
"241378";"NEW ULM MEDICAL CENTER";"MN";"MORT_30_HF";"Death rate for heart failure patients";87;11.0;"Y"
"241380";"ST JOSEPHS AREA  HEALTH SERVICES";"MN";"MORT_30_HF";"Death rate for heart failure patients";40;18.0;"Y"
"241381";"SANFORD THIEF RIVER FALLS MEDICAL CENTER";"MN";"MORT_30_PN";"Death rate for pneumonia patients";65;22.0;"Y"
"250001";"UNIVERSITY OF MISSISSIPPI MED CENTER";"MS";"MORT_30_AMI";"Death rate for heart attack patients";71;13.0;"Y"
"250002";"TISHOMINGO HEALTH SERVICES INC";"MS";"MORT_30_COPD";"Death rate for COPD patients";28;10.0;"Y"
"250004";"NORTH MISSISSIPPI MEDICAL CENTER";"MS";"MORT_30_AMI";"Death rate for heart attack patients";244;14.0;"Y"
"250006";"BAPTIST MEMORIAL HOSPITAL UNION COUNTY";"MS";"MORT_30_COPD";"Death rate for COPD patients";44;9.0;"Y"
"250007";"MERIT HEALTH BILOXI";"MS";"MORT_30_COPD";"Death rate for COPD patients";28;11.0;"Y"
"250009";"MAGNOLIA REGIONAL HEALTH CENTER";"MS";"MORT_30_AMI";"Death rate for heart attack patients";100;13.0;"Y"
"250019";"MEMORIAL HOSPITAL AT GULFPORT";"MS";"MORT_30_AMI";"Death rate for heart attack patients";250;15.0;"Y"
"250020";"WEBSTER GENERAL HOSPITAL/ SWING BED";"MS";"MORT_30_COPD";"Death rate for COPD patients";29;11.0;"Y"
"250025";"NORTH MISSISSIPPI MEDICAL CENTER-GILMORE AMORY";"MS";"MORT_30_COPD";"Death rate for COPD patients";60;9.0;"Y"
"250027";"WINSTON MEDICAL CENTER";"MS";"MORT_30_PN";"Death rate for pneumonia patients";63;20.0;"Y"
"250031";"MERIT HEALTH RIVER REGION";"MS";"MORT_30_AMI";"Death rate for heart attack patients";161;12.0;"Y"
"250034";"BAPTIST MEMORIAL HOSPITAL NORTH MS";"MS";"MORT_30_AMI";"Death rate for heart attack patients";289;13.0;"Y"
"250036";"GEORGE REGIONAL HEALTH SYSTEM";"MS";"MORT_30_HF";"Death rate for heart failure patients";28;13.0;"N"
"250038";"MERIT HEALTH MADISON";"MS";"MORT_30_COPD";"Death rate for COPD patients";26;9.0;"Y"
"250040";"SINGING RIVER HEALTH SYSTEM";"MS";"MORT_30_AMI";"Death rate for heart attack patients";157;16.0;"Y"
"250042";"NORTHWEST MISSISSISSIPPI REGIONAL MEDICAL CENTER";"MS";"MORT_30_HF";"Death rate for heart failure patients";26;13.0;"Y"
"250043";"NESHOBA COUNTY GENERAL HOSPITAL";"MS";"MORT_30_COPD";"Death rate for COPD patients";30;9.0;"Y"
"250044";"BAPTIST MEMORIAL HOSPITAL BOONEVILLE";"MS";"MORT_30_COPD";"Death rate for COPD patients";45;11.0;"Y"
"250048";"ST DOMINIC-JACKSON MEMORIAL HOSPITAL";"MS";"MORT_30_AMI";"Death rate for heart attack patients";345;14.0;"Y"
"250049";"BEACHAM MEMORIAL HOSPITAL";"MS";"MORT_30_HF";"Death rate for heart failure patients";25;13.0;"Y"
"250050";"OCH REGIONAL MEDICAL CENTER";"MS";"MORT_30_HF";"Death rate for heart failure patients";45;13.0;"Y"
"250057";"KING'S DAUGHTERS MEDICAL CENTER-BROOKHAVEN";"MS";"MORT_30_COPD";"Death rate for COPD patients";28;10.0;"Y"
"250058";"SOUTH CENTRAL REG MED CTR";"MS";"MORT_30_AMI";"Death rate for heart attack patients";60;14.0;"Y"
"250061";"YALOBUSHA GENERAL HOSPITAL";"MS";"MORT_30_COPD";"Death rate for COPD patients";39;9.0;"Y"
"250067";"CLAY COUNTY MEDICAL CORPORATION";"MS";"MORT_30_HF";"Death rate for heart failure patients";35;14.0;"Y"
"250069";"OCHSNER RUSH HOSPITAL";"MS";"MORT_30_AMI";"Death rate for heart attack patients";124;14.0;"Y"
"250072";"MERIT HEALTH CENTRAL";"MS";"MORT_30_AMI";"Death rate for heart attack patients";61;12.0;"Y"
"250077";"WAYNE GENERAL HOSPITAL";"MS";"MORT_30_COPD";"Death rate for COPD patients";25;9.0;"Y"
"250078";"FORREST GENERAL HOSPITAL";"MS";"MORT_30_AMI";"Death rate for heart attack patients";278;12.0;"Y"
"250082";"DELTA HEALTH SYSTEM - THE MEDICAL CENTER";"MS";"MORT_30_AMI";"Death rate for heart attack patients";116;17.0;"Y"
"250084";"MERIT HEALTH NATCHEZ";"MS";"MORT_30_COPD";"Death rate for COPD patients";28;9.0;"Y"
"250085";"MARION GENERAL HOSPITAL";"MS";"MORT_30_COPD";"Death rate for COPD patients";25;9.0;"Y"
"250093";"BOLIVAR MEDICAL CENTER";"MS";"MORT_30_COPD";"Death rate for COPD patients";63;13.0;"Y"
"250094";"MERIT HEALTH WESLEY";"MS";"MORT_30_AMI";"Death rate for heart attack patients";64;15.0;"Y"
"250095";"SOUTH SUNFLOWER COUNTY HOSPITAL";"MS";"MORT_30_HF";"Death rate for heart failure patients";34;15.0;"Y"
"250096";"CROSSGATES RIVER OAKS HOSPITAL";"MS";"MORT_30_COPD";"Death rate for COPD patients";30;13.0;"Y"
"250097";"SOUTHWEST MS REGIONAL MEDICAL CENTER";"MS";"MORT_30_AMI";"Death rate for heart attack patients";67;16.0;"Y"
"250099";"GREENWOOD LEFLORE HOSPITAL";"MS";"MORT_30_HF";"Death rate for heart failure patients";47;12.0;"Y"
"250100";"BMH-GOLDEN TRIANGLE";"MS";"MORT_30_AMI";"Death rate for heart attack patients";168;14.0;"Y"
"250102";"MISSISSIPPI BAPTIST MEDICAL CENTER";"MS";"MORT_30_AMI";"Death rate for heart attack patients";214;15.0;"Y"
"250104";"ANDERSON REGIONAL MEDICAL CENTER";"MS";"MORT_30_AMI";"Death rate for heart attack patients";127;13.0;"Y"
"250117";"HIGHLAND COMMUNITY  HOSPITAL";"MS";"MORT_30_COPD";"Death rate for COPD patients";34;11.0;"Y"
"250123";"SINGING RIVER GULFPORT";"MS";"MORT_30_AMI";"Death rate for heart attack patients";37;15.0;"Y"
"250124";"MAGEE GENERAL HOSPITAL";"MS";"MORT_30_HF";"Death rate for heart failure patients";30;11.0;"Y"
"250138";"MERIT HEALTH RIVER OAKS";"MS";"MORT_30_AMI";"Death rate for heart attack patients";86;13.0;"Y"
"250141";"BAPTIST MEMORIAL HOSPITAL DESOTO";"MS";"MORT_30_AMI";"Death rate for heart attack patients";136;12.0;"Y"
"250162";"OCHSNER MEDICAL CENTER-HANCOCK";"MS";"MORT_30_HF";"Death rate for heart failure patients";31;11.0;"Y"
"250167";"METHODIST HEALTHCARE - OLIVE BRANCH HOSPITAL";"MS";"MORT_30_AMI";"Death rate for heart attack patients";58;11.0;"Y"
"250168";"UNIVERSITY OF MISSISSIPPI MEDICAL CENTER- GRENADA";"MS";"MORT_30_COPD";"Death rate for COPD patients";28;14.0;"Y"
"250172";"HIGHLAND HILLS MEDICAL CENTER";"MS";"MORT_30_PN";"Death rate for pneumonia patients";38;15.0;"Y"
"25042F";"VA GULF COAST HEALTHCARE SYSTEM";"MS";"MORT_30_COPD";"Death rate for COPD patients";116;8.0;"N"
"25043F";"G. V. (SONNY) MONTGOMERY VA MEDICAL CENTER (JACKSON)";"MS";"MORT_30_AMI";"Death rate for heart attack patients";61;12.0;"N"
"251305";"LAWRENCE COUNTY HOSPITAL CAH";"MS";"MORT_30_PN";"Death rate for pneumonia patients";56;19.0;"N"
"251308";"PONTOTOC HEALTH SERVICE INC CAH";"MS";"MORT_30_PN";"Death rate for pneumonia patients";66;15.0;"Y"
"251312";"TYLER HOLMES MEMORIAL HOSPITAL CAH";"MS";"MORT_30_PN";"Death rate for pneumonia patients";71;17.0;"Y"
"251313";"BAPTIST MEDICAL CENTER-YAZOO";"MS";"MORT_30_PN";"Death rate for pneumonia patients";58;21.0;"Y"
"251315";"BAPTIST MEDICAL CENTER-LEAKE";"MS";"MORT_30_COPD";"Death rate for COPD patients";27;9.0;"Y"
"251317";"SIMPSON GENERAL HOSPITAL CAH";"MS";"MORT_30_COPD";"Death rate for COPD patients";27;9.0;"N"
"251318";"NORTH SUNFLOWER MEDICAL CENTER CAH";"MS";"MORT_30_HF";"Death rate for heart failure patients";28;13.0;"Y"
"251319";"HOLMES COUNTY HOSPITAL AND CLINICS";"MS";"MORT_30_PN";"Death rate for pneumonia patients";38;19.0;"Y"
"251320";"CLAIBORNE COUNTY HOSPITAL";"MS";"MORT_30_COPD";"Death rate for COPD patients";29;8.0;"Y"
"251327";"COPIAH COUNTY MEDICAL CENTER";"MS";"MORT_30_PN";"Death rate for pneumonia patients";47;19.0;"N"
"251331";"BMH-CALHOUN";"MS";"MORT_30_PN";"Death rate for pneumonia patients";63;16.0;"Y"
"251336";"BAPTIST MEDICAL CENTER ATTALA";"MS";"MORT_30_PN";"Death rate for pneumonia patients";99;21.0;"Y"
"251337";"TIPPAH COUNTY HOSPITAL";"MS";"MORT_30_COPD";"Death rate for COPD patients";36;10.0;"Y"
"260001";"MERCY HOSPITAL JOPLIN";"MO";"MORT_30_AMI";"Death rate for heart attack patients";155;13.0;"Y"
"260005";"SSM ST JOSEPH HEALTH CENTER";"MO";"MORT_30_AMI";"Death rate for heart attack patients";73;11.0;"Y"
"260006";"MOSAIC LIFE CARE AT ST JOSEPH";"MO";"MORT_30_AMI";"Death rate for heart attack patients";271;11.0;"Y"
"260009";"BOTHWELL REGIONAL HEALTH CENTER";"MO";"MORT_30_COPD";"Death rate for COPD patients";119;7.0;"Y"
"260011";"SSM HEALTH ST. MARY'S HOSPITAL - JEFFERSON CITY";"MO";"MORT_30_AMI";"Death rate for heart attack patients";58;11.0;"Y"
"260017";"PHELPS COUNTY REGIONAL MEDICAL CENTER";"MO";"MORT_30_AMI";"Death rate for heart attack patients";101;12.0;"Y"
"260020";"MERCY HOSPITAL ST LOUIS";"MO";"MORT_30_AMI";"Death rate for heart attack patients";195;12.0;"Y"
"260022";"NORTHEAST REGIONAL MEDICAL CENTER";"MO";"MORT_30_AMI";"Death rate for heart attack patients";41;12.0;"Y"
"260023";"MERCY HOSPITAL JEFFERSON";"MO";"MORT_30_AMI";"Death rate for heart attack patients";168;13.0;"Y"
"260024";"TEXAS COUNTY MEMORIAL HOSPITAL";"MO";"MORT_30_COPD";"Death rate for COPD patients";36;11.0;"Y"
"260025";"HANNIBAL REGIONAL HOSPITAL";"MO";"MORT_30_AMI";"Death rate for heart attack patients";83;12.0;"Y"
"260027";"RESEARCH MEDICAL CENTER";"MO";"MORT_30_AMI";"Death rate for heart attack patients";81;12.0;"Y"
"260032";"BARNES JEWISH HOSPITAL";"MO";"MORT_30_AMI";"Death rate for heart attack patients";145;13.0;"Y"
"260034";"BATES COUNTY MEMORIAL HOSPITAL";"MO";"MORT_30_HF";"Death rate for heart failure patients";30;13.0;"Y"
"260040";"COX MEDICAL CENTERS";"MO";"MORT_30_AMI";"Death rate for heart attack patients";222;13.0;"Y"
"260048";"TRUMAN MEDICAL CENTER HOSPITAL HILL";"MO";"MORT_30_HF";"Death rate for heart failure patients";33;11.0;"Y"
"26004F";"KANSAS CITY VA MEDICAL CENTER";"MO";"MORT_30_AMI";"Death rate for heart attack patients";75;11.0;"N"
"260052";"MERCY HOSPITAL WASHINGTON";"MO";"MORT_30_AMI";"Death rate for heart attack patients";49;12.0;"Y"
"260057";"CAMERON REGIONAL MEDICAL CENTER";"MO";"MORT_30_COPD";"Death rate for COPD patients";62;13.0;"Y"
"260059";"MERCY HOSPITAL LEBANON";"MO";"MORT_30_HF";"Death rate for heart failure patients";58;11.0;"Y"
"260061";"NEVADA REGIONAL MEDICAL CENTER";"MO";"MORT_30_PN";"Death rate for pneumonia patients";36;18.0;"Y"
"260062";"SAINT LUKES NORTH HOSPITAL";"MO";"MORT_30_AMI";"Death rate for heart attack patients";92;11.0;"Y"
"260065";"MERCY HOSPITAL SPRINGFIELD";"MO";"MORT_30_AMI";"Death rate for heart attack patients";313;11.0;"Y"
"260068";"BOONE HOSPITAL CENTER";"MO";"MORT_30_AMI";"Death rate for heart attack patients";279;12.0;"Y"
"260070";"PEMISCOT COUNTY MEMORIAL HOSPITAL";"MO";"MORT_30_PN";"Death rate for pneumonia patients";42;19.0;"Y"
"260074";"MOBERLY REGIONAL MEDICAL CENTER";"MO";"MORT_30_COPD";"Death rate for COPD patients";31;9.0;"Y"
"260077";"MERCY HOSPITAL SOUTH";"MO";"MORT_30_AMI";"Death rate for heart attack patients";172;10.0;"Y"
"260078";"OZARKS HEALTHCARE";"MO";"MORT_30_AMI";"Death rate for heart attack patients";119;16.0;"Y"
"26007F";"POPLAR BLUFF VA MEDICAL CENTER";"MO";"MORT_30_COPD";"Death rate for COPD patients";57;7.0;"N"
"260081";"SSM ST CLARE HEALTH CENTER";"MO";"MORT_30_AMI";"Death rate for heart attack patients";141;11.0;"Y"
"260085";"ST JOSEPH MEDICAL CENTER";"MO";"MORT_30_AMI";"Death rate for heart attack patients";67;12.0;"Y"
"260091";"SSM HEALTH ST MARY'S HOSPITAL - ST LOUIS";"MO";"MORT_30_AMI";"Death rate for heart attack patients";77;12.0;"Y"
"260094";"COX MEDICAL CENTER BRANSON";"MO";"MORT_30_AMI";"Death rate for heart attack patients";176;13.0;"Y"
"260095";"CENTERPOINT MEDICAL CENTER";"MO";"MORT_30_AMI";"Death rate for heart attack patients";127;10.0;"Y"
"260096";"NORTH KANSAS CITY HOSPITAL";"MO";"MORT_30_AMI";"Death rate for heart attack patients";153;13.0;"Y"
"260097";"WESTERN MISSOURI MEDICAL CENTER";"MO";"MORT_30_COPD";"Death rate for COPD patients";35;8.0;"Y"
"26009F";"ST LOUIS-JOHN COCHRAN VA MEDICAL CENTER";"MO";"MORT_30_AMI";"Death rate for heart attack patients";105;12.0;"N"
"260104";"SSM HEALTH DEPAUL HOSPITAL ST LOUIS";"MO";"MORT_30_AMI";"Death rate for heart attack patients";134;11.0;"Y"
"260105";"SSM HEALTH SAINT LOUIS UNIVERSITY HOSPITAL";"MO";"MORT_30_AMI";"Death rate for heart attack patients";49;13.0;"Y"
"260108";"MISSOURI BAPTIST MEDICAL CENTER";"MO";"MORT_30_AMI";"Death rate for heart attack patients";249;11.0;"Y"
"260110";"MERCY HOSPITAL SOUTHEAST";"MO";"MORT_30_AMI";"Death rate for heart attack patients";127;13.0;"N"
"260113";"MISSOURI DELTA MEDICAL CENTER";"MO";"MORT_30_COPD";"Death rate for COPD patients";77;10.0;"Y"
"260119";"POPLAR BLUFF REGIONAL MEDICAL CENTER";"MO";"MORT_30_AMI";"Death rate for heart attack patients";177;14.0;"Y"
"260137";"FREEMAN HEALTH SYSTEM - FREEMAN WEST";"MO";"MORT_30_AMI";"Death rate for heart attack patients";255;14.0;"Y"
"260138";"ST LUKES HOSPITAL OF KANSAS CITY";"MO";"MORT_30_AMI";"Death rate for heart attack patients";140;11.0;"Y"
"260141";"UNIVERSITY OF MISSOURI HEALTH CARE";"MO";"MORT_30_AMI";"Death rate for heart attack patients";188;11.0;"Y"
"260142";"FITZGIBBON HOSPITAL";"MO";"MORT_30_COPD";"Death rate for COPD patients";35;8.0;"Y"
"260160";"MERCY HOSPITAL STODDARD";"MO";"MORT_30_COPD";"Death rate for COPD patients";54;9.0;"Y"
"260162";"BARNES-JEWISH WEST COUNTY HOSPITAL";"MO";"MORT_30_HF";"Death rate for heart failure patients";52;10.0;"Y"
"260163";"PARKLAND HEALTH CENTER";"MO";"MORT_30_AMI";"Death rate for heart attack patients";30;11.0;"Y"
"260175";"GOLDEN VALLEY MEMORIAL HOSPITAL";"MO";"MORT_30_COPD";"Death rate for COPD patients";46;9.0;"Y"
"260176";"ST LUKE'S DES PERES HOSPITAL";"MO";"MORT_30_HF";"Death rate for heart failure patients";42;12.0;"Y"
"260177";"LIBERTY HOSPITAL";"MO";"MORT_30_AMI";"Death rate for heart attack patients";106;12.0;"Y"
"260179";"ST LUKES HOSPITAL";"MO";"MORT_30_AMI";"Death rate for heart attack patients";264;12.0;"Y"
"260180";"CHRISTIAN HOSPITAL NORTHEAST";"MO";"MORT_30_AMI";"Death rate for heart attack patients";121;11.0;"Y"
"260183";"SAINT FRANCIS MEDICAL CENTER";"MO";"MORT_30_AMI";"Death rate for heart attack patients";129;14.0;"N"
"260186";"LAKE REGIONAL HEALTH SYSTEM";"MO";"MORT_30_AMI";"Death rate for heart attack patients";186;13.0;"Y"
"260190";"LEE'S SUMMIT MEDICAL CENTER";"MO";"MORT_30_AMI";"Death rate for heart attack patients";60;12.0;"Y"
"260191";"BARNES-JEWISH ST PETERS HOSPITAL";"MO";"MORT_30_AMI";"Death rate for heart attack patients";95;12.0;"Y"
"260193";"ST MARY'S MEDICAL CENTER";"MO";"MORT_30_AMI";"Death rate for heart attack patients";59;12.0;"Y"
"260195";"CITIZENS MEMORIAL HOSPITAL";"MO";"MORT_30_AMI";"Death rate for heart attack patients";79;14.0;"Y"
"260200";"SSM ST JOSEPH HOSPITAL WEST";"MO";"MORT_30_AMI";"Death rate for heart attack patients";134;12.0;"Y"
"260214";"BELTON REGIONAL MEDICAL CENTER";"MO";"MORT_30_COPD";"Death rate for COPD patients";36;9.0;"Y"
"260216";"SAINT LUKE'S EAST  HOSPITAL";"MO";"MORT_30_AMI";"Death rate for heart attack patients";186;12.0;"Y"
"260219";"PROGRESS WEST HOSPITAL";"MO";"MORT_30_AMI";"Death rate for heart attack patients";48;13.0;"Y"
"26023F";"COLUMBIA MO VA MEDICAL CENTER";"MO";"MORT_30_AMI";"Death rate for heart attack patients";170;13.0;"N"
"261302";"MADISON MEDICAL CENTER";"MO";"MORT_30_PN";"Death rate for pneumonia patients";63;23.0;"Y"
"261303";"COMMUNITY HOSPITAL ASSOCIATION";"MO";"MORT_30_COPD";"Death rate for COPD patients";44;8.0;"Y"
"261307";"PERSHING MEMORIAL HOSPITAL";"MO";"MORT_30_COPD";"Death rate for COPD patients";25;8.0;"Y"
"261308";"WASHINGTON COUNTY MEMORIAL HOSPITAL";"MO";"MORT_30_COPD";"Death rate for COPD patients";25;9.0;"Y"
"261309";"WRIGHT MEMORIAL HOSPITAL";"MO";"MORT_30_HF";"Death rate for heart failure patients";29;11.0;"Y"
"261310";"SCOTLAND COUNTY  HOSPITAL";"MO";"MORT_30_COPD";"Death rate for COPD patients";30;10.0;"N"
"261311";"MERCY HOSPITAL PERRY";"MO";"MORT_30_COPD";"Death rate for COPD patients";29;9.0;"Y"
"261312";"HARRISON COUNTY COMMUNITY HOSPITAL";"MO";"MORT_30_COPD";"Death rate for COPD patients";37;9.0;"Y"
"261313";"MACON COUNTY SAMARITAN MEMORIAL HOSPITAL";"MO";"MORT_30_COPD";"Death rate for COPD patients";27;10.0;"Y"
"261316";"MERCY HOSPITAL AURORA";"MO";"MORT_30_PN";"Death rate for pneumonia patients";59;20.0;"Y"
"261317";"MERCY HOSPITAL - CASSVILLE";"MO";"MORT_30_PN";"Death rate for pneumonia patients";41;17.0;"Y"
"261318";"SALEM MEMORIAL DISTRICT HOSPITAL";"MO";"MORT_30_HF";"Death rate for heart failure patients";45;12.0;"Y"
"261319";"MERCY HOSPITAL LINCOLN";"MO";"MORT_30_PN";"Death rate for pneumonia patients";43;15.0;"Y"
"261320";"LAFAYETTE REGIONAL HEALTH CENTER";"MO";"MORT_30_HF";"Death rate for heart failure patients";26;13.0;"Y"
"261321";"HEDRICK MEDICAL CENTER";"MO";"MORT_30_COPD";"Death rate for COPD patients";32;9.0;"Y"
"261322";"EXCELSIOR SPRINGS HOSPITAL";"MO";"MORT_30_PN";"Death rate for pneumonia patients";30;17.0;"Y"
"261323";"CEDAR COUNTY MEMORIAL HOSPITAL";"MO";"MORT_30_PN";"Death rate for pneumonia patients";28;17.0;"Y"
"261324";"CASS REGIONAL MEDICAL CENTER";"MO";"MORT_30_COPD";"Death rate for COPD patients";29;8.0;"Y"
"261325";"COX BARTON COUNTY HOSPITAL";"MO";"MORT_30_PN";"Death rate for pneumonia patients";48;15.0;"Y"
"261328";"MOSAIC MEDICAL CENTER ALBANY";"MO";"MORT_30_PN";"Death rate for pneumonia patients";40;18.0;"Y"
"261329";"COX MONETT HOSPITAL";"MO";"MORT_30_HF";"Death rate for heart failure patients";32;13.0;"Y"
"261330";"STE GENEVIEVE COUNTY MEMORIAL HOSPITAL";"MO";"MORT_30_HF";"Death rate for heart failure patients";48;18.0;"Y"
"261331";"FREEMAN NEOSHO HOSPITAL";"MO";"MORT_30_HF";"Death rate for heart failure patients";36;13.0;"Y"
"261332";"CARROLL COUNTY MEMORIAL HOSPITAL";"MO";"MORT_30_PN";"Death rate for pneumonia patients";39;15.0;"Y"
"261333";"PIKE COUNTY MEMORIAL HOSPITAL";"MO";"MORT_30_PN";"Death rate for pneumonia patients";42;15.0;"Y"
"261336";"IRON COUNTY MEDICAL CENTER";"MO";"MORT_30_PN";"Death rate for pneumonia patients";52;16.0;"Y"
"261337";"MISSOURI BAPTIST SULLIVAN HOSPITAL";"MO";"MORT_30_HF";"Death rate for heart failure patients";57;17.0;"Y"
"261338";"MERCY HOSPITAL CARTHAGE";"MO";"MORT_30_HF";"Death rate for heart failure patients";28;10.0;"Y"
"270003";"ST PETERS HEALTH";"MT";"MORT_30_AMI";"Death rate for heart attack patients";93;13.0;"Y"
"270004";"BILLINGS CLINIC";"MT";"MORT_30_AMI";"Death rate for heart attack patients";404;12.0;"Y"
"270012";"BENEFIS HOSPITALS INC";"MT";"MORT_30_AMI";"Death rate for heart attack patients";174;13.0;"Y"
"270014";"ST. PATRICK HOSPITAL";"MT";"MORT_30_AMI";"Death rate for heart attack patients";215;11.0;"Y"
"270017";"ST JAMES HOSPITAL";"MT";"MORT_30_AMI";"Death rate for heart attack patients";88;12.0;"Y"
"270023";"COMMUNITY MEDICAL CENTER";"MT";"MORT_30_AMI";"Death rate for heart attack patients";58;12.0;"Y"
"27003F";"VA MONTANA HEALTHCARE SYSTEM";"MT";"MORT_30_COPD";"Death rate for COPD patients";66;10.0;"N"
"270049";"INTERMOUNTAIN HEALTH ST VINCENT REGIONAL HOSPITAL";"MT";"MORT_30_AMI";"Death rate for heart attack patients";251;12.0;"Y"
"270051";"LOGAN HEALTH MEDICAL CENTER";"MT";"MORT_30_AMI";"Death rate for heart attack patients";189;11.0;"Y"
"270057";"BOZEMAN HEALTH DEACONESS HOSPITAL";"MT";"MORT_30_AMI";"Death rate for heart attack patients";86;11.0;"Y"
"270086";"GREAT FALLS CLINIC HOSPITAL";"MT";"MORT_30_AMI";"Death rate for heart attack patients";44;14.0;"Y"
"271312";"PHILLIPS COUNTY HOSPITAL - CAH";"MT";"MORT_30_PN";"Death rate for pneumonia patients";27;17.0;"N"
"271316";"FRANCES MAHON DEACONESS HOSPITAL";"MT";"MORT_30_PN";"Death rate for pneumonia patients";42;21.0;"Y"
"271317";"LIVINGSTON HEALTHCARE";"MT";"MORT_30_COPD";"Death rate for COPD patients";29;10.0;"Y"
"271318";"BARRETT HOSPITAL & HEALTHCARE";"MT";"MORT_30_HF";"Death rate for heart failure patients";35;13.0;"Y"
"271320";"CABINET PEAKS MEDICAL CENTER";"MT";"MORT_30_COPD";"Death rate for COPD patients";29;12.0;"Y"
"271325";"ST LUKE COMMUNITY HOSPITAL";"MT";"MORT_30_PN";"Death rate for pneumonia patients";39;15.0;"Y"
"271332";"GLENDIVE MEDICAL CENTER";"MT";"MORT_30_HF";"Death rate for heart failure patients";34;15.0;"Y"
"271335";"COMMUNITY HOSPITAL OF ANACONDA";"MT";"MORT_30_COPD";"Death rate for COPD patients";31;9.0;"Y"
"271336";"LOGAN HEALTH - WHITEFISH";"MT";"MORT_30_COPD";"Death rate for COPD patients";41;13.0;"Y"
"271340";"BITTERROOT HEALTH - DALY HOSPITAL";"MT";"MORT_30_COPD";"Death rate for COPD patients";41;10.0;"Y"
"271341";"TRINITY HOSPITAL";"MT";"MORT_30_PN";"Death rate for pneumonia patients";28;19.0;"Y"
"271343";"PROVIDENCE ST JOSEPH MEDICAL CENTER";"MT";"MORT_30_HF";"Death rate for heart failure patients";33;11.0;"Y"
"271344";"SIDNEY HEALTH CENTER";"MT";"MORT_30_COPD";"Death rate for COPD patients";29;11.0;"Y"
"271345";"CENTRAL MONTANA MEDICAL CENTER";"MT";"MORT_30_PN";"Death rate for pneumonia patients";48;14.0;"Y"
"271347";"HOLY ROSARY HOSPITAL";"MT";"MORT_30_HF";"Death rate for heart failure patients";44;16.0;"Y"
"280003";"BRYAN MEDICAL CENTER";"NE";"MORT_30_AMI";"Death rate for heart attack patients";507;15.0;"Y"
"280009";"CHI HEALTH GOOD SAMARITAN";"NE";"MORT_30_AMI";"Death rate for heart attack patients";110;12.0;"Y"
"280013";"THE NEBRASKA MEDICAL CENTER";"NE";"MORT_30_AMI";"Death rate for heart attack patients";135;11.0;"Y"
"280020";"CHI HEALTH ST. ELIZABETH";"NE";"MORT_30_COPD";"Death rate for COPD patients";30;9.0;"Y"
"280023";"CHI HEALTH ST. FRANCIS";"NE";"MORT_30_AMI";"Death rate for heart attack patients";57;12.0;"Y"
"280032";"MARY LANNING HEALTHCARE";"NE";"MORT_30_AMI";"Death rate for heart attack patients";26;13.0;"Y"
"280040";"THE NEBRASKA METHODIST HOSPITAL";"NE";"MORT_30_AMI";"Death rate for heart attack patients";210;11.0;"Y"
"280060";"CHI HEALTH BERGAN MERCY";"NE";"MORT_30_AMI";"Death rate for heart attack patients";139;12.0;"Y"
"280061";"REGIONAL WEST MEDICAL CENTER";"NE";"MORT_30_AMI";"Death rate for heart attack patients";46;11.0;"Y"
"280065";"GREAT PLAINS HEALTH";"NE";"MORT_30_AMI";"Death rate for heart attack patients";144;12.0;"Y"
"28006F";"OMAHA VA MEDICAL CENTER (VA NEBRASKA WESTERN IOWA HEALTHCARE SYSTEM)";"NE";"MORT_30_AMI";"Death rate for heart attack patients";77;11.0;"N"
"280077";"METHODIST FREMONT HEALTH";"NE";"MORT_30_AMI";"Death rate for heart attack patients";38;13.0;"Y"
"280081";"CHI HEALTH IMMANUEL";"NE";"MORT_30_AMI";"Death rate for heart attack patients";47;12.0;"Y"
"280105";"CHI HEALTH MIDLANDS";"NE";"MORT_30_HF";"Death rate for heart failure patients";60;12.0;"Y"
"280111";"COLUMBUS COMMUNITY HOSPITAL, INC";"NE";"MORT_30_AMI";"Death rate for heart attack patients";33;13.0;"Y"
"280125";"FAITH REGIONAL HEALTH SERVICES";"NE";"MORT_30_AMI";"Death rate for heart attack patients";127;13.0;"Y"
"280128";"CHI HEALTH NEBRASKA HEART";"NE";"MORT_30_AMI";"Death rate for heart attack patients";167;12.0;"Y"
"280130";"CHI HEALTH LAKESIDE";"NE";"MORT_30_AMI";"Death rate for heart attack patients";167;11.0;"Y"
"280132";"BELLEVUE MEDICAL CENTER, LLC";"NE";"MORT_30_AMI";"Death rate for heart attack patients";111;11.0;"Y"
"280134";"KEARNEY REGIONAL MEDICAL CENTER";"NE";"MORT_30_AMI";"Death rate for heart attack patients";102;12.0;"Y"
"280139";"GRAND ISLAND REGIONAL MEDICAL CENTER";"NE";"MORT_30_COPD";"Death rate for COPD patients";36;10.0;"Y"
"281301";"FILLMORE COUNTY HOSPITAL";"NE";"MORT_30_HF";"Death rate for heart failure patients";25;13.0;"Y"
"281304";"THAYER COUNTY HEALTH SERVICES";"NE";"MORT_30_PN";"Death rate for pneumonia patients";42;18.0;"Y"
"281305";"KIMBALL HEALTH SERVICES";"NE";"MORT_30_PN";"Death rate for pneumonia patients";34;18.0;"Y"
"281307";"SAUNDERS MEDICAL CENTER";"NE";"MORT_30_PN";"Death rate for pneumonia patients";41;20.0;"Y"
"281309";"SYRACUSE AREA HEALTH";"NE";"MORT_30_PN";"Death rate for pneumonia patients";39;19.0;"Y"
"281313";"GOTHENBURG HEALTH";"NE";"MORT_30_PN";"Death rate for pneumonia patients";31;21.0;"Y"
"281315";"BRODSTONE HEALTHCARE";"NE";"MORT_30_HF";"Death rate for heart failure patients";30;13.0;"Y"
"281319";"JEFFERSON COMMUNITY HEALTH & LIFE";"NE";"MORT_30_PN";"Death rate for pneumonia patients";36;19.0;"Y"
"281320";"MEMORIAL HOSPITAL";"NE";"MORT_30_PN";"Death rate for pneumonia patients";47;20.0;"Y"
"281322";"ST FRANCIS MEMORIAL HOSPITAL";"NE";"MORT_30_HF";"Death rate for heart failure patients";45;16.0;"Y"
"281324";"NEMAHA COUNTY HOSPITAL";"NE";"MORT_30_PN";"Death rate for pneumonia patients";49;18.0;"Y"
"281327";"COZAD COMMUNITY HOSPITAL";"NE";"MORT_30_PN";"Death rate for pneumonia patients";47;16.0;"Y"
"281328";"MERRICK MEDICAL CENTER";"NE";"MORT_30_PN";"Death rate for pneumonia patients";34;14.0;"Y"
"281329";"AVERA ST ANTHONY'S HOSPITAL";"NE";"MORT_30_HF";"Death rate for heart failure patients";31;10.0;"Y"
"281332";"BUTLER COUNTY HEALTH";"NE";"MORT_30_PN";"Death rate for pneumonia patients";30;19.0;"Y"
"281334";"BOONE COUNTY HEALTH CENTER";"NE";"MORT_30_COPD";"Death rate for COPD patients";37;8.0;"Y"
"281335";"CALLAWAY DISTRICT HOSPITAL";"NE";"MORT_30_PN";"Death rate for pneumonia patients";34;17.0;"Y"
"281336";"YORK GENERAL HEALTH CARE SERVICES";"NE";"MORT_30_COPD";"Death rate for COPD patients";32;9.0;"Y"
"281339";"MEMORIAL HEALTH CARE SYSTEMS";"NE";"MORT_30_HF";"Death rate for heart failure patients";43;15.0;"Y"
"281340";"DUNDY COUNTY HOSPITAL";"NE";"MORT_30_PN";"Death rate for pneumonia patients";30;16.0;"N"
"281341";"CHADRON COMMUNITY HOSPITAL AND HEALTH SERVICES";"NE";"MORT_30_HF";"Death rate for heart failure patients";25;17.0;"Y"
"281342";"CHI HEALTH ST. MARYS";"NE";"MORT_30_HF";"Death rate for heart failure patients";31;10.0;"N"
"281344";"CHERRY COUNTY HOSPITAL";"NE";"MORT_30_PN";"Death rate for pneumonia patients";28;15.0;"N"
"281345";"PROVIDENCE MEDICAL CENTER";"NE";"MORT_30_HF";"Death rate for heart failure patients";27;17.0;"Y"
"281347";"OSMOND GENERAL HOSPITAL";"NE";"MORT_30_PN";"Death rate for pneumonia patients";43;14.0;"Y"
"281348";"TRI VALLEY HEALTH SYSTEM";"NE";"MORT_30_PN";"Death rate for pneumonia patients";30;19.0;"Y"
"281349";"PENDER COMMUNITY HOSPITAL";"NE";"MORT_30_PN";"Death rate for pneumonia patients";42;17.0;"Y"
"281350";"JOHNSON COUNTY HOSPITAL";"NE";"MORT_30_PN";"Death rate for pneumonia patients";31;16.0;"Y"
"281351";"CHASE COUNTY COMMUNITY HOSPITAL";"NE";"MORT_30_PN";"Death rate for pneumonia patients";27;15.0;"Y"
"281352";"COMMUNITY MEDICAL CENTER, INC";"NE";"MORT_30_COPD";"Death rate for COPD patients";46;7.0;"Y"
"281353";"VALLEY COUNTY HEALTH SYSTEM";"NE";"MORT_30_PN";"Death rate for pneumonia patients";43;22.0;"Y"
"281355";"OGALLALA COMMUNITY HOSPITAL";"NE";"MORT_30_PN";"Death rate for pneumonia patients";48;22.0;"Y"
"281356";"PERKINS COUNTY HEALTH SERVICES";"NE";"MORT_30_PN";"Death rate for pneumonia patients";43;18.0;"N"
"281357";"SIDNEY REGIONAL MEDICAL CENTER";"NE";"MORT_30_PN";"Death rate for pneumonia patients";34;20.0;"Y"
"281358";"GORDON MEMORIAL HOSPITAL DISTRICT";"NE";"MORT_30_PN";"Death rate for pneumonia patients";32;17.0;"Y"
"281360";"BOX BUTTE GENERAL HOSPITAL";"NE";"MORT_30_COPD";"Death rate for COPD patients";27;11.0;"Y"
"281361";"LEXINGTON REGIONAL HEALTH CENTER";"NE";"MORT_30_PN";"Death rate for pneumonia patients";33;20.0;"Y"
"281362";"PHELPS MEMORIAL HEALTH CENTER";"NE";"MORT_30_HF";"Death rate for heart failure patients";32;12.0;"Y"
"281363";"COMMUNITY HOSPITAL";"NE";"MORT_30_COPD";"Death rate for COPD patients";25;9.0;"Y"
"281364";"BEATRICE COMMUNITY HOSPITAL & HEALTH CENTER, INC";"NE";"MORT_30_COPD";"Death rate for COPD patients";34;10.0;"Y"
"281365";"JENNIE M MELHAM MEMORIAL MEDICAL CENTER";"NE";"MORT_30_HF";"Death rate for heart failure patients";32;11.0;"N"
"290001";"RENOWN REGIONAL MEDICAL CENTER";"NV";"MORT_30_AMI";"Death rate for heart attack patients";537;11.0;"Y"
"290003";"SUNRISE HOSPITAL AND MEDICAL CENTER";"NV";"MORT_30_AMI";"Death rate for heart attack patients";196;12.0;"Y"
"290005";"NORTH VISTA HOSPITAL";"NV";"MORT_30_COPD";"Death rate for COPD patients";80;8.0;"Y"
"290007";"UNIVERSITY MEDICAL CENTER";"NV";"MORT_30_AMI";"Death rate for heart attack patients";33;12.0;"Y"
"290008";"NORTHEASTERN NEVADA REGIONAL HOSPITAL";"NV";"MORT_30_AMI";"Death rate for heart attack patients";76;13.0;"Y"
"290009";"SAINT MARY'S REGIONAL MEDICAL CENTER";"NV";"MORT_30_AMI";"Death rate for heart attack patients";169;11.0;"Y"
"290019";"CARSON TAHOE REGIONAL MEDICAL CENTER";"NV";"MORT_30_AMI";"Death rate for heart attack patients";249;14.0;"Y"
"290021";"VALLEY HOSPITAL MEDICAL CENTER";"NV";"MORT_30_AMI";"Death rate for heart attack patients";86;11.0;"Y"
"29002F";"VA SIERRA NEVADA HEALTHCARE SYSTEM";"NV";"MORT_30_AMI";"Death rate for heart attack patients";65;12.0;"N"
"290032";"NORTHERN NEVADA MEDICAL CENTER";"NV";"MORT_30_AMI";"Death rate for heart attack patients";82;14.0;"Y"
"290039";"MOUNTAINVIEW HOSPITAL";"NV";"MORT_30_AMI";"Death rate for heart attack patients";226;10.0;"Y"
"290041";"SUMMERLIN HOSPITAL MEDICAL CENTER";"NV";"MORT_30_AMI";"Death rate for heart attack patients";136;13.0;"Y"
"290045";"SAINT ROSE DOMINICAN HOSPITALS - SIENA CAMPUS";"NV";"MORT_30_AMI";"Death rate for heart attack patients";241;12.0;"Y"
"290046";"SPRING VALLEY HOSPITAL MEDICAL CENTER";"NV";"MORT_30_AMI";"Death rate for heart attack patients";96;13.0;"Y"
"290047";"SOUTHERN HILLS HOSPITAL AND MEDICAL CENTER";"NV";"MORT_30_AMI";"Death rate for heart attack patients";91;12.0;"Y"
"290049";"RENOWN SOUTH MEADOWS MEDICAL CENTER";"NV";"MORT_30_COPD";"Death rate for COPD patients";62;12.0;"Y"
"29004F";"VA SOUTHERN NEVADA HEALTHCARE SYSTEM";"NV";"MORT_30_AMI";"Death rate for heart attack patients";31;12.0;"N"
"290053";"SAINT ROSE DOMINICAN HOSPITALS - SAN MARTIN CAMPUS";"NV";"MORT_30_AMI";"Death rate for heart attack patients";59;12.0;"Y"
"290054";"CENTENNIAL HILLS HOSPITAL MEDICAL CENTER";"NV";"MORT_30_AMI";"Death rate for heart attack patients";100;13.0;"Y"
"290057";"HENDERSON HOSPITAL";"NV";"MORT_30_AMI";"Death rate for heart attack patients";91;13.0;"Y"
"290058";"SAINT ROSE DOMINICAN HOSPITALS - NORTH LAS VEGAS";"NV";"MORT_30_PN";"Death rate for pneumonia patients";36;14.0;"Y"
"291302";"WILLIAM BEE RIRIE HOSPITAL";"NV";"MORT_30_COPD";"Death rate for COPD patients";41;8.0;"Y"
"291306";"CARSON VALLEY HEALTH";"NV";"MORT_30_COPD";"Death rate for COPD patients";49;8.0;"Y"
"291307";"MESA VIEW REGIONAL HOSPITAL";"NV";"MORT_30_COPD";"Death rate for COPD patients";32;10.0;"Y"
"291308";"HUMBOLDT GENERAL HOSPITAL";"NV";"MORT_30_COPD";"Death rate for COPD patients";48;10.0;"Y"
"291311";"DESERT VIEW HOSPITAL";"NV";"MORT_30_COPD";"Death rate for COPD patients";58;9.0;"N"
"291312";"GROVER C DILS MEDICAL CENTER";"NV";"MORT_30_PN";"Death rate for pneumonia patients";26;20.0;"N"
"291313";"BANNER CHURCHILL COMMUNITY HOSPITAL";"NV";"MORT_30_COPD";"Death rate for COPD patients";43;12.0;"Y"
"300001";"CONCORD HOSPITAL";"NH";"MORT_30_AMI";"Death rate for heart attack patients";311;12.0;"Y"
"300003";"MARY HITCHCOCK MEMORIAL HOSPITAL";"NH";"MORT_30_AMI";"Death rate for heart attack patients";487;12.0;"Y"
"300005";"CONCORD HOSPITAL- LACONIA";"NH";"MORT_30_AMI";"Death rate for heart attack patients";30;11.0;"Y"
"300011";"ST JOSEPH HOSPITAL";"NH";"MORT_30_AMI";"Death rate for heart attack patients";102;12.0;"Y"
"300012";"ELLIOT HOSPITAL";"NH";"MORT_30_AMI";"Death rate for heart attack patients";115;14.0;"Y"
"300014";"FRISBIE MEMORIAL HOSPITAL";"NH";"MORT_30_COPD";"Death rate for COPD patients";35;9.0;"Y"
"300017";"PARKLAND MEDICAL CENTER";"NH";"MORT_30_AMI";"Death rate for heart attack patients";115;11.0;"Y"
"300018";"WENTWORTH-DOUGLASS HOSPITAL";"NH";"MORT_30_AMI";"Death rate for heart attack patients";145;11.0;"Y"
"300019";"CHESHIRE MEDICAL CENTER";"NH";"MORT_30_AMI";"Death rate for heart attack patients";54;11.0;"Y"
"300020";"SOUTHERN NH MEDICAL CENTER";"NH";"MORT_30_AMI";"Death rate for heart attack patients";118;13.0;"Y"
"300023";"EXETER HOSPITAL INC";"NH";"MORT_30_AMI";"Death rate for heart attack patients";81;12.0;"Y"
"300029";"PORTSMOUTH REGIONAL HOSPITAL";"NH";"MORT_30_AMI";"Death rate for heart attack patients";256;11.0;"Y"
"300034";"CATHOLIC MEDICAL CENTER";"NH";"MORT_30_AMI";"Death rate for heart attack patients";418;11.0;"Y"
"301301";"COTTAGE HOSPITAL";"NH";"MORT_30_HF";"Death rate for heart failure patients";41;14.0;"Y"
"301302";"LITTLETON REGIONAL HEALTHCARE";"NH";"MORT_30_COPD";"Death rate for COPD patients";30;11.0;"Y"
"301303";"WEEKS MEDICAL CENTER";"NH";"MORT_30_PN";"Death rate for pneumonia patients";37;19.0;"N"
"301304";"NEW LONDON HOSPITAL";"NH";"MORT_30_COPD";"Death rate for COPD patients";28;8.0;"Y"
"301305";"ALICE PECK DAY MEMORIAL HOSPITAL";"NH";"MORT_30_HF";"Death rate for heart failure patients";73;8.0;"Y"
"301306";"CONCORD HOSPITAL- FRANKLIN";"NH";"MORT_30_PN";"Death rate for pneumonia patients";49;14.0;"Y"
"301307";"MEMORIAL HOSPITAL, THE";"NH";"MORT_30_COPD";"Death rate for COPD patients";29;9.0;"Y"
"301308";"VALLEY REGIONAL HOSPITAL";"NH";"MORT_30_COPD";"Death rate for COPD patients";44;10.0;"Y"
"301309";"MONADNOCK COMMUNITY HOSPITAL";"NH";"MORT_30_COPD";"Death rate for COPD patients";37;10.0;"N"
"301310";"ANDROSCOGGIN VALLEY HOSPITAL";"NH";"MORT_30_COPD";"Death rate for COPD patients";31;12.0;"Y"
"301311";"SPEARE MEMORIAL HOSPITAL";"NH";"MORT_30_COPD";"Death rate for COPD patients";33;8.0;"Y"
"301312";"HUGGINS HOSPITAL";"NH";"MORT_30_COPD";"Death rate for COPD patients";62;10.0;"Y"
"310001";"HACKENSACK UNIVERSITY MEDICAL CENTER";"NJ";"MORT_30_AMI";"Death rate for heart attack patients";355;10.0;"Y"
"310002";"NEWARK BETH ISRAEL MEDICAL CENTER";"NJ";"MORT_30_AMI";"Death rate for heart attack patients";56;13.0;"Y"
"310003";"PALISADES MEDICAL CENTER";"NJ";"MORT_30_AMI";"Death rate for heart attack patients";42;13.0;"Y"
"310005";"HUNTERDON MEDICAL CENTER";"NJ";"MORT_30_AMI";"Death rate for heart attack patients";114;12.0;"N"
"310006";"ST MARY'S GENERAL HOSPITAL";"NJ";"MORT_30_AMI";"Death rate for heart attack patients";68;11.0;"Y"
"310008";"HOLY NAME MEDICAL CENTER";"NJ";"MORT_30_AMI";"Death rate for heart attack patients";142;12.0;"Y"
"310009";"CLARA MAASS MEDICAL CENTER";"NJ";"MORT_30_AMI";"Death rate for heart attack patients";121;14.0;"Y"
"310010";"UNIVERSITY MEDICAL CENTER OF PRINCETON AT PLAINSBORO";"NJ";"MORT_30_AMI";"Death rate for heart attack patients";182;12.0;"Y"
"310011";"CAPE REGIONAL MEDICAL CENTER INC";"NJ";"MORT_30_AMI";"Death rate for heart attack patients";82;12.0;"Y"
"310012";"VALLEY HOSPITAL";"NJ";"MORT_30_AMI";"Death rate for heart attack patients";374;13.0;"Y"
"310014";"COOPER UNIVERSITY HOSPITAL";"NJ";"MORT_30_AMI";"Death rate for heart attack patients";202;13.0;"Y"
"310015";"MORRISTOWN MEDICAL CENTER";"NJ";"MORT_30_AMI";"Death rate for heart attack patients";449;11.0;"Y"
"310016";"CAREPOINT HEALTH-CHRIST HOSPITAL";"NJ";"MORT_30_AMI";"Death rate for heart attack patients";52;11.0;"Y"
"310017";"CHILTON MEDICAL CENTER";"NJ";"MORT_30_AMI";"Death rate for heart attack patients";145;12.0;"Y"
"310019";"ST JOSEPH'S UNIVERSITY MEDICAL CENTER INC";"NJ";"MORT_30_AMI";"Death rate for heart attack patients";205;13.0;"Y"
"31001F";"VA NEW JERSEY HEALTH CARE SYSTEM";"NJ";"MORT_30_AMI";"Death rate for heart attack patients";43;12.0;"N"
"310022";"WEST JERSEY HOSPITAL";"NJ";"MORT_30_AMI";"Death rate for heart attack patients";271;14.0;"Y"
"310024";"ROBERT WOOD JOHNSON UNIVERSITY HOSPITAL AT RAHWAY";"NJ";"MORT_30_AMI";"Death rate for heart attack patients";80;11.0;"Y"
"310025";"CAREPOINT HEALTH - BAYONNE MEDICAL CENTER";"NJ";"MORT_30_AMI";"Death rate for heart attack patients";71;13.0;"Y"
"310027";"TRINITAS REGIONAL MEDICAL CENTER";"NJ";"MORT_30_COPD";"Death rate for COPD patients";43;8.0;"Y"
"310028";"NEWTON MEDICAL CENTER";"NJ";"MORT_30_AMI";"Death rate for heart attack patients";171;10.0;"Y"
"310029";"VIRTUA OUR LADY OF LOURDES HOSPITAL";"NJ";"MORT_30_AMI";"Death rate for heart attack patients";269;13.0;"Y"
"310031";"DEBORAH HEART AND LUNG CENTER";"NJ";"MORT_30_AMI";"Death rate for heart attack patients";102;12.0;"Y"
"310032";"INSPIRA MEDICAL CENTER VINELAND";"NJ";"MORT_30_AMI";"Death rate for heart attack patients";232;12.0;"Y"
"310034";"RIVERVIEW MEDICAL CENTER";"NJ";"MORT_30_AMI";"Death rate for heart attack patients";178;14.0;"Y"
"310038";"ROBERT WOOD JOHNSON UNIVERSITY HOSPITAL";"NJ";"MORT_30_AMI";"Death rate for heart attack patients";343;11.0;"Y"
"310039";"RARITAN BAY MEDICAL CENTER";"NJ";"MORT_30_AMI";"Death rate for heart attack patients";113;11.0;"Y"
"310040";"CAREPOINT HEALTH-HOBOKEN UNIVERSITY MEDICAL CENTER";"NJ";"MORT_30_HF";"Death rate for heart failure patients";53;11.0;"N"
"310041";"COMMUNITY MEDICAL CENTER";"NJ";"MORT_30_AMI";"Death rate for heart attack patients";541;14.0;"Y"
"310044";"CAPITAL HEALTH MEDICAL CENTER - HOPEWELL";"NJ";"MORT_30_AMI";"Death rate for heart attack patients";82;12.0;"Y"
"310045";"ENGLEWOOD HOSPITAL AND MEDICAL CENTER";"NJ";"MORT_30_AMI";"Death rate for heart attack patients";214;10.0;"Y"
"310047";"SHORE MEDICAL CENTER";"NJ";"MORT_30_AMI";"Death rate for heart attack patients";43;12.0;"Y"
"310048";"ROBERT WOOD JOHNSON UNIVERSITY HOSPITAL - SOMERSET";"NJ";"MORT_30_AMI";"Death rate for heart attack patients";149;12.0;"Y"
"310050";"SAINT CLARE'S HOSPITAL/ DENVILLE CAMPUS";"NJ";"MORT_30_AMI";"Death rate for heart attack patients";169;12.0;"Y"
"310051";"OVERLOOK MEDICAL CENTER";"NJ";"MORT_30_AMI";"Death rate for heart attack patients";216;11.0;"Y"
"310052";"OCEAN MEDICAL CENTER";"NJ";"MORT_30_AMI";"Death rate for heart attack patients";368;12.0;"Y"
"310054";"HACKENSACK MERIDIAN MOUNTAINSIDE MEDICAL";"NJ";"MORT_30_AMI";"Death rate for heart attack patients";118;12.0;"Y"
"310057";"VIRTUA MOUNT HOLLY HOSPITAL";"NJ";"MORT_30_AMI";"Death rate for heart attack patients";146;13.0;"Y"
"310058";"BERGEN NEW BRIDGE MEDICAL CENTER";"NJ";"MORT_30_PN";"Death rate for pneumonia patients";60;17.0;"Y"
"310060";"ST LUKE'S WARREN HOSPITAL";"NJ";"MORT_30_COPD";"Death rate for COPD patients";113;8.0;"Y"
"310061";"VIRTUA WILLINGBORO HOSPITAL";"NJ";"MORT_30_AMI";"Death rate for heart attack patients";36;13.0;"Y"
"310064";"ATLANTICARE REGIONAL MEDICAL CENTER - CITY CAMPUS";"NJ";"MORT_30_AMI";"Death rate for heart attack patients";401;11.0;"Y"
"310069";"INSPIRA MEDICAL CENTER MULLICA HILL";"NJ";"MORT_30_AMI";"Death rate for heart attack patients";213;13.0;"Y"
"310070";"SAINT PETER'S UNIVERSITY HOSPITAL";"NJ";"MORT_30_AMI";"Death rate for heart attack patients";101;11.0;"N"
"310073";"JERSEY SHORE UNIVERSITY MEDICAL CENTER";"NJ";"MORT_30_AMI";"Death rate for heart attack patients";517;11.0;"Y"
"310074";"JERSEY CITY MEDICAL CENTER";"NJ";"MORT_30_AMI";"Death rate for heart attack patients";101;14.0;"Y"
"310075";"MONMOUTH MEDICAL CENTER";"NJ";"MORT_30_AMI";"Death rate for heart attack patients";90;13.0;"Y"
"310076";"COOPERMAN BARNABAS MEDICAL CENTER";"NJ";"MORT_30_AMI";"Death rate for heart attack patients";150;12.0;"Y"
"310083";"CAREWELL HEALTH MEDICAL CENTER";"NJ";"MORT_30_HF";"Death rate for heart failure patients";35;11.0;"N"
"310084";"MONMOUTH MEDICAL CENTER-SOUTHERN CAMPUS";"NJ";"MORT_30_AMI";"Death rate for heart attack patients";49;14.0;"Y"
"310086";"JEFFERSON STRATFORD HOSPITAL";"NJ";"MORT_30_AMI";"Death rate for heart attack patients";252;11.0;"Y"
"310092";"CAPITAL HEALTH REGIONAL MEDICAL CENTER";"NJ";"MORT_30_AMI";"Death rate for heart attack patients";30;13.0;"Y"
"310096";"SAINT MICHAEL'S MEDICAL CENTER";"NJ";"MORT_30_COPD";"Death rate for COPD patients";31;9.0;"Y"
"310108";"JFK UNIVERSITY MEDICAL CENTER";"NJ";"MORT_30_AMI";"Death rate for heart attack patients";172;12.0;"Y"
"310110";"ROBERT WOOD JOHNSON UNIVERSITY HOSPITAL AT HAMILTON";"NJ";"MORT_30_AMI";"Death rate for heart attack patients";109;11.0;"Y"
"310111";"CENTRASTATE MEDICAL CENTER";"NJ";"MORT_30_AMI";"Death rate for heart attack patients";212;11.0;"N"
"310112";"BAYSHORE MEDICAL CENTER";"NJ";"MORT_30_AMI";"Death rate for heart attack patients";155;12.0;"Y"
"310113";"SOUTHERN OCEAN MEDICAL CENTER";"NJ";"MORT_30_AMI";"Death rate for heart attack patients";197;12.0;"Y"
"310115";"AHS HOSPITAL CORP";"NJ";"MORT_30_AMI";"Death rate for heart attack patients";52;12.0;"Y"
"310118";"HUDSON REGIONAL HOSPITAL";"NJ";"MORT_30_COPD";"Death rate for COPD patients";30;9.0;"Y"
"310119";"THE UNIVERSITY HOSPITAL";"NJ";"MORT_30_COPD";"Death rate for COPD patients";25;9.0;"Y"
"310130";"HACKENSACK MERIDIAN HEALTH PASCACK VALLEY MEDICAL";"NJ";"MORT_30_AMI";"Death rate for heart attack patients";32;14.0;"Y"
"320001";"UNM HOSPITAL";"NM";"MORT_30_AMI";"Death rate for heart attack patients";91;11.0;"Y"
"320002";"CHRISTUS ST VINCENT REGIONAL MEDICAL CENTER";"NM";"MORT_30_AMI";"Death rate for heart attack patients";300;11.0;"Y"
"320004";"CHRISTUS SOUTHERN NEW MEXICO";"NM";"MORT_30_AMI";"Death rate for heart attack patients";76;13.0;"Y"
"320005";"SAN JUAN REGIONAL MEDICAL CENTER INC";"NM";"MORT_30_AMI";"Death rate for heart attack patients";144;12.0;"Y"
"320006";"EASTERN NEW MEXICO MEDICAL CENTER";"NM";"MORT_30_AMI";"Death rate for heart attack patients";99;12.0;"Y"
"320009";"LOVELACE MEDICAL CENTER";"NM";"MORT_30_AMI";"Death rate for heart attack patients";284;11.0;"Y"
"320011";"PRESBYTERIAN ESPANOLA HOSPITAL";"NM";"MORT_30_PN";"Death rate for pneumonia patients";71;14.0;"Y"
"320017";"LOVELACE WOMEN'S HOSPITAL";"NM";"MORT_30_HF";"Death rate for heart failure patients";48;10.0;"Y"
"320018";"MEMORIAL MEDICAL CENTER";"NM";"MORT_30_AMI";"Death rate for heart attack patients";140;13.0;"Y"
"320021";"PRESBYTERIAN HOSPITAL";"NM";"MORT_30_AMI";"Death rate for heart attack patients";321;12.0;"Y"
"320022";"PLAINS REGIONAL MEDICAL CENTER";"NM";"MORT_30_COPD";"Death rate for COPD patients";60;8.0;"Y"
"320030";"ARTESIA GENERAL HOSPITAL";"NM";"MORT_30_PN";"Death rate for pneumonia patients";36;15.0;"Y"
"320033";"LOS ALAMOS MEDICAL CENTER";"NM";"MORT_30_PN";"Death rate for pneumonia patients";84;21.0;"Y"
"320059";"NORTHERN NAVAJO MEDICAL CENTER";"NM";"MORT_30_HF";"Death rate for heart failure patients";35;13.0;"Y"
"32005F";"VA NEW MEXICO HEALTHCARE SYSTEM";"NM";"MORT_30_AMI";"Death rate for heart attack patients";114;11.0;"N"
"320061";"GALLUP INDIAN MEDICAL CENTER";"NM";"MORT_30_HF";"Death rate for heart failure patients";31;11.0;"Y"
"320063";"CARLSBAD MEDICAL CENTER";"NM";"MORT_30_AMI";"Death rate for heart attack patients";45;11.0;"Y"
"320065";"COVENANT HEALTH HOBBS HOSPITAL";"NM";"MORT_30_HF";"Death rate for heart failure patients";49;15.0;"Y"
"320074";"LOVELACE WESTSIDE HOSPITAL";"NM";"MORT_30_HF";"Death rate for heart failure patients";32;12.0;"Y"
"320084";"ROOSEVELT GENERAL HOSPITAL";"NM";"MORT_30_PN";"Death rate for pneumonia patients";41;17.0;"Y"
"320085";"MOUNTAIN VIEW REGIONAL MEDICAL CENTER";"NM";"MORT_30_AMI";"Death rate for heart attack patients";117;14.0;"Y"
"320086";"LOVELACE REGIONAL HOSPITAL - ROSWELL";"NM";"MORT_30_HF";"Death rate for heart failure patients";29;17.0;"Y"
"320090";"PRESBYTERIAN SANTA FE MEDICAL CENTER";"NM";"MORT_30_HF";"Death rate for heart failure patients";29;11.0;"Y"
"320091";"THREE CROSSES REGIONAL HOSPITAL LLC";"NM";"MORT_30_AMI";"Death rate for heart attack patients";55;13.0;"Y"
"321301";"SOCORRO GENERAL HOSPITAL";"NM";"MORT_30_PN";"Death rate for pneumonia patients";36;19.0;"Y"
"321305";"NOR-LEA HOSPITAL DISTRICT";"NM";"MORT_30_PN";"Death rate for pneumonia patients";42;15.0;"Y"
"321306";"LINCOLN COUNTY MEDICAL CENTER";"NM";"MORT_30_COPD";"Death rate for COPD patients";27;8.0;"Y"
"321307";"MINERS' COLFAX MEDICAL CENTER";"NM";"MORT_30_PN";"Death rate for pneumonia patients";45;20.0;"Y"
"321309";"MIMBRES MEMORIAL HOSPITAL";"NM";"MORT_30_PN";"Death rate for pneumonia patients";35;17.0;"Y"
"321310";"HOLY CROSS HOSPITAL A DIV OF TAOS HEALTH SYSTEMS";"NM";"MORT_30_HF";"Death rate for heart failure patients";47;11.0;"Y"
"321311";"GILA REGIONAL MEDICAL CENTER";"NM";"MORT_30_HF";"Death rate for heart failure patients";53;15.0;"Y"
"330005";"KALEIDA HEALTH";"NY";"MORT_30_AMI";"Death rate for heart attack patients";291;11.0;"Y"
"330006";"ST JOSEPH'S MEDICAL CENTER";"NY";"MORT_30_HF";"Death rate for heart failure patients";34;13.0;"Y"
"330009";"BRONXCARE HOSPITAL CENTER";"NY";"MORT_30_COPD";"Death rate for COPD patients";30;9.0;"Y"
"330011";"OUR LADY OF LOURDES MEMORIAL HOSPITAL, INC";"NY";"MORT_30_AMI";"Death rate for heart attack patients";46;12.0;"N"
"330013";"ALBANY MEDICAL CENTER HOSPITAL";"NY";"MORT_30_AMI";"Death rate for heart attack patients";295;13.0;"Y"
"330014";"JAMAICA HOSPITAL MEDICAL CENTER";"NY";"MORT_30_AMI";"Death rate for heart attack patients";113;13.0;"Y"
"330019";"NEW YORK COMMUNITY HOSPITAL OF BROOKLYN, INC.";"NY";"MORT_30_AMI";"Death rate for heart attack patients";39;13.0;"Y"
"330023";"VASSAR BROTHERS MEDICAL CENTER";"NY";"MORT_30_AMI";"Death rate for heart attack patients";362;12.0;"Y"
"330024";"MOUNT SINAI HOSPITAL";"NY";"MORT_30_AMI";"Death rate for heart attack patients";151;13.0;"Y"
"330027";"NASSAU UNIVERSITY MEDICAL CENTER";"NY";"MORT_30_AMI";"Death rate for heart attack patients";27;12.0;"Y"
"330028";"RICHMOND UNIVERSITY MEDICAL CENTER";"NY";"MORT_30_AMI";"Death rate for heart attack patients";69;11.0;"Y"
"330030";"NEWARK-WAYNE COMMUNITY HOSPITAL";"NY";"MORT_30_COPD";"Death rate for COPD patients";48;8.0;"Y"
"330033";"CHENANGO MEMORIAL HOSPITAL";"NY";"MORT_30_HF";"Death rate for heart failure patients";49;12.0;"Y"
"330043";"NS/LIJ HS SOUTHSIDE HOSPITAL";"NY";"MORT_30_AMI";"Death rate for heart attack patients";147;14.0;"Y"
"330044";"WYNN HOSPITAL";"NY";"MORT_30_AMI";"Death rate for heart attack patients";84;12.0;"Y"
"330045";"NS/LIJ HS HUNTINGTON HOSPITAL";"NY";"MORT_30_AMI";"Death rate for heart attack patients";265;12.0;"Y"
"330046";"MOUNT SINAI WEST";"NY";"MORT_30_AMI";"Death rate for heart attack patients";102;10.0;"Y"
"330047";"ST MARY'S HEALTHCARE";"NY";"MORT_30_COPD";"Death rate for COPD patients";63;10.0;"Y"
"330049";"NORTHERN DUTCHESS HOSPITAL";"NY";"MORT_30_AMI";"Death rate for heart attack patients";36;13.0;"Y"
"330055";"NEW YORK-PRESBYTERIAN/QUEENS";"NY";"MORT_30_AMI";"Death rate for heart attack patients";157;11.0;"Y"
"330056";"BROOKLYN HOSPITAL CENTER - DOWNTOWN CAMPUS";"NY";"MORT_30_AMI";"Death rate for heart attack patients";63;11.0;"Y"
"330057";"ST PETER'S HOSPITAL";"NY";"MORT_30_AMI";"Death rate for heart attack patients";258;11.0;"Y"
"330058";"GENEVA GENERAL HOSPITAL";"NY";"MORT_30_COPD";"Death rate for COPD patients";65;12.0;"Y"
"330059";"MONTEFIORE MEDICAL CENTER";"NY";"MORT_30_AMI";"Death rate for heart attack patients";275;10.0;"Y"
"330065";"NIAGARA FALLS MEMORIAL MEDICAL CENTER";"NY";"MORT_30_AMI";"Death rate for heart attack patients";43;12.0;"Y"
"330073";"UNITED MEMORIAL MEDICAL CENTER";"NY";"MORT_30_COPD";"Death rate for COPD patients";57;11.0;"Y"
"330074";"F F THOMPSON HOSPITAL";"NY";"MORT_30_AMI";"Death rate for heart attack patients";26;13.0;"Y"
"330078";"SISTERS OF CHARITY HOSPITAL";"NY";"MORT_30_COPD";"Death rate for COPD patients";42;10.0;"Y"
"330079";"ADIRONDACK MEDICAL CENTER - SARANAC LAKE";"NY";"MORT_30_COPD";"Death rate for COPD patients";38;8.0;"Y"
"330080";"LINCOLN MEDICAL & MENTAL HEALTH CENTER";"NY";"MORT_30_HF";"Death rate for heart failure patients";49;9.0;"Y"
"330085";"AURELIA OSBORN FOX MEMORIAL HOSPITAL";"NY";"MORT_30_COPD";"Death rate for COPD patients";51;8.0;"Y"
"330086";"MONTEFIORE MOUNT VERNON HOSPITAL";"NY";"MORT_30_HF";"Death rate for heart failure patients";25;10.0;"Y"
"330090";"ARNOT OGDEN MEDICAL CENTER";"NY";"MORT_30_AMI";"Death rate for heart attack patients";142;14.0;"N"
"330094";"COLUMBIA MEMORIAL HOSPITAL";"NY";"MORT_30_COPD";"Death rate for COPD patients";100;11.0;"Y"
"330096";"JONES MEMORIAL HOSPITAL";"NY";"MORT_30_COPD";"Death rate for COPD patients";33;9.0;"Y"
"33009F";"ALBANY VA MEDICAL CENTER";"NY";"MORT_30_AMI";"Death rate for heart attack patients";31;12.0;"N"
"330101";"NEW YORK-PRESBYTERIAN HOSPITAL";"NY";"MORT_30_AMI";"Death rate for heart attack patients";613;10.0;"Y"
"330102";"KENMORE MERCY HOSPITAL";"NY";"MORT_30_AMI";"Death rate for heart attack patients";40;14.0;"Y"
"330103";"OLEAN GENERAL HOSPITAL";"NY";"MORT_30_AMI";"Death rate for heart attack patients";112;11.0;"Y"
"330104";"NYACK HOSPITAL";"NY";"MORT_30_AMI";"Death rate for heart attack patients";119;11.0;"Y"
"330106";"NORTH SHORE UNIVERSITY HOSPITAL";"NY";"MORT_30_AMI";"Death rate for heart attack patients";339;11.0;"Y"
"330107";"PECONIC BAY MEDICAL CENTER";"NY";"MORT_30_AMI";"Death rate for heart attack patients";144;12.0;"Y"
"330111";"BERTRAND CHAFFEE HOSPITAL";"NY";"MORT_30_PN";"Death rate for pneumonia patients";53;16.0;"Y"
"330115";"ONEIDA HEALTH HOSPITAL";"NY";"MORT_30_COPD";"Death rate for COPD patients";44;11.0;"Y"
"330119";"LENOX HILL HOSPITAL";"NY";"MORT_30_AMI";"Death rate for heart attack patients";93;11.0;"Y"
"33011F";"BATH VA MEDICAL CENTER";"NY";"MORT_30_PN";"Death rate for pneumonia patients";29;14.0;"N"
"330125";"ROCHESTER GENERAL HOSPITAL";"NY";"MORT_30_AMI";"Death rate for heart attack patients";147;11.0;"Y"
"330126";"GARNET HEALTH MEDICAL CENTER";"NY";"MORT_30_AMI";"Death rate for heart attack patients";394;10.0;"Y"
"330127";"JACOBI MEDICAL CENTER";"NY";"MORT_30_COPD";"Death rate for COPD patients";55;8.0;"Y"
"330128";"ELMHURST HOSPITAL CENTER";"NY";"MORT_30_AMI";"Death rate for heart attack patients";57;12.0;"Y"
"33012F";"UPSTATE NEW YORK VA HEALTHCARE SYSTEM (WESTERN NY VA HEALTHCARE SYSTEM)";"NY";"MORT_30_AMI";"Death rate for heart attack patients";110;12.0;"N"
"330135";"BON SECOURS COMMUNITY HOSPITAL";"NY";"MORT_30_AMI";"Death rate for heart attack patients";26;12.0;"Y"
"330136";"BASSETT HEALTHCARE";"NY";"MORT_30_AMI";"Death rate for heart attack patients";190;13.0;"Y"
"330140";"ST JOSEPH'S HOSPITAL HEALTH CENTER";"NY";"MORT_30_AMI";"Death rate for heart attack patients";418;12.0;"Y"
"330141";"LONG ISLAND COMMUNITY HOSPITAL";"NY";"MORT_30_AMI";"Death rate for heart attack patients";144;11.0;"Y"
"330151";"ST JAMES HOSPITAL";"NY";"MORT_30_COPD";"Death rate for COPD patients";37;10.0;"Y"
"330153";"ELLIS HOSPITAL";"NY";"MORT_30_AMI";"Death rate for heart attack patients";207;12.0;"Y"
"330157";"SAMARITAN MEDICAL CENTER";"NY";"MORT_30_COPD";"Death rate for COPD patients";94;10.0;"Y"
"330158";"GOOD SAMARITAN HOSPITAL OF SUFFERN";"NY";"MORT_30_AMI";"Death rate for heart attack patients";241;12.0;"Y"
"33015F";"VA HUDSON VALLEY HEALTHCARE SYSTEM";"NY";"MORT_30_COPD";"Death rate for COPD patients";31;8.0;"N"
"330160";"STATEN ISLAND UNIVERSITY HOSPITAL";"NY";"MORT_30_AMI";"Death rate for heart attack patients";258;11.0;"Y"
"330162";"NORTHERN WESTCHESTER HOSPITAL";"NY";"MORT_30_AMI";"Death rate for heart attack patients";178;10.0;"Y"
"330164";"HIGHLAND HOSPITAL";"NY";"MORT_30_COPD";"Death rate for COPD patients";59;7.0;"Y"
"330166";"WESTFIELD MEMORIAL HOSPITAL, INC";"NY";"MORT_30_PN";"Death rate for pneumonia patients";29;15.0;"Y"
"330169";"MOUNT SINAI BETH ISRAEL";"NY";"MORT_30_AMI";"Death rate for heart attack patients";148;12.0;"Y"
"33016F";"BRONX VA MEDICAL CENTER";"NY";"MORT_30_AMI";"Death rate for heart attack patients";28;12.0;"N"
"330175";"GUTHRIE CORTLAND REGIONAL MEDICAL CENTER";"NY";"MORT_30_COPD";"Death rate for COPD patients";61;9.0;"Y"
"33017F";"VA NEW YORK HARBOR HEALTHCARE SYSTEM - NY DIV.";"NY";"MORT_30_AMI";"Death rate for heart attack patients";57;11.0;"N"
"330180";"SAMARITAN HOSPITAL OF TROY, NEW YORK";"NY";"MORT_30_AMI";"Death rate for heart attack patients";120;12.0;"Y"
"330181";"NORTHWELL HOSPITAL GLEN COVE";"NY";"MORT_30_AMI";"Death rate for heart attack patients";59;11.0;"Y"
"330182";"ST FRANCIS HOSPITAL - THE HEART CENTER";"NY";"MORT_30_AMI";"Death rate for heart attack patients";465;11.0;"Y"
"330184";"MONTEFIORE NEW ROCHELLE HOSPITAL";"NY";"MORT_30_AMI";"Death rate for heart attack patients";27;14.0;"Y"
"330185";"JOHN T MATHER MEMORIAL HOSPITAL  OF PORT JEFFERSON";"NY";"MORT_30_AMI";"Death rate for heart attack patients";182;11.0;"Y"
"330188";"MOUNT ST. MARY'S HOSPITAL & HEALTH CENTER";"NY";"MORT_30_COPD";"Death rate for COPD patients";53;7.0;"Y"
"330191";"GLENS FALLS HOSPITAL";"NY";"MORT_30_AMI";"Death rate for heart attack patients";123;14.0;"Y"
"330193";"FLUSHING HOSPITAL MEDICAL CENTER";"NY";"MORT_30_COPD";"Death rate for COPD patients";43;9.0;"Y"
"330194";"MAIMONIDES MEDICAL CENTER";"NY";"MORT_30_AMI";"Death rate for heart attack patients";399;10.0;"Y"
"330195";"LONG ISLAND JEWISH MEDICAL CENTER";"NY";"MORT_30_AMI";"Death rate for heart attack patients";212;12.0;"Y"
"330196";"SOUTH BROOKLYN HEALTH";"NY";"MORT_30_AMI";"Death rate for heart attack patients";138;12.0;"Y"
"330197";"CANTON-POTSDAM HOSPITAL";"NY";"MORT_30_AMI";"Death rate for heart attack patients";56;11.0;"Y"
"330198";"MOUNT SINAI SOUTH NASSAU";"NY";"MORT_30_AMI";"Death rate for heart attack patients";262;11.0;"Y"
"330199";"METROPOLITAN HOSPITAL CENTER";"NY";"MORT_30_PN";"Death rate for pneumonia patients";28;14.0;"Y"
"33019F";"NORTHPORT VA MEDICAL CENTER";"NY";"MORT_30_COPD";"Death rate for COPD patients";91;7.0;"N"
"330202";"KINGS COUNTY HOSPITAL CENTER";"NY";"MORT_30_COPD";"Death rate for COPD patients";34;11.0;"Y"
"330203";"CROUSE HOSPITAL";"NY";"MORT_30_AMI";"Death rate for heart attack patients";104;11.0;"Y"
"330204";"BELLEVUE HOSPITAL CENTER";"NY";"MORT_30_AMI";"Death rate for heart attack patients";52;11.0;"Y"
"330205";"ST ANTHONY COMMUNITY HOSPITAL";"NY";"MORT_30_AMI";"Death rate for heart attack patients";29;11.0;"Y"
"330208";"ST JOHN'S RIVERSIDE HOSPITAL";"NY";"MORT_30_AMI";"Death rate for heart attack patients";39;12.0;"Y"
"33020F";"VA NEW YORK HARBOR HEALTHCARE SYSTEM - BROOKLYN";"NY";"MORT_30_AMI";"Death rate for heart attack patients";37;11.0;"N"
"330211";"CLAXTON-HEPBURN MEDICAL CENTER";"NY";"MORT_30_COPD";"Death rate for COPD patients";40;8.0;"N"
"330214";"NYU LANGONE HOSPITALS";"NY";"MORT_30_AMI";"Death rate for heart attack patients";633;7.0;"Y"
"330215";"ROME MEMORIAL HOSPITAL, INC";"NY";"MORT_30_COPD";"Death rate for COPD patients";75;10.0;"Y"
"330218";"OSWEGO HOSPITAL";"NY";"MORT_30_COPD";"Death rate for COPD patients";50;8.0;"Y"
"330219";"ERIE COUNTY MEDICAL CENTER";"NY";"MORT_30_COPD";"Death rate for COPD patients";68;9.0;"Y"
"330221";"WYCKOFF HEIGHTS MEDICAL CENTER";"NY";"MORT_30_AMI";"Death rate for heart attack patients";39;11.0;"Y"
"330222";"SARATOGA HOSPITAL";"NY";"MORT_30_AMI";"Death rate for heart attack patients";117;13.0;"N"
"330224";"HEALTHALLIANCE HOSPITAL MARYS AVENUE CAMPUS";"NY";"MORT_30_AMI";"Death rate for heart attack patients";112;12.0;"Y"
"330226";"UNITY HOSPITAL";"NY";"MORT_30_AMI";"Death rate for heart attack patients";73;11.0;"Y"
"330229";"BROOKS-TLC HOSPITAL SYSTEM, INC";"NY";"MORT_30_COPD";"Death rate for COPD patients";42;9.0;"Y"
"330231";"QUEENS HOSPITAL CENTER";"NY";"MORT_30_AMI";"Death rate for heart attack patients";29;12.0;"Y"
"330233";"BROOKDALE HOSPITAL MEDICAL CENTER";"NY";"MORT_30_AMI";"Death rate for heart attack patients";52;13.0;"Y"
"330234";"WESTCHESTER MEDICAL CENTER";"NY";"MORT_30_AMI";"Death rate for heart attack patients";180;12.0;"Y"
"330235";"AUBURN  COMMUNITY  HOSPITAL";"NY";"MORT_30_COPD";"Death rate for COPD patients";131;9.0;"Y"
"330238";"NICHOLAS H NOYES MEMORIAL HOSPITAL";"NY";"MORT_30_COPD";"Death rate for COPD patients";36;12.0;"Y"
"330239";"UPMC CHAUTAUQUA AT WCA";"NY";"MORT_30_AMI";"Death rate for heart attack patients";43;12.0;"Y"
"330240";"HARLEM HOSPITAL CENTER";"NY";"MORT_30_COPD";"Death rate for COPD patients";36;8.0;"Y"
"330241";"UNIVERSITY HOSPITAL S U N Y HEALTH SCIENCE CENTER";"NY";"MORT_30_AMI";"Death rate for heart attack patients";132;12.0;"Y"
"330246";"ST CHARLES HOSPITAL";"NY";"MORT_30_AMI";"Death rate for heart attack patients";25;12.0;"Y"
"33024F";"SYRACUSE VA MEDICAL CENTER";"NY";"MORT_30_AMI";"Death rate for heart attack patients";60;13.0;"N"
"330250";"CHAMPLAIN VALLEY PHYSICIANS HOSPITAL MEDICAL CTR";"NY";"MORT_30_AMI";"Death rate for heart attack patients";237;12.0;"Y"
"330259";"MERCY MEDICAL CENTER";"NY";"MORT_30_AMI";"Death rate for heart attack patients";73;11.0;"Y"
"330261";"PHELPS HOSPITAL";"NY";"MORT_30_COPD";"Death rate for COPD patients";64;8.0;"Y"
"330264";"ST LUKE'S CORNWALL HOSPITAL";"NY";"MORT_30_AMI";"Death rate for heart attack patients";160;11.0;"Y"
"330265";"CLIFTON SPRINGS HOSPITAL AND CLINIC";"NY";"MORT_30_HF";"Death rate for heart failure patients";46;11.0;"Y"
"330267";"HUDSON VALLEY HOSPITAL CENTER";"NY";"MORT_30_AMI";"Death rate for heart attack patients";95;11.0;"Y"
"330270";"HOSPITAL FOR SPECIAL SURGERY";"NY";"PSI_04";"Death rate among surgical inpatients with serious treatable complications";64;157.0;"Y"
"330273";"PUTNAM HOSPITAL CENTER";"NY";"MORT_30_COPD";"Death rate for COPD patients";112;9.0;"Y"
"330276";"NATHAN LITTAUER HOSPITAL";"NY";"MORT_30_COPD";"Death rate for COPD patients";46;12.0;"Y"
"330277";"CORNING HOSPITAL";"NY";"MORT_30_COPD";"Death rate for COPD patients";60;7.0;"Y"
"330279";"MERCY HOSPITAL OF BUFFALO";"NY";"MORT_30_AMI";"Death rate for heart attack patients";239;14.0;"Y"
"330285";"STRONG MEMORIAL HOSPITAL";"NY";"MORT_30_AMI";"Death rate for heart attack patients";207;12.0;"Y"
"330286";"GOOD SAMARITAN HOSPITAL MEDICAL CENTER";"NY";"MORT_30_AMI";"Death rate for heart attack patients";313;15.0;"Y"
"330304";"WHITE PLAINS HOSPITAL CENTER";"NY";"MORT_30_AMI";"Death rate for heart attack patients";249;12.0;"Y"
"330307";"CAYUGA MEDICAL CENTER AT ITHACA";"NY";"MORT_30_AMI";"Death rate for heart attack patients";87;11.0;"Y"
"330331";"PLAINVIEW HOSPITAL";"NY";"MORT_30_AMI";"Death rate for heart attack patients";103;11.0;"Y"
"330332";"CHSLI ST JOSEPH HOSPITAL";"NY";"MORT_30_AMI";"Death rate for heart attack patients";138;13.0;"Y"
"330350";"SUNY/DOWNSTATE UNIVERSITY HOSPITAL OF BROOKLYN";"NY";"MORT_30_AMI";"Death rate for heart attack patients";46;12.0;"Y"
"330386";"GARNET HEALTH  MEDICAL CENTER CATSKILLS";"NY";"MORT_30_COPD";"Death rate for COPD patients";71;7.0;"Y"
"330393";"SUNY/STONY BROOK UNIVERSITY HOSPITAL";"NY";"MORT_30_AMI";"Death rate for heart attack patients";470;11.0;"Y"
"330394";"UNITED HEALTH SERVICES HOSPITALS, INC";"NY";"MORT_30_AMI";"Death rate for heart attack patients";217;13.0;"Y"
"330395";"ST JOHN'S EPISCOPAL HOSPITAL AT SOUTH SHORE";"NY";"MORT_30_AMI";"Death rate for heart attack patients";42;12.0;"Y"
"330396";"WOODHULL MEDICAL & MENTAL HEALTH CENTER";"NY";"MORT_30_HF";"Death rate for heart failure patients";62;10.0;"Y"
"330399";"ST BARNABAS HOSPITAL";"NY";"MORT_30_HF";"Death rate for heart failure patients";41;11.0;"Y"
"330401";"ST CATHERINE OF SIENA HOSPITAL MEDICAL CENTER";"NY";"MORT_30_AMI";"Death rate for heart attack patients";116;11.0;"Y"
"331302";"ELIZABETHTOWN COMMUNITY HOSPITAL";"NY";"MORT_30_COPD";"Death rate for COPD patients";26;9.0;"Y"
"331310";"ELLENVILLE REGIONAL HOSPITAL";"NY";"MORT_30_PN";"Death rate for pneumonia patients";34;15.0;"Y"
"331311";"LITTLE FALLS HOSPITAL";"NY";"MORT_30_HF";"Death rate for heart failure patients";37;11.0;"Y"
"331312";"DELAWARE VALLEY HOSPITAL, INC";"NY";"MORT_30_HF";"Death rate for heart failure patients";25;11.0;"Y"
"331313";"SCHUYLER HOSPITAL";"NY";"MORT_30_PN";"Death rate for pneumonia patients";41;20.0;"N"
"331314";"SOLDIERS AND SAILORS MEMORIAL HOSPITAL OF YATES";"NY";"MORT_30_PN";"Death rate for pneumonia patients";28;18.0;"Y"
"331315";"GOUVERNEUR HOSPITAL";"NY";"MORT_30_PN";"Death rate for pneumonia patients";34;15.0;"N"
"331316";"COMMUNITY MEMORIAL HOSPITAL, INC";"NY";"MORT_30_COPD";"Death rate for COPD patients";27;9.0;"Y"
"331320";"COBLESKILL REGIONAL HOSPITAL";"NY";"MORT_30_COPD";"Death rate for COPD patients";36;8.0;"Y"
"331321";"THE UNIVERSITY OF VERMONT HEALTH NETWORK-ALICE HY";"NY";"MORT_30_COPD";"Death rate for COPD patients";33;8.0;"Y"
"340001";"CAROLINAS MEDICAL CENTER-NORTHEAST";"NC";"MORT_30_AMI";"Death rate for heart attack patients";242;14.0;"Y"
"340002";"MEMORIAL MISSION HOSPITAL AND ASHEVILLE SURGERY CE";"NC";"MORT_30_AMI";"Death rate for heart attack patients";750;11.0;"Y"
"340003";"NORTHERN REGIONAL HOSPITAL";"NC";"MORT_30_COPD";"Death rate for COPD patients";62;13.0;"Y"
"340004";"HIGH POINT REGIONAL HEALTH SYSTEM";"NC";"MORT_30_AMI";"Death rate for heart attack patients";142;13.0;"Y"
"340008";"SCOTLAND MEMORIAL HOSPITAL";"NC";"MORT_30_AMI";"Death rate for heart attack patients";43;13.0;"Y"
"340010";"UNC HEALTH CARE WAYNE";"NC";"MORT_30_AMI";"Death rate for heart attack patients";145;11.0;"Y"
"340013";"RUTHERFORD REGIONAL MEDICAL CENTER";"NC";"MORT_30_AMI";"Death rate for heart attack patients";25;12.0;"Y"
"340014";"NOVANT HEALTH FORSYTH MEDICAL CENTER";"NC";"MORT_30_AMI";"Death rate for heart attack patients";382;12.0;"Y"
"340015";"NOVANT HEALTH ROWAN MEDICAL CENTER";"NC";"MORT_30_AMI";"Death rate for heart attack patients";90;14.0;"Y"
"340016";"HARRIS REGIONAL HOSPITAL";"NC";"MORT_30_COPD";"Death rate for COPD patients";45;9.0;"Y"
"340017";"PARDEE HOSPITAL HENDERSON COUNTY";"NC";"MORT_30_AMI";"Death rate for heart attack patients";205;12.0;"Y"
"340020";"CENTRAL CAROLINA HOSPITAL";"NC";"MORT_30_COPD";"Death rate for COPD patients";70;10.0;"Y"
"340021";"ATRIUM HEALTH CLEVELAND";"NC";"MORT_30_AMI";"Death rate for heart attack patients";43;14.0;"Y"
"340023";"ADVENTHEALTH HENDERSONVILLE";"NC";"MORT_30_COPD";"Death rate for COPD patients";55;7.0;"Y"
"340024";"SAMPSON REGIONAL MEDICAL CENTER";"NC";"MORT_30_COPD";"Death rate for COPD patients";43;8.0;"Y"
"340027";"UNC LENOIR HEALTH CARE";"NC";"MORT_30_AMI";"Death rate for heart attack patients";68;13.0;"Y"
"340028";"CAPE FEAR VALLEY MEDICAL CENTER";"NC";"MORT_30_AMI";"Death rate for heart attack patients";270;14.0;"Y"
"340030";"DUKE UNIVERSITY HOSPITAL";"NC";"MORT_30_AMI";"Death rate for heart attack patients";329;10.0;"Y"
"340032";"CAROMONT REGIONAL MEDICAL CENTER";"NC";"MORT_30_AMI";"Death rate for heart attack patients";242;12.0;"Y"
"340039";"IREDELL MEMORIAL HOSPITAL INC";"NC";"MORT_30_AMI";"Death rate for heart attack patients";49;14.0;"Y"
"340040";"ECU HEALTH MEDICAL CENTER";"NC";"MORT_30_AMI";"Death rate for heart attack patients";805;13.0;"Y"
"340041";"CALDWELL MEMORIAL HOSPITAL";"NC";"MORT_30_AMI";"Death rate for heart attack patients";54;12.0;"Y"
"340042";"ONSLOW MEMORIAL HOSPITAL";"NC";"MORT_30_AMI";"Death rate for heart attack patients";25;14.0;"Y"
"340047";"NORTH CAROLINA BAPTIST HOSPITAL";"NC";"MORT_30_AMI";"Death rate for heart attack patients";284;13.0;"Y"
"340050";"SOUTHEASTERN REGIONAL MEDICAL CENTER";"NC";"MORT_30_AMI";"Death rate for heart attack patients";100;14.0;"Y"
"340051";"WATAUGA MEDICAL CENTER";"NC";"MORT_30_AMI";"Death rate for heart attack patients";133;12.0;"Y"
"340053";"NOVANT HEALTH PRESBYTERIAN MEDICAL CENTER";"NC";"MORT_30_AMI";"Death rate for heart attack patients";152;12.0;"Y"
"340060";"UNC ROCKINGHAM";"NC";"MORT_30_COPD";"Death rate for COPD patients";32;8.0;"Y"
"340061";"UNC HOSPITALS";"NC";"MORT_30_AMI";"Death rate for heart attack patients";146;10.0;"Y"
"340064";"WILKES REGIONAL MEDICAL CENTER";"NC";"MORT_30_COPD";"Death rate for COPD patients";49;9.0;"Y"
"340068";"COLUMBUS REGIONAL HEALTHCARE SYSTEM";"NC";"MORT_30_COPD";"Death rate for COPD patients";74;8.0;"Y"
"340069";"WAKEMED, RALEIGH CAMPUS";"NC";"MORT_30_AMI";"Death rate for heart attack patients";357;15.0;"Y"
"340070";"ALAMANCE REGIONAL MEDICAL CENTER";"NC";"MORT_30_AMI";"Death rate for heart attack patients";125;16.0;"Y"
"340071";"BETSY JOHNSON REGIONAL HOSPITAL";"NC";"MORT_30_AMI";"Death rate for heart attack patients";61;12.0;"Y"
"340075";"BLUE RIDGE HEALTHCARE HOSPITALS, INC";"NC";"MORT_30_AMI";"Death rate for heart attack patients";50;13.0;"Y"
"340084";"ATRIUM HEALTH ANSON";"NC";"MORT_30_PN";"Death rate for pneumonia patients";31;18.0;"Y"
"340085";"NOVANT HEALTH THOMASVILLE MEDICAL CENTER";"NC";"MORT_30_COPD";"Death rate for COPD patients";38;10.0;"Y"
"340087";"THE MCDOWELL HOSPITAL";"NC";"MORT_30_COPD";"Death rate for COPD patients";34;9.0;"Y"
"340090";"JOHNSTON HEALTH";"NC";"MORT_30_AMI";"Death rate for heart attack patients";85;12.0;"Y"
"340091";"MOSES H. CONE MEMORIAL HOSPITAL, THE";"NC";"MORT_30_AMI";"Death rate for heart attack patients";305;11.0;"Y"
"340096";"LEXINGTON MEMORIAL HOSPITAL INC";"NC";"MORT_30_COPD";"Death rate for COPD patients";41;8.0;"Y"
"340097";"HUGH CHATHAM MEMORIAL HOSPITAL";"NC";"MORT_30_COPD";"Death rate for COPD patients";38;9.0;"Y"
"340098";"ATRIUM HEALTH PINEVILLE";"NC";"MORT_30_AMI";"Death rate for heart attack patients";264;13.0;"Y"
"340099";"VIDANT ROANOKE CHOWAN HOSPITAL";"NC";"MORT_30_COPD";"Death rate for COPD patients";50;9.0;"Y"
"340107";"VIDANT EDGECOMBE HOSPITAL";"NC";"MORT_30_COPD";"Death rate for COPD patients";48;8.0;"Y"
"340109";"SENTARA ALBEMARLE MEDICAL CENTER";"NC";"MORT_30_AMI";"Death rate for heart attack patients";81;12.0;"Y"
"340113";"CAROLINAS MEDICAL CENTER/BEHAV HEALTH";"NC";"MORT_30_AMI";"Death rate for heart attack patients";155;10.0;"Y"
"340114";"REX HOSPITAL";"NC";"MORT_30_AMI";"Death rate for heart attack patients";453;11.0;"Y"
"340115";"FIRSTHEALTH MOORE REGIONAL HOSPITAL";"NC";"MORT_30_AMI";"Death rate for heart attack patients";320;12.0;"Y"
"340116";"FRYE REGIONAL MEDICAL CENTER";"NC";"MORT_30_AMI";"Death rate for heart attack patients";193;12.0;"Y"
"340119";"STANLY REGIONAL MEDICAL CENTER";"NC";"MORT_30_AMI";"Death rate for heart attack patients";28;13.0;"Y"
"340120";"VIDANT DUPLIN HOSPITAL";"NC";"MORT_30_COPD";"Death rate for COPD patients";46;9.0;"Y"
"340123";"RANDOLPH HOSPITAL";"NC";"MORT_30_COPD";"Death rate for COPD patients";28;9.0;"Y"
"340126";"WILSON MEDICAL CENTER";"NC";"MORT_30_AMI";"Death rate for heart attack patients";47;12.0;"Y"
"340127";"GRANVILLE HEALTH SYSTEMS";"NC";"MORT_30_HF";"Death rate for heart failure patients";38;14.0;"Y"
"340129";"LAKE NORMAN REGIONAL MEDICAL CENTER";"NC";"MORT_30_AMI";"Death rate for heart attack patients";40;13.0;"Y"
"34012F";"DURHAM VA MEDICAL CENTER";"NC";"MORT_30_AMI";"Death rate for heart attack patients";132;12.0;"N"
"340130";"ATRIUM HEALTH UNION";"NC";"MORT_30_AMI";"Death rate for heart attack patients";96;11.0;"Y"
"340131";"CAROLINA EAST MEDICAL CENTER";"NC";"MORT_30_AMI";"Death rate for heart attack patients";299;13.0;"Y"
"340132";"MARIA PARHAM MEDICAL CENTER";"NC";"MORT_30_AMI";"Death rate for heart attack patients";52;11.0;"Y"
"34013F";"FAYETTEVILLE NC VA MEDICAL CENTER";"NC";"MORT_30_COPD";"Death rate for COPD patients";170;7.0;"N"
"340141";"NOVANT HEALTH NEW HANOVER REGIONAL MEDICAL CENTER";"NC";"MORT_30_AMI";"Death rate for heart attack patients";682;13.0;"Y"
"340142";"CARTERET GENERAL HOSPITAL";"NC";"MORT_30_AMI";"Death rate for heart attack patients";81;14.0;"Y"
"340143";"CATAWBA VALLEY MEDICAL CENTER";"NC";"MORT_30_AMI";"Death rate for heart attack patients";114;16.0;"Y"
"340145";"ATRIUM HEALTH LINCOLN";"NC";"MORT_30_COPD";"Death rate for COPD patients";115;11.0;"Y"
"340147";"UNC HEALTH NASH";"NC";"MORT_30_AMI";"Death rate for heart attack patients";152;12.0;"Y"
"340151";"ECU HEALTH NORTH HOSPITAL";"NC";"MORT_30_AMI";"Death rate for heart attack patients";29;12.0;"Y"
"340155";"DUKE REGIONAL HOSPITAL";"NC";"MORT_30_AMI";"Death rate for heart attack patients";134;11.0;"Y"
"340158";"NOVANT HEALTH BRUNSWICK MEDICAL CENTER";"NC";"MORT_30_AMI";"Death rate for heart attack patients";26;12.0;"Y"
"340159";"PERSON MEMORIAL HOSPITAL";"NC";"MORT_30_HF";"Death rate for heart failure patients";46;13.0;"Y"
"340166";"ATRIUM HEALTH UNIVERSITY CITY";"NC";"MORT_30_COPD";"Death rate for COPD patients";33;8.0;"Y"
"340171";"NOVANT HEALTH MATTHEWS MEDICAL CENTER";"NC";"MORT_30_AMI";"Death rate for heart attack patients";161;11.0;"Y"
"340173";"WAKEMED, CARY HOSPITAL";"NC";"MORT_30_AMI";"Death rate for heart attack patients";77;13.0;"Y"
"34017F";"W.G. (BILL) HEFNER SALISBURY VA MEDICAL CENTER (SALSBURY)";"NC";"MORT_30_COPD";"Death rate for COPD patients";96;10.0;"N"
"340183";"NOVANT HEALTH HUNTERSVILLE MEDICAL CENTER";"NC";"MORT_30_AMI";"Death rate for heart attack patients";111;11.0;"Y"
"340184";"HAYWOOD REGIONAL MEDICAL CENTER";"NC";"MORT_30_AMI";"Death rate for heart attack patients";52;11.0;"Y"
"340188";"CAPE FEAR VALLEY HOKE HOSPITAL";"NC";"MORT_30_COPD";"Death rate for COPD patients";43;8.0;"Y"
"340190";"NOVANT HEALTH MINT HILL MEDICAL CENTER";"NC";"MORT_30_COPD";"Death rate for COPD patients";27;10.0;"Y"
"340195";"NOVANT HEALTH BALLANTYNE MEDICAL CENTER";"NC";"MORT_30_PN";"Death rate for pneumonia patients";50;15.0;"Y"
"34036F";"ASHEVILLE-OTEEN VA MEDICAL CENTER";"NC";"MORT_30_AMI";"Death rate for heart attack patients";142;11.0;"N"
"341303";"FIRSTHEALTH MONTGOMERY MEMORIAL HOSP";"NC";"MORT_30_PN";"Death rate for pneumonia patients";29;16.0;"Y"
"341304";"ECU HEALTH BERTIE HOSPITAL";"NC";"MORT_30_HF";"Death rate for heart failure patients";28;14.0;"Y"
"341311";"CHATHAM HOSPITAL INC";"NC";"MORT_30_HF";"Death rate for heart failure patients";25;11.0;"Y"
"341314";"WASHINGTON COUNTY HOSP INC";"NC";"MORT_30_PN";"Death rate for pneumonia patients";46;19.0;"N"
"341315";"CAPE FEAR VALLEY-BLADEN COUNTY HOSPITAL";"NC";"MORT_30_PN";"Death rate for pneumonia patients";52;18.0;"Y"
"341316";"HIGHLANDS CASHIERS HOSPITAL";"NC";"MORT_30_PN";"Death rate for pneumonia patients";52;16.0;"Y"
"341318";"VIDANT CHOWAN HOSPITAL";"NC";"MORT_30_COPD";"Death rate for COPD patients";41;12.0;"Y"
"341319";"TRANSYLVANIA REGIONAL HOSPITAL, INC";"NC";"MORT_30_COPD";"Death rate for COPD patients";39;8.0;"Y"
"341320";"ALLEGHANY  MEMORIAL HOSPITAL";"NC";"MORT_30_PN";"Death rate for pneumonia patients";45;19.0;"N"
"341322";"ST LUKES HOSPITAL";"NC";"MORT_30_HF";"Death rate for heart failure patients";34;10.0;"Y"
"341323";"CHARLES A CANNON JR MEMORIAL HOSPITAL";"NC";"MORT_30_PN";"Death rate for pneumonia patients";30;15.0;"Y"
"341324";"THE OUTER BANKS HOSPITAL, INC";"NC";"MORT_30_COPD";"Death rate for COPD patients";42;9.0;"Y"
"341325";"ASHE MEMORIAL HOSPITAL";"NC";"MORT_30_HF";"Death rate for heart failure patients";34;12.0;"N"
"341326";"ANGEL MEDICAL CENTER";"NC";"MORT_30_COPD";"Death rate for COPD patients";33;9.0;"Y"
"341327";"J ARTHUR DOSHER MEMORIAL HOSPITAL";"NC";"MORT_30_HF";"Death rate for heart failure patients";34;11.0;"Y"
"341328";"ERLANGER MURPHY MEDICAL CENTER";"NC";"MORT_30_COPD";"Death rate for COPD patients";27;9.0;"Y"
"341329";"BLUE RIDGE REGIONAL HOSPITAL";"NC";"MORT_30_HF";"Death rate for heart failure patients";85;14.0;"Y"
"350002";"CHI ST ALEXIUS HEALTH";"ND";"MORT_30_AMI";"Death rate for heart attack patients";133;13.0;"N"
"350006";"TRINITY HOSPITALS";"ND";"MORT_30_AMI";"Death rate for heart attack patients";190;11.0;"Y"
"350011";"SANFORD MEDICAL CENTER FARGO";"ND";"MORT_30_AMI";"Death rate for heart attack patients";490;11.0;"Y"
"350015";"SANFORD MEDICAL CENTER BISMARCK";"ND";"MORT_30_AMI";"Death rate for heart attack patients";235;11.0;"Y"
"350019";"ALTRU HOSPITAL";"ND";"MORT_30_AMI";"Death rate for heart attack patients";143;13.0;"Y"
"35002F";"FARGO VA MEDICAL CENTER";"ND";"MORT_30_COPD";"Death rate for COPD patients";75;8.0;"N"
"350063";"P H S INDIAN HOSP AT BELCOURT-QUENTIN N BURDICK";"ND";"MORT_30_COPD";"Death rate for COPD patients";30;8.0;"N"
"350070";"ESSENTIA HEALTH";"ND";"MORT_30_AMI";"Death rate for heart attack patients";181;11.0;"Y"
"351303";"GARRISON MEMORIAL HOSPITAL";"ND";"MORT_30_PN";"Death rate for pneumonia patients";25;19.0;"N"
"351307";"ST ANDREW'S HOSPITAL";"ND";"MORT_30_PN";"Death rate for pneumonia patients";47;20.0;"Y"
"351310";"SAKAKAWEA MEDICAL CENTER - CAH";"ND";"MORT_30_PN";"Death rate for pneumonia patients";36;18.0;"Y"
"351315";"CHI OAKES HOSPITAL";"ND";"MORT_30_PN";"Death rate for pneumonia patients";30;18.0;"Y"
"351316";"PRESENTATION MEDICAL CENTER";"ND";"MORT_30_PN";"Death rate for pneumonia patients";31;20.0;"Y"
"351318";"CARRINGTON HEALTH CENTER";"ND";"MORT_30_PN";"Death rate for pneumonia patients";45;19.0;"Y"
"351319";"PEMBINA COUNTY MEMORIAL HOSPITAL";"ND";"MORT_30_PN";"Death rate for pneumonia patients";32;15.0;"Y"
"351320";"UNITY MEDICAL CENTER";"ND";"MORT_30_PN";"Death rate for pneumonia patients";31;19.0;"Y"
"351321";"SOUTH CENTRAL HEALTH";"ND";"MORT_30_PN";"Death rate for pneumonia patients";38;15.0;"Y"
"351323";"CAVALIER COUNTY MEMORIAL HOSPITAL ASSOCIATION";"ND";"MORT_30_PN";"Death rate for pneumonia patients";42;16.0;"Y"
"351324";"CHI MERCY HEALTH";"ND";"MORT_30_HF";"Death rate for heart failure patients";28;11.0;"Y"
"351326";"FIRST CARE HEALTH CENTER";"ND";"MORT_30_PN";"Death rate for pneumonia patients";57;18.0;"Y"
"351327";"SMP HEALTH ST ALOISIUS";"ND";"MORT_30_HF";"Death rate for heart failure patients";29;13.0;"Y"
"351330";"WEST RIVER REGIONAL MEDICAL CENTER";"ND";"MORT_30_COPD";"Death rate for COPD patients";29;9.0;"N"
"351331";"TOWNER COUNTY MEDICAL CENTER";"ND";"MORT_30_PN";"Death rate for pneumonia patients";33;17.0;"Y"
"351332";"HEART OF AMERICA MEDICAL CENTER";"ND";"MORT_30_HF";"Death rate for heart failure patients";29;15.0;"Y"
"351333";"CHI ST ALEXIUS HEALTH DEVILS LAKE";"ND";"MORT_30_COPD";"Death rate for COPD patients";26;9.0;"Y"
"351334";"CHI ST ALEXIUS HEALTH WILLISTON";"ND";"MORT_30_COPD";"Death rate for COPD patients";25;9.0;"Y"
"351335";"JAMESTOWN REGIONAL MEDICAL CENTER";"ND";"MORT_30_COPD";"Death rate for COPD patients";28;11.0;"Y"
"351336";"CHI ST ALEXIUS HEALTH DICKINSON";"ND";"MORT_30_HF";"Death rate for heart failure patients";63;13.0;"Y"
"360001";"MERCY HEALTH-ANDERSON HOSPITAL";"OH";"MORT_30_AMI";"Death rate for heart attack patients";142;12.0;"Y"
"360002";"UNIVERSITY HOSPITALS SAMARITAN MEDICAL CENTER";"OH";"MORT_30_COPD";"Death rate for COPD patients";49;8.0;"Y"
"360003";"UNIVERSITY OF CINCINNATI MEDICAL CENTER, LLC";"OH";"MORT_30_AMI";"Death rate for heart attack patients";64;12.0;"Y"
"360006";"RIVERSIDE METHODIST HOSPITAL";"OH";"MORT_30_AMI";"Death rate for heart attack patients";413;10.0;"Y"
"360008";"SOUTHERN OHIO MEDICAL CENTER";"OH";"MORT_30_AMI";"Death rate for heart attack patients";138;16.0;"Y"
"360009";"LIMA MEMORIAL HEALTH SYSTEM";"OH";"MORT_30_AMI";"Death rate for heart attack patients";107;12.0;"Y"
"360010";"UNION HOSPITAL";"OH";"MORT_30_COPD";"Death rate for COPD patients";83;10.0;"Y"
"360011";"MARION GENERAL HOSPITAL";"OH";"MORT_30_AMI";"Death rate for heart attack patients";184;10.0;"Y"
"360012";"MOUNT CARMEL ST ANN'S";"OH";"MORT_30_AMI";"Death rate for heart attack patients";131;13.0;"Y"
"360013";"WILSON MEMORIAL HOSPITAL";"OH";"MORT_30_AMI";"Death rate for heart attack patients";41;12.0;"Y"
"360014";"OHIOHEALTH O'BLENESS HOSPITAL";"OH";"MORT_30_COPD";"Death rate for COPD patients";48;8.0;"Y"
"360016";"THE JEWISH HOSPITAL-MERCY HEALTH";"OH";"MORT_30_AMI";"Death rate for heart attack patients";75;12.0;"Y"
"360017";"GRANT MEDICAL CENTER";"OH";"MORT_30_AMI";"Death rate for heart attack patients";127;13.0;"Y"
"36001F";"LOUIS STOKES CLEVELAND VA MEDICAL CENTER";"OH";"MORT_30_AMI";"Death rate for heart attack patients";92;12.0;"N"
"360020";"SUMMA HEALTH SYSTEM";"OH";"MORT_30_AMI";"Death rate for heart attack patients";158;11.0;"Y"
"360025";"FIRELANDS REGIONAL MEDICAL CENTER";"OH";"MORT_30_AMI";"Death rate for heart attack patients";129;13.0;"Y"
"360026";"KETTERING HEALTH GREENE MEMORIAL";"OH";"MORT_30_HF";"Death rate for heart failure patients";40;10.0;"Y"
"360027";"AKRON GENERAL MEDICAL CENTER";"OH";"MORT_30_AMI";"Death rate for heart attack patients";223;12.0;"Y"
"360029";"WOOD COUNTY HOSPITAL";"OH";"MORT_30_HF";"Death rate for heart failure patients";109;12.0;"Y"
"360032";"GRAND LAKE HEALTH SYSTEM";"OH";"MORT_30_COPD";"Death rate for COPD patients";37;8.0;"Y"
"360035";"MOUNT CARMEL EAST & WEST";"OH";"MORT_30_AMI";"Death rate for heart attack patients";223;12.0;"Y"
"360036";"WOOSTER COMMUNITY HOSPITAL";"OH";"MORT_30_AMI";"Death rate for heart attack patients";99;13.0;"Y"
"360039";"GENESIS HOSPITAL";"OH";"MORT_30_AMI";"Death rate for heart attack patients";245;10.0;"Y"
"36003F";"CINCINNATI VA MEDICAL CENTER";"OH";"MORT_30_AMI";"Death rate for heart attack patients";101;11.0;"N"
"360040";"KNOX COMMUNITY HOSPITAL";"OH";"MORT_30_AMI";"Death rate for heart attack patients";89;13.0;"Y"
"360041";"PARMA COMMUNITY GENERAL HOSPITAL";"OH";"MORT_30_AMI";"Death rate for heart attack patients";171;13.0;"Y"
"360046";"MCCULLOUGH-HYDE MEMORIAL HOSPITAL";"OH";"MORT_30_COPD";"Death rate for COPD patients";30;8.0;"Y"
"360048";"UNIVERSITY OF TOLEDO MEDICAL CENTER";"OH";"MORT_30_AMI";"Death rate for heart attack patients";71;12.0;"Y"
"360051";"MIAMI VALLEY HOSPITAL";"OH";"MORT_30_AMI";"Death rate for heart attack patients";335;12.0;"Y"
"360054";"HOLZER MEDICAL CENTER";"OH";"MORT_30_AMI";"Death rate for heart attack patients";132;12.0;"Y"
"360055";"TRUMBULL REGIONAL MEDICAL CENTER";"OH";"MORT_30_AMI";"Death rate for heart attack patients";155;12.0;"Y"
"360056";"MERCY HEALTH - FAIRFIELD HOSPITAL";"OH";"MORT_30_AMI";"Death rate for heart attack patients";105;12.0;"Y"
"360058";"MERCER COUNTY JOINT TOWNSHIP COMMUNITY HOSPITAL";"OH";"MORT_30_COPD";"Death rate for COPD patients";45;9.0;"Y"
"360059";"METROHEALTH SYSTEM";"OH";"MORT_30_AMI";"Death rate for heart attack patients";79;12.0;"Y"
"360064";"ST ELIZABETH YOUNGSTOWN HOSPITAL";"OH";"MORT_30_AMI";"Death rate for heart attack patients";252;11.0;"Y"
"360065";"FISHER-TITUS HOSPITAL";"OH";"MORT_30_AMI";"Death rate for heart attack patients";49;13.0;"Y"
"360066";"MERCY HEALTH-ST RITA'S MEDICAL CENTER";"OH";"MORT_30_AMI";"Death rate for heart attack patients";173;12.0;"Y"
"360068";"PROMEDICA TOLEDO HOSPITAL";"OH";"MORT_30_AMI";"Death rate for heart attack patients";431;12.0;"Y"
"360070";"MERCY MEDICAL CENTER";"OH";"MORT_30_AMI";"Death rate for heart attack patients";215;13.0;"Y"
"360071";"VAN WERT COUNTY HOSPITAL";"OH";"MORT_30_HF";"Death rate for heart failure patients";31;12.0;"Y"
"360072";"FAIRFIELD MEDICAL CENTER";"OH";"MORT_30_AMI";"Death rate for heart attack patients";120;14.0;"Y"
"360075";"UH REGIONAL HOSPITALS";"OH";"MORT_30_AMI";"Death rate for heart attack patients";94;13.0;"Y"
"360076";"ATRIUM MEDICAL CENTER";"OH";"MORT_30_AMI";"Death rate for heart attack patients";119;10.0;"Y"
"360077";"FAIRVIEW HOSPITAL";"OH";"MORT_30_AMI";"Death rate for heart attack patients";246;9.0;"Y"
"360078";"UNIVERSITY HOSPITALS PORTAGE MEDICAL CENTER";"OH";"MORT_30_AMI";"Death rate for heart attack patients";77;14.0;"Y"
"360079";"KETTERING HEALTH MAIN CAMPUS";"OH";"MORT_30_AMI";"Death rate for heart attack patients";158;11.0;"Y"
"36007F";"DAYTON VA MEDICAL CENTER";"OH";"MORT_30_AMI";"Death rate for heart attack patients";29;11.0;"N"
"360080";"EAST OHIO REGIONAL HOSPITAL";"OH";"MORT_30_COPD";"Death rate for COPD patients";28;10.0;"Y"
"360082";"EUCLID HOSPITAL";"OH";"MORT_30_COPD";"Death rate for COPD patients";66;7.0;"Y"
"360084";"AULTMAN HOSPITAL";"OH";"MORT_30_AMI";"Death rate for heart attack patients";271;10.0;"Y"
"360085";"OHIO STATE UNIVERSITY STATE HEALTH SYSTEM";"OH";"MORT_30_AMI";"Death rate for heart attack patients";176;13.0;"Y"
"360086";"SPRINGFIELD REGIONAL MEDICAL CENTER";"OH";"MORT_30_AMI";"Death rate for heart attack patients";80;10.0;"Y"
"360087";"LUTHERAN HOSPITAL";"OH";"MORT_30_HF";"Death rate for heart failure patients";32;11.0;"Y"
"360089";"MERCY HEALTH - TIFFIN HOSPITAL";"OH";"MORT_30_COPD";"Death rate for COPD patients";83;9.0;"Y"
"360091";"MEDINA HOSPITAL";"OH";"MORT_30_AMI";"Death rate for heart attack patients";25;13.0;"Y"
"360092";"MEMORIAL HOSPITAL";"OH";"MORT_30_COPD";"Death rate for COPD patients";47;8.0;"Y"
"360095";"BLANCHARD VALLEY HOSPITAL";"OH";"MORT_30_AMI";"Death rate for heart attack patients";109;15.0;"Y"
"360096";"EAST LIVERPOOL CITY HOSPITAL";"OH";"MORT_30_AMI";"Death rate for heart attack patients";37;12.0;"Y"
"360098";"LAKE HEALTH";"OH";"MORT_30_AMI";"Death rate for heart attack patients";208;12.0;"Y"
"360107";"BELLEVUE HOSPITAL";"OH";"MORT_30_COPD";"Death rate for COPD patients";33;9.0;"Y"
"360109";"COSHOCTON REGIONAL MEDICAL CENTER";"OH";"MORT_30_HF";"Death rate for heart failure patients";76;10.0;"Y"
"360112";"MERCY ST VINCENT MEDICAL CENTER";"OH";"MORT_30_AMI";"Death rate for heart attack patients";396;11.0;"Y"
"360118";"OHIOHEALTH MANSFIELD HOSPITAL";"OH";"MORT_30_AMI";"Death rate for heart attack patients";207;11.0;"Y"
"360121";"COMMUNITY HOSPITALS AND WELLNESS CENTERS";"OH";"MORT_30_AMI";"Death rate for heart attack patients";56;11.0;"Y"
"360123";"UH ST JOHN MEDICAL CENTER";"OH";"MORT_30_AMI";"Death rate for heart attack patients";114;13.0;"Y"
"360125";"ASHTABULA COUNTY MEDICAL CENTER";"OH";"MORT_30_AMI";"Death rate for heart attack patients";38;12.0;"Y"
"360131";"ALLIANCE COMMUNITY HOSPITAL";"OH";"MORT_30_COPD";"Death rate for COPD patients";33;9.0;"Y"
"360132";"FORT HAMILTON HUGHES MEMORIAL HOSPITAL";"OH";"MORT_30_AMI";"Death rate for heart attack patients";88;13.0;"Y"
"360133";"KETTERING HEALTH DAYTON";"OH";"MORT_30_AMI";"Death rate for heart attack patients";115;10.0;"Y"
"360134";"GOOD SAMARITAN HOSPITAL";"OH";"MORT_30_AMI";"Death rate for heart attack patients";119;13.0;"Y"
"360137";"UH CLEVELAND MEDICAL CENTER";"OH";"MORT_30_AMI";"Death rate for heart attack patients";52;12.0;"Y"
"360143";"MARYMOUNT HOSPITAL";"OH";"MORT_30_COPD";"Death rate for COPD patients";84;9.0;"Y"
"360144";"SOUTH POINTE HOSPITAL";"OH";"MORT_30_COPD";"Death rate for COPD patients";77;7.0;"Y"
"360145";"UNIVERSITY HOSPITALS - ELYRIA MEDICAL CENTER";"OH";"MORT_30_AMI";"Death rate for heart attack patients";116;11.0;"Y"
"360147";"MARIETTA MEMORIAL HOSPITAL";"OH";"MORT_30_AMI";"Death rate for heart attack patients";177;13.0;"Y"
"360148";"POMERENE HOSPITAL";"OH";"MORT_30_HF";"Death rate for heart failure patients";43;15.0;"Y"
"360150";"SUMMA WESTERN RESERVE HOSPITAL";"OH";"MORT_30_COPD";"Death rate for COPD patients";58;10.0;"Y"
"360152";"DOCTORS HOSPITAL";"OH";"MORT_30_AMI";"Death rate for heart attack patients";63;12.0;"Y"
"360155";"SOUTHWEST GENERAL HEALTH CENTER";"OH";"MORT_30_AMI";"Death rate for heart attack patients";172;11.0;"Y"
"360156";"MEMORIAL HOSPITAL";"OH";"MORT_30_COPD";"Death rate for COPD patients";46;10.0;"Y"
"360159";"ADENA REGIONAL MEDICAL CENTER";"OH";"MORT_30_AMI";"Death rate for heart attack patients";192;13.0;"Y"
"360161";"MH ST JOSEPH WARREN HOSPITAL";"OH";"MORT_30_AMI";"Death rate for heart attack patients";48;13.0;"Y"
"360163";"CHRIST HOSPITAL";"OH";"MORT_30_AMI";"Death rate for heart attack patients";255;12.0;"Y"
"360170";"BERGER HOSPITAL";"OH";"MORT_30_COPD";"Death rate for COPD patients";33;9.0;"Y"
"360172";"MERCY REGIONAL MEDICAL CENTER";"OH";"MORT_30_AMI";"Death rate for heart attack patients";69;14.0;"Y"
"360174";"UPPER VALLEY MEDICAL CENTER";"OH";"MORT_30_AMI";"Death rate for heart attack patients";77;12.0;"Y"
"360175";"CLINTON MEMORIAL HOSPITAL";"OH";"MORT_30_AMI";"Death rate for heart attack patients";47;12.0;"Y"
"360179";"BETHESDA NORTH";"OH";"MORT_30_AMI";"Death rate for heart attack patients";383;12.0;"Y"
"360180";"CLEVELAND CLINIC";"OH";"MORT_30_AMI";"Death rate for heart attack patients";356;10.0;"Y"
"360185";"SALEM REGIONAL MEDICAL CENTER";"OH";"MORT_30_COPD";"Death rate for COPD patients";40;8.0;"Y"
"360189";"MADISON HEALTH";"OH";"MORT_30_HF";"Death rate for heart failure patients";38;12.0;"Y"
"360197";"MARY RUTAN HOSPITAL";"OH";"MORT_30_AMI";"Death rate for heart attack patients";43;13.0;"Y"
"360203";"SOUTHEASTERN OHIO REGIONAL MEDICAL CENTER";"OH";"MORT_30_COPD";"Death rate for COPD patients";47;8.0;"Y"
"360210";"GRADY MEMORIAL HOSPITAL";"OH";"MORT_30_COPD";"Death rate for COPD patients";40;10.0;"Y"
"360211";"TRINITY MEDICAL CTR EAST &TRINITY MEDICAL CTR WEST";"OH";"MORT_30_AMI";"Death rate for heart attack patients";114;13.0;"Y"
"360218";"LICKING MEMORIAL HOSPITAL";"OH";"MORT_30_AMI";"Death rate for heart attack patients";145;11.0;"Y"
"360230";"HILLCREST HOSPITAL";"OH";"MORT_30_AMI";"Death rate for heart attack patients";335;11.0;"Y"
"360234";"MERCY HEALTH - WEST HOSPITAL";"OH";"MORT_30_AMI";"Death rate for heart attack patients";140;12.0;"Y"
"360236";"MERCY HEALTH - CLERMONT HOSPITAL";"OH";"MORT_30_COPD";"Death rate for COPD patients";126;7.0;"Y"
"360239";"KETTERING HEALTH MIAMISBURG";"OH";"MORT_30_COPD";"Death rate for COPD patients";71;10.0;"Y"
"360259";"BAY PARK COMMUNITY HOSPITAL";"OH";"MORT_30_AMI";"Death rate for heart attack patients";29;11.0;"Y"
"360270";"MERCY HEALTH - DEFIANCE HOSPITAL";"OH";"MORT_30_COPD";"Death rate for COPD patients";52;7.0;"Y"
"360276";"HMHP ST ELIZABETH BOARDMAN HEALTH CENTER";"OH";"MORT_30_AMI";"Death rate for heart attack patients";70;11.0;"Y"
"360348";"DUBLIN METHODIST HOSPITAL";"OH";"MORT_30_AMI";"Death rate for heart attack patients";57;13.0;"Y"
"360354";"WEST CHESTER HOSPITAL";"OH";"MORT_30_AMI";"Death rate for heart attack patients";160;12.0;"Y"
"360359";"UNIVERSITY HOSPITALS AHUJA MEDICAL CENTER";"OH";"MORT_30_AMI";"Death rate for heart attack patients";94;12.0;"Y"
"360360";"SOIN MEDICAL CENTER";"OH";"MORT_30_AMI";"Death rate for heart attack patients";144;10.0;"Y"
"360364";"CLEVELAND CLINIC AVON HOSPITAL";"OH";"MORT_30_AMI";"Death rate for heart attack patients";32;12.0;"Y"
"360365";"AVITA ONTARIO";"OH";"MORT_30_AMI";"Death rate for heart attack patients";42;13.0;"Y"
"360368";"KETTERING HEALTH TROY";"OH";"MORT_30_COPD";"Death rate for COPD patients";35;8.0;"Y"
"361300";"PAULDING COUNTY HOSPITAL";"OH";"MORT_30_PN";"Death rate for pneumonia patients";42;18.0;"Y"
"361304";"GREENFIELD AREA MEDICAL CENTER";"OH";"MORT_30_PN";"Death rate for pneumonia patients";25;17.0;"Y"
"361306";"MERCY ALLEN HOSPITAL";"OH";"MORT_30_COPD";"Death rate for COPD patients";29;8.0;"Y"
"361307";"UHHS MEMORIAL HOSPITAL OF GENEVA";"OH";"MORT_30_COPD";"Death rate for COPD patients";51;8.0;"Y"
"361308";"UNIVERSITY HOSPITALS CONNEAUT MEDICAL CENTER";"OH";"MORT_30_COPD";"Death rate for COPD patients";36;8.0;"Y"
"361309";"HENRY COUNTY HOSPITAL, INC";"OH";"MORT_30_COPD";"Death rate for COPD patients";29;12.0;"Y"
"361310";"MERCY HEALTH - WILLARD HOSPITAL";"OH";"MORT_30_PN";"Death rate for pneumonia patients";49;18.0;"Y"
"361312";"MERCY HEALTH - URBANA HOSPITAL";"OH";"MORT_30_COPD";"Death rate for COPD patients";27;8.0;"Y"
"361314";"MAGRUDER HOSPITAL";"OH";"MORT_30_COPD";"Death rate for COPD patients";28;10.0;"Y"
"361315";"HARDIN MEMORIAL HOSPITAL";"OH";"MORT_30_PN";"Death rate for pneumonia patients";45;16.0;"Y"
"361316";"BUCYRUS COMMUNITY HOSPITAL";"OH";"MORT_30_PN";"Death rate for pneumonia patients";41;21.0;"Y"
"361318";"FOSTORIA COMMUNITY HOSPITAL";"OH";"MORT_30_COPD";"Death rate for COPD patients";28;9.0;"Y"
"361320";"HOLZER MEDICAL CENTER JACKSON";"OH";"MORT_30_COPD";"Death rate for COPD patients";28;8.0;"Y"
"361321";"BARNESVILLE HOSPITAL ASSOCIATION, INC";"OH";"MORT_30_PN";"Death rate for pneumonia patients";32;21.0;"Y"
"361323";"AULTMAN ORRVILLE HOSPITAL";"OH";"MORT_30_PN";"Death rate for pneumonia patients";31;21.0;"Y"
"361324";"OHIOHEALTH SHELBY HOSPITAL";"OH";"MORT_30_HF";"Death rate for heart failure patients";36;10.0;"Y"
"361325";"GALION COMMUNITY HOSPITAL";"OH";"MORT_30_AMI";"Death rate for heart attack patients";50;13.0;"Y"
"361326";"ADAMS COUNTY REGIONAL MEDICAL CENTER";"OH";"MORT_30_COPD";"Death rate for COPD patients";33;8.0;"N"
"361328";"PROMEDICA DEFIANCE REGIONAL HOSPITAL";"OH";"MORT_30_COPD";"Death rate for COPD patients";40;8.0;"Y"
"361329";"WYANDOT MEMORIAL HOSPITAL";"OH";"MORT_30_COPD";"Death rate for COPD patients";31;8.0;"Y"
"361330";"HOCKING VALLEY COMMUNITY HOSPITAL";"OH";"MORT_30_PN";"Death rate for pneumonia patients";44;14.0;"Y"
"361331";"ADENA FAYETTE MEDICAL CENTER";"OH";"MORT_30_HF";"Death rate for heart failure patients";33;12.0;"Y"
"361332";"HIGHLAND DISTRICT HOSPITAL";"OH";"MORT_30_COPD";"Death rate for COPD patients";42;8.0;"Y"
"361333";"FULTON COUNTY HEALTH CENTER";"OH";"MORT_30_COPD";"Death rate for COPD patients";54;13.0;"Y"
"361334";"ADENA PIKE MEDICAL CENTER";"OH";"MORT_30_PN";"Death rate for pneumonia patients";30;17.0;"Y"
"370001";"HILLCREST MEDICAL CENTER";"OK";"MORT_30_AMI";"Death rate for heart attack patients";224;12.0;"Y"
"370002";"ALLIANCEHEALTH WOODWARD";"OK";"MORT_30_COPD";"Death rate for COPD patients";37;8.0;"N"
"370004";"INTEGRIS MIAMI HOSPITAL";"OK";"MORT_30_COPD";"Death rate for COPD patients";29;10.0;"Y"
"370006";"INTEGRIS HEALTH PONCA CITY";"OK";"MORT_30_COPD";"Death rate for COPD patients";31;9.0;"Y"
"370008";"NORMAN REGIONAL";"OK";"MORT_30_AMI";"Death rate for heart attack patients";182;14.0;"Y"
"370013";"MERCY HOSPITAL OKLAHOMA CITY, INC";"OK";"MORT_30_COPD";"Death rate for COPD patients";178;8.0;"Y"
"370014";"ALLIANCEHEALTH DURANT";"OK";"MORT_30_AMI";"Death rate for heart attack patients";181;14.0;"Y"
"370015";"HILLCREST HOSPITAL PRYOR";"OK";"MORT_30_HF";"Death rate for heart failure patients";27;11.0;"Y"
"370016";"INTEGRIS HEALTH ENID HOSPITAL";"OK";"MORT_30_AMI";"Death rate for heart attack patients";77;12.0;"Y"
"370018";"ASCENSION ST JOHN JANE PHILLIPS";"OK";"MORT_30_AMI";"Death rate for heart attack patients";100;13.0;"N"
"370019";"GREAT PLAINS REGIONAL MEDICAL CENTER";"OK";"MORT_30_HF";"Death rate for heart failure patients";62;14.0;"N"
"370020";"MERCY HOSPITAL ADA";"OK";"MORT_30_COPD";"Death rate for COPD patients";66;8.0;"Y"
"370022";"JACKSON COUNTY MEMORIAL HOSPITAL AUTHORITY";"OK";"MORT_30_COPD";"Death rate for COPD patients";50;10.0;"Y"
"370023";"DUNCAN REGIONAL HOSPITAL, INC";"OK";"MORT_30_AMI";"Death rate for heart attack patients";33;12.0;"Y"
"370025";"SAINT FRANCIS HOSPITAL MUSKOGEE";"OK";"MORT_30_AMI";"Death rate for heart attack patients";107;12.0;"Y"
"370026";"ST MARY'S REGIONAL MEDICAL CENTER";"OK";"MORT_30_AMI";"Death rate for heart attack patients";55;13.0;"Y"
"370028";"INTEGRIS BAPTIST MEDICAL CENTER, INC";"OK";"MORT_30_AMI";"Death rate for heart attack patients";234;14.0;"Y"
"370034";"MCALESTER REGIONAL HEALTH CENTER";"OK";"MORT_30_AMI";"Death rate for heart attack patients";37;11.0;"Y"
"370037";"SSM HEALTH ST ANTHONY HOSPITAL - OKLAHOMA CITY";"OK";"MORT_30_AMI";"Death rate for heart attack patients";177;11.0;"Y"
"370039";"HILLCREST HOSPITAL CLAREMORE";"OK";"MORT_30_COPD";"Death rate for COPD patients";59;7.0;"Y"
"370047";"MERCY HOSPITAL ARDMORE, INC";"OK";"MORT_30_AMI";"Death rate for heart attack patients";60;12.0;"Y"
"370049";"STILLWATER MEDICAL CENTER";"OK";"MORT_30_AMI";"Death rate for heart attack patients";79;14.0;"Y"
"370054";"GRADY MEMORIAL HOSPITAL";"OK";"MORT_30_COPD";"Death rate for COPD patients";42;11.0;"Y"
"370056";"COMANCHE COUNTY MEMORIAL HOSPITAL";"OK";"MORT_30_AMI";"Death rate for heart attack patients";124;13.0;"Y"
"370057";"MUSCOGEE (CREEK) NATION MEDICAL CENTER";"OK";"MORT_30_PN";"Death rate for pneumonia patients";27;16.0;"Y"
"370078";"OKLAHOMA STATE UNIVERSITY MEDICAL CENTER";"OK";"MORT_30_AMI";"Death rate for heart attack patients";79;12.0;"Y"
"370083";"PUSHMATAHA HOSPITAL";"OK";"MORT_30_COPD";"Death rate for COPD patients";25;10.0;"Y"
"370089";"NORTHEASTERN HEALTH SYSTEM";"OK";"MORT_30_AMI";"Death rate for heart attack patients";56;14.0;"Y"
"370091";"SAINT FRANCIS HOSPITAL, INC";"OK";"MORT_30_AMI";"Death rate for heart attack patients";323;14.0;"Y"
"370093";"O U MEDICAL CENTER";"OK";"MORT_30_AMI";"Death rate for heart attack patients";121;14.0;"Y"
"370094";"SSM HEALTH ST ANTHONY HOSPITAL - MIDWEST";"OK";"MORT_30_AMI";"Death rate for heart attack patients";94;14.0;"Y"
"370097";"SOUTHWESTERN MEDICAL CENTER";"OK";"MORT_30_COPD";"Death rate for COPD patients";46;9.0;"Y"
"370099";"HILLCREST HOSPITAL CUSHING";"OK";"MORT_30_COPD";"Death rate for COPD patients";25;8.0;"Y"
"370100";"CHOCTAW MEMORIAL HOSPITAL";"OK";"MORT_30_COPD";"Death rate for COPD patients";33;9.0;"Y"
"370106";"INTEGRIS SOUTHWEST MEDICAL CENTER";"OK";"MORT_30_AMI";"Death rate for heart attack patients";66;13.0;"Y"
"370112";"SEQUOYAH COUNTY-CITY OF SALLISAW HOSPITAL AUTHORIT";"OK";"MORT_30_HF";"Death rate for heart failure patients";31;11.0;"Y"
"370113";"INTEGRIS GROVE HOSPITAL";"OK";"MORT_30_COPD";"Death rate for COPD patients";36;8.0;"Y"
"370114";"ASCENSION ST JOHN MEDICAL CENTER";"OK";"MORT_30_AMI";"Death rate for heart attack patients";200;12.0;"N"
"37012F";"MUSKOGEE VA MEDICAL CENTER";"OK";"MORT_30_COPD";"Death rate for COPD patients";198;7.0;"N"
"370149";"SSM HEALTH ST ANTHONY HOSPITAL - SHAWNEE";"OK";"MORT_30_AMI";"Death rate for heart attack patients";49;13.0;"Y"
"37014F";"OKLAHOMA CITY VA MEDICAL CENTER";"OK";"MORT_30_AMI";"Death rate for heart attack patients";157;12.0;"N"
"370158";"PURCELL MUNICIPAL HOSPITAL";"OK";"MORT_30_HF";"Death rate for heart failure patients";25;11.0;"Y"
"370166";"WAGONER COMMUNITY HOSPITAL";"OK";"MORT_30_HF";"Death rate for heart failure patients";65;12.0;"Y"
"370171";"CHEROKEE NATION W W HASTINGS INDIAN HOSPITAL";"OK";"MORT_30_AMI";"Death rate for heart attack patients";28;13.0;"Y"
"370172";"CHOCTAW NATION HEALTH SERVICES AUTHORITY";"OK";"MORT_30_HF";"Death rate for heart failure patients";26;11.0;"N"
"370178";"MEMORIAL HOSPITAL";"OK";"MORT_30_COPD";"Death rate for COPD patients";32;8.0;"N"
"370180";"CHICKASAW NATION MEDICAL CENTER";"OK";"MORT_30_HF";"Death rate for heart failure patients";40;11.0;"N"
"370183";"HILLCREST HOSPITAL HENRYETTA";"OK";"MORT_30_PN";"Death rate for pneumonia patients";36;17.0;"Y"
"370202";"HILLCREST HOSPITAL SOUTH";"OK";"MORT_30_AMI";"Death rate for heart attack patients";145;13.0;"Y"
"370211";"INTEGRIS CANADIAN VALLEY HOSPITAL";"OK";"MORT_30_COPD";"Death rate for COPD patients";69;9.0;"Y"
"370215";"OKLAHOMA HEART HOSPITAL, LLC";"OK";"MORT_30_AMI";"Death rate for heart attack patients";753;13.0;"Y"
"370218";"SAINT FRANCIS HOSPITAL SOUTH, LLC";"OK";"MORT_30_AMI";"Death rate for heart attack patients";35;12.0;"Y"
"370227";"ST JOHN OWASSO";"OK";"MORT_30_HF";"Death rate for heart failure patients";50;12.0;"N"
"370228";"BAILEY MEDICAL CENTER, LLC";"OK";"MORT_30_HF";"Death rate for heart failure patients";28;11.0;"Y"
"370234";"OKLAHOMA HEART HOSPITAL SOUTH, LLC";"OK";"MORT_30_AMI";"Death rate for heart attack patients";412;10.0;"Y"
"370235";"ASCENSION ST JOHN BROKEN ARROW";"OK";"MORT_30_HF";"Death rate for heart failure patients";42;10.0;"N"
"370236";"INTEGRIS HEALTH EDMOND HOSPITAL";"OK";"MORT_30_AMI";"Death rate for heart attack patients";71;13.0;"Y"
"370237";"SAINT FRANCIS HOSPITAL VINITA, INC";"OK";"MORT_30_HF";"Death rate for heart failure patients";59;11.0;"Y"
"370240";"INTEGRIS COMMUNITY HOSPITAL - COUNCIL CROSSING";"OK";"MORT_30_PN";"Death rate for pneumonia patients";34;17.0;"Y"
"371300";"ATOKA COUNTY MEDICAL CENTER";"OK";"MORT_30_HF";"Death rate for heart failure patients";40;11.0;"N"
"371303";"ROGER MILLS MEMORIAL HOSPITAL";"OK";"MORT_30_PN";"Death rate for pneumonia patients";47;15.0;"Y"
"371312";"ASCENSION ST JOHN SAPULPA";"OK";"MORT_30_PN";"Death rate for pneumonia patients";46;14.0;"N"
"371313";"MERCY HOSPITAL KINGFISHER, INC";"OK";"MORT_30_PN";"Death rate for pneumonia patients";39;14.0;"Y"
"371319";"COAL COUNTY GENERAL HOSPITAL, INC.";"OK";"MORT_30_HF";"Death rate for heart failure patients";28;10.0;"N"
"371321";"HOLDENVILLE GENERAL HOSPITAL";"OK";"MORT_30_PN";"Death rate for pneumonia patients";36;15.0;"Y"
"371323";"WEATHERFORD REGIONAL HOSPITAL, INC OF WEATHERFORD";"OK";"MORT_30_PN";"Death rate for pneumonia patients";62;24.0;"Y"
"371325";"CORDELL MEMORIAL HOSPITAL";"OK";"MORT_30_PN";"Death rate for pneumonia patients";26;16.0;"Y"
"371326";"ALLIANCEHEALTH MADILL";"OK";"MORT_30_PN";"Death rate for pneumonia patients";33;20.0;"Y"
"371328";"ARBUCKLE MEMORIAL HOSPITAL";"OK";"MORT_30_COPD";"Death rate for COPD patients";25;9.0;"Y"
"371329";"FAIRVIEW REGIONAL MEDICAL CENTER AUTHORITY";"OK";"MORT_30_PN";"Death rate for pneumonia patients";36;19.0;"Y"
"371330";"MANGUM REGIONAL MEDICAL CENTER";"OK";"MORT_30_PN";"Death rate for pneumonia patients";42;15.0;"Y"
"371332";"SEILING MUNICIPAL HOSPITAL";"OK";"MORT_30_PN";"Death rate for pneumonia patients";28;17.0;"Y"
"371333";"CREEK NATION COMMUNITY HOSPITAL";"OK";"MORT_30_PN";"Death rate for pneumonia patients";29;15.0;"Y"
"371334";"CARNEGIE TRI-COUNTY MUNICIPAL HOSPITAL";"OK";"MORT_30_PN";"Death rate for pneumonia patients";37;18.0;"Y"
"371335";"HASKELL REGIONAL HOSPITAL, INC";"OK";"MORT_30_PN";"Death rate for pneumonia patients";30;16.0;"Y"
"371336";"NEWMAN MEMORIAL HOSPITAL";"OK";"MORT_30_PN";"Death rate for pneumonia patients";29;15.0;"Y"
"371337";"EASTERN OKLAHOMA MEDICAL CENTER";"OK";"MORT_30_HF";"Death rate for heart failure patients";27;11.0;"Y"
"371338";"HARMON MEMORIAL HOSPITAL";"OK";"MORT_30_PN";"Death rate for pneumonia patients";38;17.0;"Y"
"371340";"MEMORIAL HOSPITAL OF TEXAS COUNTY AUTHORITY";"OK";"MORT_30_PN";"Death rate for pneumonia patients";39;25.0;"N"
"371341";"SHARE MEDICAL CENTER";"OK";"MORT_30_PN";"Death rate for pneumonia patients";52;18.0;"Y"
"371342";"MCCURTAIN MEMORIAL HOSPITAL";"OK";"MORT_30_COPD";"Death rate for COPD patients";43;8.0;"Y"
"380001";"MID-COLUMBIA MEDICAL CENTER";"OR";"MORT_30_COPD";"Death rate for COPD patients";43;11.0;"N"
"380002";"ASANTE THREE RIVERS MEDICAL CENTER";"OR";"MORT_30_AMI";"Death rate for heart attack patients";69;11.0;"Y"
"380004";"PROVIDENCE ST VINCENT MEDICAL CENTER";"OR";"MORT_30_AMI";"Death rate for heart attack patients";273;12.0;"Y"
"380005";"ASANTE ASHLAND COMMUNITY HOSPITAL";"OR";"MORT_30_PN";"Death rate for pneumonia patients";53;15.0;"Y"
"380007";"LEGACY EMANUEL MEDICAL CENTER";"OR";"MORT_30_AMI";"Death rate for heart attack patients";66;13.0;"Y"
"380009";"OHSU HOSPITAL AND CLINICS";"OR";"MORT_30_AMI";"Death rate for heart attack patients";102;12.0;"Y"
"380014";"GOOD SAMARITAN REGIONAL MEDICAL CENTER";"OR";"MORT_30_AMI";"Death rate for heart attack patients";189;15.0;"Y"
"380017";"LEGACY GOOD SAMARITAN MEDICAL CENTER";"OR";"MORT_30_AMI";"Death rate for heart attack patients";89;13.0;"Y"
"380018";"ASANTE ROGUE REGIONAL MEDICAL CENTER";"OR";"MORT_30_AMI";"Death rate for heart attack patients";306;12.0;"Y"
"380020";"MCKENZIE-WILLAMETTE MEDICAL CENTER";"OR";"MORT_30_AMI";"Death rate for heart attack patients";51;13.0;"Y"
"380021";"HILLSBORO MEDICAL CENTER";"OR";"MORT_30_AMI";"Death rate for heart attack patients";52;12.0;"Y"
"380022";"SAMARITAN ALBANY GENERAL HOSPITAL";"OR";"MORT_30_COPD";"Death rate for COPD patients";34;9.0;"Y"
"380025";"LEGACY MOUNT HOOD MEDICAL CENTER";"OR";"MORT_30_AMI";"Death rate for heart attack patients";40;13.0;"Y"
"380027";"MERCY MEDICAL CENTER";"OR";"MORT_30_AMI";"Death rate for heart attack patients";153;14.0;"Y"
"380029";"LEGACY SILVERTON MEDICAL CENTER";"OR";"MORT_30_PN";"Death rate for pneumonia patients";29;15.0;"Y"
"380037";"PROVIDENCE NEWBERG MEDICAL CENTER";"OR";"MORT_30_AMI";"Death rate for heart attack patients";30;12.0;"Y"
"380038";"PROVIDENCE WILLAMETTE FALLS MEDICAL CENTER";"OR";"MORT_30_AMI";"Death rate for heart attack patients";39;12.0;"Y"
"38003F";"PORTLAND VA MEDICAL CENTER";"OR";"MORT_30_AMI";"Death rate for heart attack patients";122;11.0;"N"
"380047";"ST CHARLES MEDICAL CENTER - BEND";"OR";"MORT_30_AMI";"Death rate for heart attack patients";353;13.0;"Y"
"380050";"SKY LAKES MEDICAL CENTER";"OR";"MORT_30_AMI";"Death rate for heart attack patients";78;14.0;"Y"
"380051";"SALEM HOSPITAL";"OR";"MORT_30_AMI";"Death rate for heart attack patients";228;15.0;"Y"
"380052";"SAINT ALPHONSUS MEDICAL CENTER ONTARIO";"OR";"MORT_30_COPD";"Death rate for COPD patients";34;7.0;"Y"
"380056";"SANTIAM HOSPITAL & CLINICS";"OR";"MORT_30_PN";"Death rate for pneumonia patients";26;20.0;"Y"
"380060";"ADVENTIST HEALTH PORTLAND";"OR";"MORT_30_AMI";"Death rate for heart attack patients";133;12.0;"Y"
"380061";"PROVIDENCE PORTLAND MEDICAL CENTER";"OR";"MORT_30_AMI";"Death rate for heart attack patients";140;13.0;"Y"
"380071";"WILLAMETTE VALLEY MEDICAL CENTER";"OR";"MORT_30_AMI";"Death rate for heart attack patients";43;12.0;"Y"
"380075";"PROVIDENCE MEDFORD MEDICAL CENTER";"OR";"MORT_30_AMI";"Death rate for heart attack patients";70;13.0;"Y"
"380082";"PROVIDENCE MILWAUKIE HOSPITAL";"OR";"MORT_30_AMI";"Death rate for heart attack patients";30;12.0;"Y"
"380089";"LEGACY MERIDIAN PARK MEDICAL CENTER";"OR";"MORT_30_AMI";"Death rate for heart attack patients";50;13.0;"Y"
"380090";"BAY AREA HOSPITAL";"OR";"MORT_30_AMI";"Death rate for heart attack patients";211;13.0;"Y"
"380091";"KAISER SUNNYSIDE MEDICAL CENTER";"OR";"MORT_30_AMI";"Death rate for heart attack patients";53;12.0;"Y"
"380102";"SACRED HEART MEDICAL CENTER - RIVERBEND";"OR";"MORT_30_AMI";"Death rate for heart attack patients";255;12.0;"Y"
"380103";"KAISER FOUNDATION HOSPITAL WESTSIDE";"OR";"MORT_30_HF";"Death rate for heart failure patients";29;13.0;"Y"
"381302";"SAMARITAN NORTH LINCOLN HOSPITAL";"OR";"MORT_30_COPD";"Death rate for COPD patients";30;9.0;"Y"
"381303";"PROVIDENCE SEASIDE HOSPITAL";"OR";"MORT_30_HF";"Death rate for heart failure patients";98;12.0;"Y"
"381304";"SOUTHERN COOS HOSPITAL & HEALTH CENTER";"OR";"MORT_30_HF";"Death rate for heart failure patients";26;15.0;"Y"
"381306";"WALLOWA MEMORIAL HOSPITAL";"OR";"MORT_30_HF";"Death rate for heart failure patients";27;12.0;"Y"
"381307";"HARNEY DISTRICT HOSPITAL";"OR";"MORT_30_PN";"Death rate for pneumonia patients";44;20.0;"Y"
"381309";"LAKE DISTRICT HOSPITAL";"OR";"MORT_30_PN";"Death rate for pneumonia patients";33;17.0;"Y"
"381312";"COQUILLE VALLEY HOSPITAL";"OR";"MORT_30_PN";"Death rate for pneumonia patients";28;19.0;"Y"
"381313";"ST CHARLES MEDICAL CENTER PRINEVILLE";"OR";"MORT_30_HF";"Death rate for heart failure patients";31;13.0;"Y"
"381314";"SAMARITAN PACIFIC COMMUNITY HOSPITAL";"OR";"MORT_30_COPD";"Death rate for COPD patients";34;14.0;"Y"
"381315";"ST. ALPHONSUS MEDICAL CENTER - BAKER CITY";"OR";"MORT_30_COPD";"Death rate for COPD patients";25;10.0;"Y"
"381316";"PEACE HARBOR MEDICAL CENTER";"OR";"MORT_30_HF";"Death rate for heart failure patients";50;11.0;"Y"
"381317";"ADVENTIST HEALTH TILLAMOOK";"OR";"MORT_30_HF";"Death rate for heart failure patients";48;15.0;"Y"
"381318";"PROVIDENCE HOOD RIVER MEMORIAL HOSPITAL";"OR";"MORT_30_AMI";"Death rate for heart attack patients";31;12.0;"Y"
"381319";"ST ANTHONY HOSPITAL";"OR";"MORT_30_COPD";"Death rate for COPD patients";25;10.0;"Y"
"381321";"GRANDE RONDE HOSPITAL";"OR";"MORT_30_COPD";"Death rate for COPD patients";38;15.0;"Y"
"381322";"CURRY GENERAL HOSPITAL";"OR";"MORT_30_COPD";"Death rate for COPD patients";36;9.0;"N"
"381323";"SAMARITAN LEBANON COMMUNITY HOSPITAL";"OR";"MORT_30_COPD";"Death rate for COPD patients";32;9.0;"Y"
"381324";"ST CHARLES MADRAS";"OR";"MORT_30_HF";"Death rate for heart failure patients";26;14.0;"Y"
"381325";"GOOD SHEPHERD MEDICAL CENTER";"OR";"MORT_30_COPD";"Death rate for COPD patients";73;17.0;"Y"
"390001";"GEISINGER-COMMUNITY MEDICAL CENTER";"PA";"MORT_30_AMI";"Death rate for heart attack patients";154;13.0;"Y"
"390002";"UPMC MCKEESPORT HOSPITAL";"PA";"MORT_30_COPD";"Death rate for COPD patients";32;9.0;"Y"
"390003";"GEISINGER-BLOOMSBURG HOSPITAL";"PA";"MORT_30_COPD";"Death rate for COPD patients";33;9.0;"Y"
"390004";"PENN STATE HEALTH HOLY SPIRIT MEDICAL CENTER";"PA";"MORT_30_AMI";"Death rate for heart attack patients";114;13.0;"Y"
"390006";"GEISINGER MEDICAL CENTER";"PA";"MORT_30_AMI";"Death rate for heart attack patients";263;11.0;"Y"
"390009";"SAINT VINCENT HOSPITAL";"PA";"MORT_30_AMI";"Death rate for heart attack patients";192;12.0;"Y"
"390012";"JEFFERSON LANSDALE HOSPITAL";"PA";"MORT_30_AMI";"Death rate for heart attack patients";37;12.0;"Y"
"390013";"WELLSPAN EVANGELICAL COMMUNITY HOSPITAL";"PA";"MORT_30_AMI";"Death rate for heart attack patients";115;11.0;"Y"
"390016";"UPMC JAMESON";"PA";"MORT_30_AMI";"Death rate for heart attack patients";89;11.0;"Y"
"39001F";"JAMES E. VAN ZANDT VA MEDICAL CENTER (ALTOONA)";"PA";"MORT_30_COPD";"Death rate for COPD patients";55;9.0;"N"
"390026";"TEMPLE HEALTH - CHESTNUT HILL HOSPITAL";"PA";"MORT_30_AMI";"Death rate for heart attack patients";35;12.0;"Y"
"390027";"TEMPLE UNIVERSITY HOSPITAL";"PA";"MORT_30_AMI";"Death rate for heart attack patients";106;13.0;"Y"
"390028";"UPMC MERCY";"PA";"MORT_30_AMI";"Death rate for heart attack patients";44;13.0;"Y"
"390030";"SCHUYLKILL MEDICAL CENTER - SOUTH JACKSON STREET";"PA";"MORT_30_COPD";"Death rate for COPD patients";72;8.0;"Y"
"390032";"ALLEGHENY VALLEY HOSPITAL";"PA";"MORT_30_COPD";"Death rate for COPD patients";30;8.0;"Y"
"390035";"ST LUKES QUAKERTOWN HOSPITAL";"PA";"MORT_30_COPD";"Death rate for COPD patients";40;7.0;"Y"
"390036";"HERITAGE VALLEY BEAVER";"PA";"MORT_30_AMI";"Death rate for heart attack patients";93;11.0;"Y"
"390037";"HERITAGE VALLEY SEWICKLEY";"PA";"MORT_30_COPD";"Death rate for COPD patients";38;8.0;"Y"
"390039";"UPMC SOMERSET";"PA";"MORT_30_AMI";"Death rate for heart attack patients";37;12.0;"Y"
"390041";"UNIONTOWN HOSPITAL";"PA";"MORT_30_AMI";"Death rate for heart attack patients";92;13.0;"Y"
"390042";"WASHINGTON HOSPITAL, THE";"PA";"MORT_30_AMI";"Death rate for heart attack patients";68;12.0;"Y"
"390044";"READING HOSPITAL";"PA";"MORT_30_AMI";"Death rate for heart attack patients";297;12.0;"Y"
"390045";"UPMC WILLIAMSPORT";"PA";"MORT_30_AMI";"Death rate for heart attack patients";211;14.0;"Y"
"390046";"WELLSPAN YORK HOSPITAL";"PA";"MORT_30_AMI";"Death rate for heart attack patients";279;12.0;"Y"
"390048";"GEISINGER-LEWISTOWN HOSPITAL";"PA";"MORT_30_AMI";"Death rate for heart attack patients";29;13.0;"Y"
"390049";"ST LUKE'S HOSPITAL BETHLEHEM";"PA";"MORT_30_AMI";"Death rate for heart attack patients";206;11.0;"Y"
"390050";"ALLEGHENY GENERAL HOSPITAL";"PA";"MORT_30_AMI";"Death rate for heart attack patients";95;12.0;"Y"
"390056";"PENN HIGHLANDS HUNTINGDON";"PA";"MORT_30_AMI";"Death rate for heart attack patients";33;12.0;"Y"
"390057";"GRAND VIEW HEALTH";"PA";"MORT_30_AMI";"Death rate for heart attack patients";121;11.0;"Y"
"390058";"UPMC CARLISLE";"PA";"MORT_30_AMI";"Death rate for heart attack patients";38;13.0;"Y"
"390062";"CONEMAUGH NASON MEDICAL CENTER";"PA";"MORT_30_AMI";"Death rate for heart attack patients";56;12.0;"Y"
"390063";"UPMC HAMOT";"PA";"MORT_30_AMI";"Death rate for heart attack patients";216;15.0;"Y"
"390065";"GETTYSBURG HOSPITAL";"PA";"MORT_30_AMI";"Death rate for heart attack patients";167;12.0;"Y"
"390066";"WELLSPAN GOOD SAMARITAN HOSPITAL";"PA";"MORT_30_AMI";"Death rate for heart attack patients";152;11.0;"Y"
"390067";"UPMC PINNACLE HOSPITALS";"PA";"MORT_30_AMI";"Death rate for heart attack patients";301;13.0;"Y"
"390068";"UPMC LITITZ";"PA";"MORT_30_AMI";"Death rate for heart attack patients";67;11.0;"Y"
"39006F";"LEBANON VA MEDICAL CENTER";"PA";"MORT_30_COPD";"Death rate for COPD patients";150;7.0;"N"
"390070";"LOWER BUCKS HOSPITAL";"PA";"MORT_30_AMI";"Death rate for heart attack patients";41;11.0;"Y"
"390073";"UPMC ALTOONA";"PA";"MORT_30_AMI";"Death rate for heart attack patients";96;13.0;"Y"
"390079";"ROBERT PACKER HOSPITAL";"PA";"MORT_30_AMI";"Death rate for heart attack patients";191;13.0;"Y"
"390086";"PENN HIGHLANDS DUBOIS";"PA";"MORT_30_AMI";"Death rate for heart attack patients";177;14.0;"Y"
"390090";"WEST PENN HOSPITAL";"PA";"MORT_30_AMI";"Death rate for heart attack patients";36;12.0;"Y"
"390091";"UPMC NORTHWEST";"PA";"MORT_30_AMI";"Death rate for heart attack patients";27;13.0;"Y"
"390093";"CLARION HOSPITAL";"PA";"MORT_30_COPD";"Death rate for COPD patients";26;12.0;"Y"
"390096";"PENN STATE HEALTH ST. JOSEPH";"PA";"MORT_30_AMI";"Death rate for heart attack patients";110;12.0;"Y"
"390097";"HOLY REDEEMER HOSPITAL AND MEDICAL CENTER";"PA";"MORT_30_AMI";"Death rate for heart attack patients";126;13.0;"Y"
"39009F";"PHILADELPHIA VA MEDICAL CENTER";"PA";"MORT_30_AMI";"Death rate for heart attack patients";51;11.0;"N"
"390100";"LANCASTER GENERAL HOSPITAL";"PA";"MORT_30_AMI";"Death rate for heart attack patients";442;11.0;"Y"
"390101";"UPMC MEMORIAL";"PA";"MORT_30_AMI";"Death rate for heart attack patients";84;12.0;"Y"
"390102";"UPMC ST MARGARET";"PA";"MORT_30_COPD";"Death rate for COPD patients";51;8.0;"Y"
"390107";"UPMC PASSAVANT";"PA";"MORT_30_AMI";"Death rate for heart attack patients";151;11.0;"Y"
"390110";"CONEMAUGH MEMORIAL MEDICAL CENTER";"PA";"MORT_30_AMI";"Death rate for heart attack patients";91;12.0;"Y"
"390111";"HOSPITAL OF UNIV OF PENNSYLVANIA";"PA";"MORT_30_AMI";"Death rate for heart attack patients";83;13.0;"Y"
"390112";"CHAN SOON- SHIONG MEDICAL CENTER AT WINDBER";"PA";"MORT_30_HF";"Death rate for heart failure patients";46;17.0;"Y"
"390113";"MEADVILLE MEDICAL CENTER";"PA";"MORT_30_AMI";"Death rate for heart attack patients";75;14.0;"Y"
"390114";"MAGEE WOMENS HOSPITAL OF UPMC HEALTH SYSTEM";"PA";"MORT_30_HF";"Death rate for heart failure patients";36;11.0;"Y"
"390115";"JEFFERSON HEALTH- NORTHEAST";"PA";"MORT_30_AMI";"Death rate for heart attack patients";207;13.0;"Y"
"390116";"SUBURBAN COMMUNITY HOSPITAL";"PA";"MORT_30_HF";"Death rate for heart failure patients";41;10.0;"Y"
"390117";"UPMC BEDFORD MEMORIAL";"PA";"MORT_30_HF";"Death rate for heart failure patients";62;9.0;"Y"
"390123";"POTTSTOWN HOSPITAL";"PA";"MORT_30_AMI";"Death rate for heart attack patients";54;11.0;"Y"
"390125";"WAYNE MEMORIAL HOSPITAL";"PA";"MORT_30_AMI";"Death rate for heart attack patients";67;13.0;"Y"
"390127";"PHOENIXVILLE HOSPITAL";"PA";"MORT_30_AMI";"Death rate for heart attack patients";134;12.0;"Y"
"39012F";"VA PITTSBURGH HEALTHCARE SYSTEM - UNIV DR";"PA";"MORT_30_AMI";"Death rate for heart attack patients";203;10.0;"N"
"390133";"LEHIGH VALLEY HOSPITAL";"PA";"MORT_30_AMI";"Death rate for heart attack patients";708;11.0;"Y"
"390137";"WILKES-BARRE GENERAL HOSPITAL";"PA";"MORT_30_AMI";"Death rate for heart attack patients";197;14.0;"Y"
"390138";"WELLSPAN WAYNESBORO HOSPITAL";"PA";"MORT_30_AMI";"Death rate for heart attack patients";39;12.0;"Y"
"390139";"BRYN MAWR HOSPITAL";"PA";"MORT_30_AMI";"Death rate for heart attack patients";133;12.0;"Y"
"39013F";"WILKES BARRE VA MEDICAL CENTER";"PA";"MORT_30_COPD";"Death rate for COPD patients";168;10.0;"N"
"390142";"JEFFERSON EINSTEIN PHILADELPHIA HOSPITAL";"PA";"MORT_30_AMI";"Death rate for heart attack patients";66;12.0;"Y"
"390145";"EXCELA HEALTH WESTMORELAND REGIONAL HOSPITAL";"PA";"MORT_30_AMI";"Death rate for heart attack patients";116;11.0;"Y"
"390146";"WARREN GENERAL HOSPITAL";"PA";"MORT_30_COPD";"Death rate for COPD patients";60;9.0;"Y"
"390147";"PENN HIGHLANDS MON VALLEY";"PA";"MORT_30_AMI";"Death rate for heart attack patients";49;12.0;"Y"
"390151";"WELLSPAN CHAMBERSBURG HOSPITAL";"PA";"MORT_30_AMI";"Death rate for heart attack patients";304;13.0;"Y"
"390153";"PAOLI HOSPITAL";"PA";"MORT_30_AMI";"Death rate for heart attack patients";219;11.0;"Y"
"390156";"MERCY CATHOLIC MEDICAL CENTER- MERCY FITZGERALD";"PA";"MORT_30_AMI";"Death rate for heart attack patients";49;13.0;"Y"
"390160";"CANONSBURG GENERAL HOSPITAL";"PA";"MORT_30_HF";"Death rate for heart failure patients";67;12.0;"Y"
"390162";"ST LUKE'S HOSPITAL - EASTON CAMPUS";"PA";"MORT_30_COPD";"Death rate for COPD patients";29;9.0;"Y"
"390163";"ACMH HOSPITAL";"PA";"MORT_30_COPD";"Death rate for COPD patients";31;9.0;"Y"
"390164";"UPMC PRESBYTERIAN SHADYSIDE";"PA";"MORT_30_AMI";"Death rate for heart attack patients";155;11.0;"Y"
"390168";"INDEPENDENCE HEALTH SYSTEM BUTLER MEMORIAL HOSPITA";"PA";"MORT_30_AMI";"Death rate for heart attack patients";118;14.0;"Y"
"390173";"INDIANA REGIONAL MEDICAL CENTER";"PA";"MORT_30_AMI";"Death rate for heart attack patients";76;12.0;"Y"
"390174";"THOMAS JEFFERSON UNIVERSITY HOSPITAL";"PA";"MORT_30_AMI";"Death rate for heart attack patients";146;10.0;"Y"
"390178";"UPMC HORIZON";"PA";"MORT_30_COPD";"Death rate for COPD patients";36;9.0;"Y"
"390179";"CHESTER COUNTY HOSPITAL";"PA";"MORT_30_AMI";"Death rate for heart attack patients";272;11.0;"Y"
"390180";"CROZER CHESTER MEDICAL CENTER";"PA";"MORT_30_AMI";"Death rate for heart attack patients";108;14.0;"Y"
"390183";"ST LUKE'S MINERS MEMORIAL HOSPITAL";"PA";"MORT_30_COPD";"Death rate for COPD patients";46;10.0;"Y"
"390185";"LEHIGH VALLEY HOSPITAL - HAZLETON";"PA";"MORT_30_AMI";"Death rate for heart attack patients";28;11.0;"Y"
"390195";"MAIN LINE HOSPITAL LANKENAU";"PA";"MORT_30_AMI";"Death rate for heart attack patients";179;11.0;"Y"
"390198";"MILLCREEK COMMUNITY HOSPITAL";"PA";"MORT_30_HF";"Death rate for heart failure patients";29;15.0;"Y"
"390199";"PUNXSUTAWNEY AREA HOSPITAL";"PA";"MORT_30_HF";"Death rate for heart failure patients";31;12.0;"Y"
"390201";"LEHIGH VALLEY HOSPITAL - POCONO";"PA";"MORT_30_AMI";"Death rate for heart attack patients";108;11.0;"Y"
"390203";"DOYLESTOWN HOSPITAL";"PA";"MORT_30_AMI";"Death rate for heart attack patients";283;11.0;"Y"
"390204";"NAZARETH HOSPITAL";"PA";"MORT_30_AMI";"Death rate for heart attack patients";76;14.0;"Y"
"390211";"SHARON REGIONAL MEDICAL CENTER";"PA";"MORT_30_AMI";"Death rate for heart attack patients";67;12.0;"Y"
"390217";"EXCELA HEALTH - FRICK HOSPITAL";"PA";"MORT_30_COPD";"Death rate for COPD patients";27;10.0;"Y"
"390219";"EXCELA HEALTH LATROBE HOSPITAL";"PA";"MORT_30_AMI";"Death rate for heart attack patients";39;12.0;"Y"
"390222";"RIDDLE MEMORIAL HOSPITAL";"PA";"MORT_30_AMI";"Death rate for heart attack patients";144;12.0;"Y"
"390223";"PENN PRESBYTERIAN MEDICAL CENTER";"PA";"MORT_30_AMI";"Death rate for heart attack patients";110;11.0;"Y"
"390225";"WELLSPAN EPHRATA COMMUNITY HOSPITAL";"PA";"MORT_30_AMI";"Death rate for heart attack patients";120;12.0;"Y"
"390226";"PENNSYLVANIA HOSPITAL";"PA";"MORT_30_AMI";"Death rate for heart attack patients";46;12.0;"Y"
"390228";"ST CLAIR HOSPITAL";"PA";"MORT_30_AMI";"Death rate for heart attack patients";121;13.0;"Y"
"390231";"JEFFERSON ABINGTON HOSPITAL";"PA";"MORT_30_AMI";"Death rate for heart attack patients";237;12.0;"Y"
"390233";"UPMC HANOVER";"PA";"MORT_30_AMI";"Death rate for heart attack patients";126;13.0;"Y"
"390237";"REGIONAL HOSPITAL OF SCRANTON";"PA";"MORT_30_AMI";"Death rate for heart attack patients";336;13.0;"Y"
"390256";"MILTON S HERSHEY MEDICAL CENTER";"PA";"MORT_30_AMI";"Death rate for heart attack patients";131;13.0;"Y"
"390258";"ST MARY MEDICAL CENTER";"PA";"MORT_30_AMI";"Death rate for heart attack patients";276;11.0;"Y"
"390265";"JEFFERSON HOSPITAL";"PA";"MORT_30_AMI";"Death rate for heart attack patients";126;13.0;"Y"
"390266";"GROVE CITY MEDICAL CENTER";"PA";"MORT_30_HF";"Death rate for heart failure patients";52;14.0;"Y"
"390267";"FORBES HOSPITAL";"PA";"MORT_30_AMI";"Death rate for heart attack patients";110;11.0;"Y"
"390268";"MOUNT NITTANY MEDICAL CENTER";"PA";"MORT_30_AMI";"Death rate for heart attack patients";94;12.0;"Y"
"390270";"GEISINGER WYOMING VALLEY MEDICAL CENTER";"PA";"MORT_30_AMI";"Death rate for heart attack patients";175;11.0;"Y"
"390304";"ROXBOROUGH MEMORIAL HOSPITAL";"PA";"MORT_30_HF";"Death rate for heart failure patients";61;8.0;"Y"
"390326";"ST LUKE'S HOSPITAL - ANDERSON CAMPUS";"PA";"MORT_30_AMI";"Death rate for heart attack patients";103;12.0;"Y"
"390328";"UPMC EAST";"PA";"MORT_30_AMI";"Death rate for heart attack patients";75;11.0;"Y"
"390329";"JEFFERSON EINSTEIN MONTGOMERY HOSPITAL";"PA";"MORT_30_AMI";"Death rate for heart attack patients";141;11.0;"Y"
"390330";"ST LUKE'S HOSPITAL - MONROE CAMPUS";"PA";"MORT_30_AMI";"Death rate for heart attack patients";74;11.0;"Y"
"390332";"GEISINGER ST. LUKE'S  HOSPITAL";"PA";"MORT_30_COPD";"Death rate for COPD patients";51;9.0;"Y"
"390333";"AHN EMERUS WESTMORELAND, LLC";"PA";"MORT_30_PN";"Death rate for pneumonia patients";28;15.0;"Y"
"390334";"AHN WEXFORD HOSPITAL";"PA";"MORT_30_AMI";"Death rate for heart attack patients";38;12.0;"Y"
"390335";"ST LUKE'S HOSPITAL - CARBON CAMPUS";"PA";"MORT_30_COPD";"Death rate for COPD patients";63;7.0;"Y"
"390336";"PENN STATE HEALTH HAMPDEN MEDICAL CENTER";"PA";"MORT_30_COPD";"Death rate for COPD patients";26;8.0;"Y"
"390337";"GEISINGER MEDICAL CENTER MUNCY";"PA";"MORT_30_HF";"Death rate for heart failure patients";36;12.0;"Y"
"390338";"LEHIGH VALLEY HOSPITAL - DICKSON CITY";"PA";"MORT_30_HF";"Death rate for heart failure patients";33;12.0;"Y"
"390339";"PENN STATE HEALTH LANCASTER MEDICAL CENTER";"PA";"MORT_30_AMI";"Death rate for heart attack patients";29;12.0;"Y"
"391300";"GEISINGER JERSEY SHORE HOSPITAL";"PA";"MORT_30_HF";"Death rate for heart failure patients";62;9.0;"Y"
"391301";"UPMC MUNCY";"PA";"MORT_30_HF";"Death rate for heart failure patients";43;13.0;"Y"
"391303";"FULTON COUNTY MEDICAL CENTER";"PA";"MORT_30_COPD";"Death rate for COPD patients";26;9.0;"Y"
"391305";"TROY COMMUNITY HOSPITAL";"PA";"MORT_30_COPD";"Death rate for COPD patients";32;8.0;"Y"
"391306";"ENDLESS MOUNTAINS HEALTH SYSTEMS";"PA";"MORT_30_COPD";"Death rate for COPD patients";27;10.0;"N"
"391308";"LECOM HEALTH CORRY MEMORIAL HOSPITAL";"PA";"MORT_30_HF";"Death rate for heart failure patients";29;18.0;"N"
"391309";"BARNES-KASSON COUNTY HOSPITAL";"PA";"MORT_30_HF";"Death rate for heart failure patients";26;17.0;"Y"
"391312";"PENN HIGHLANDS BROOKVILLE";"PA";"MORT_30_HF";"Death rate for heart failure patients";27;14.0;"Y"
"391313";"UPMC COLE";"PA";"MORT_30_COPD";"Death rate for COPD patients";32;10.0;"Y"
"391314";"TITUSVILLE AREA HOSPITAL";"PA";"MORT_30_HF";"Death rate for heart failure patients";30;15.0;"Y"
"391315";"PENN HIGHLANDS ELK";"PA";"MORT_30_COPD";"Death rate for COPD patients";38;9.0;"Y"
"391316";"UPMC WELLSBORO";"PA";"MORT_30_COPD";"Death rate for COPD patients";60;11.0;"Y"
"400001";"PRESBYTERIAN COMMUNITY HOSPITAL";"PR";"MORT_30_PN";"Death rate for pneumonia patients";37;22.0;"Y"
"400004";"ASOCIACION HOSPITAL DEL MAESTRO, INC";"PR";"MORT_30_PN";"Death rate for pneumonia patients";27;21.0;"N"
"400006";"DOCTOR'S CENTER DE SAN JUAN";"PR";"MORT_30_PN";"Death rate for pneumonia patients";33;21.0;"Y"
"400016";"AUXILIO MUTUO HOSPITAL";"PR";"MORT_30_AMI";"Death rate for heart attack patients";48;13.0;"N"
"400019";"HOSPITAL PAVIA SANTURCE";"PR";"MORT_30_AMI";"Death rate for heart attack patients";47;14.0;"N"
"40003F";"SAN JUAN VA MEDICAL CENTER";"PR";"MORT_30_AMI";"Death rate for heart attack patients";291;11.0;"N"
"400044";"HOSPITAL EPISCOPAL SAN LUCAS II";"PR";"MORT_30_AMI";"Death rate for heart attack patients";27;13.0;"N"
"400103";"MAYAGUEZ MEDICAL CENTER DR RAMON EMETERIO BETANCES";"PR";"MORT_30_HF";"Death rate for heart failure patients";27;14.0;"Y"
"400104";"HOSPITAL MENONITA CAGUAS INC";"PR";"MORT_30_STK";"Death rate for stroke patients";70;13.0;"Y"
"400109";"HOSPITAL ESPANOL AUXILIO MUTUO SAN PABLO";"PR";"MORT_30_AMI";"Death rate for heart attack patients";68;12.0;"N"
"400120";"HOSPITAL PAVIA CAGUAS";"PR";"MORT_30_STK";"Death rate for stroke patients";26;14.0;"N"
"400124";"CENTRO CARDIOVASCULAR DE PUERTO RICO Y EL CARIBE";"PR";"MORT_30_AMI";"Death rate for heart attack patients";48;12.0;"N"
"410004";"ROGER WILLIAMS MEDICAL CENTER";"RI";"MORT_30_COPD";"Death rate for COPD patients";37;11.0;"Y"
"410005";"OUR LADY OF FATIMA HOSPITAL";"RI";"MORT_30_AMI";"Death rate for heart attack patients";30;13.0;"Y"
"410006";"NEWPORT HOSPITAL";"RI";"MORT_30_COPD";"Death rate for COPD patients";83;8.0;"Y"
"410007";"RHODE ISLAND HOSPITAL";"RI";"MORT_30_AMI";"Death rate for heart attack patients";256;11.0;"Y"
"410008";"SOUTH COUNTY HOSPITAL INC";"RI";"MORT_30_AMI";"Death rate for heart attack patients";32;12.0;"Y"
"410009";"KENT COUNTY MEMORIAL HOSPITAL";"RI";"MORT_30_AMI";"Death rate for heart attack patients";209;13.0;"Y"
"410011";"LANDMARK MEDICAL CENTER";"RI";"MORT_30_AMI";"Death rate for heart attack patients";70;12.0;"Y"
"410012";"THE MIRIAM HOSPITAL";"RI";"MORT_30_AMI";"Death rate for heart attack patients";298;10.0;"Y"
"410013";"WESTERLY HOSPITAL";"RI";"MORT_30_COPD";"Death rate for COPD patients";50;8.0;"Y"
"41005F";"PROVIDENCE VA MEDICAL CENTER";"RI";"MORT_30_AMI";"Death rate for heart attack patients";53;11.0;"N"
"420002";"PIEDMONT MEDICAL CENTER";"SC";"MORT_30_AMI";"Death rate for heart attack patients";256;14.0;"Y"
"420004";"MUSC MEDICAL CENTER";"SC";"MORT_30_AMI";"Death rate for heart attack patients";231;12.0;"Y"
"420005";"MCLEOD MEDICAL CENTER - DILLON";"SC";"MORT_30_COPD";"Death rate for COPD patients";32;9.0;"Y"
"420007";"SPARTANBURG MEDICAL CENTER";"SC";"MORT_30_AMI";"Death rate for heart attack patients";462;14.0;"Y"
"420009";"PRISMA HEALTH OCONEE MEMORIAL HOSPITAL";"SC";"MORT_30_AMI";"Death rate for heart attack patients";43;11.0;"Y"
"420010";"CAROLINA PINES REGIONAL MEDICAL CENTER";"SC";"MORT_30_AMI";"Death rate for heart attack patients";26;12.0;"Y"
"420011";"CANNON MEMORIAL HOSPITAL";"SC";"MORT_30_PN";"Death rate for pneumonia patients";58;16.0;"Y"
"420015";"PRISMA HEALTH BAPTIST EASLEY HOSPITAL";"SC";"MORT_30_AMI";"Death rate for heart attack patients";30;12.0;"Y"
"420018";"PRISMA HEALTH RICHLAND HOSPITAL";"SC";"MORT_30_AMI";"Death rate for heart attack patients";342;12.0;"Y"
"420019";"MUSC HEALTH CHESTER MEDICAL CENTER";"SC";"MORT_30_PN";"Death rate for pneumonia patients";45;17.0;"Y"
"420020";"TIDELANDS GEORGETOWN MEMORIAL HOSPITAL";"SC";"MORT_30_AMI";"Death rate for heart attack patients";113;13.0;"Y"
"420023";"ST FRANCIS-DOWNTOWN";"SC";"MORT_30_AMI";"Death rate for heart attack patients";179;12.0;"Y"
"420026";"MUSC HEALTH COLUMBIA MEDICAL CENTER DOWNTOWN";"SC";"MORT_30_AMI";"Death rate for heart attack patients";262;13.0;"Y"
"420027";"ANMED HEALTH";"SC";"MORT_30_AMI";"Death rate for heart attack patients";148;12.0;"Y"
"420030";"COLLETON MEDICAL CENTER";"SC";"MORT_30_COPD";"Death rate for COPD patients";30;10.0;"Y"
"420033";"PRISMA HEALTH GREER MEMORIAL HOSPITAL";"SC";"MORT_30_COPD";"Death rate for COPD patients";47;10.0;"Y"
"420036";"MUSC HEALTH LANCASTER MEDICAL CENTER";"SC";"MORT_30_AMI";"Death rate for heart attack patients";42;13.0;"Y"
"420037";"PRISMA HEALTH HILLCREST HOSPITAL";"SC";"MORT_30_COPD";"Death rate for COPD patients";38;7.0;"Y"
"420038";"PRISMA HEALTH LAURENS COUNTY HOSPITAL";"SC";"MORT_30_COPD";"Death rate for COPD patients";42;10.0;"Y"
"420043";"CHEROKEE MEDICAL CENTER";"SC";"MORT_30_COPD";"Death rate for COPD patients";31;10.0;"Y"
"420048";"KERSHAWHEALTH";"SC";"MORT_30_COPD";"Death rate for COPD patients";59;9.0;"Y"
"420049";"CONWAY MEDICAL CENTER";"SC";"MORT_30_AMI";"Death rate for heart attack patients";93;14.0;"Y"
"420051";"MCLEOD REGIONAL MEDICAL CENTER-PEE DEE";"SC";"MORT_30_AMI";"Death rate for heart attack patients";388;13.0;"Y"
"420053";"NEWBERRY COUNTY MEMORIAL HOSPITAL";"SC";"MORT_30_HF";"Death rate for heart failure patients";51;15.0;"Y"
"420055";"MUSC HEALTH MARION MEDICAL CENTER";"SC";"MORT_30_COPD";"Death rate for COPD patients";28;10.0;"Y"
"420065";"BON SECOURS-ST FRANCIS XAVIER HOSPITAL";"SC";"MORT_30_COPD";"Death rate for COPD patients";85;10.0;"Y"
"420067";"BEAUFORT COUNTY MEMORIAL HOSPITAL";"SC";"MORT_30_AMI";"Death rate for heart attack patients";88;14.0;"Y"
"420070";"PRISMA HEALTH TUOMEY HOSPITAL";"SC";"MORT_30_AMI";"Death rate for heart attack patients";66;14.0;"Y"
"420071";"SELF REGIONAL HEALTHCARE";"SC";"MORT_30_AMI";"Death rate for heart attack patients";200;12.0;"Y"
"420072";"HAMPTON REGIONAL MEDICAL CENTER";"SC";"MORT_30_PN";"Death rate for pneumonia patients";57;17.0;"Y"
"420073";"LEXINGTON MEDICAL CENTER";"SC";"MORT_30_AMI";"Death rate for heart attack patients";337;11.0;"Y"
"420078";"PRISMA HEALTH GREENVILLE MEMORIAL HOSPITAL";"SC";"MORT_30_AMI";"Death rate for heart attack patients";398;12.0;"Y"
"420079";"TRIDENT MEDICAL CENTER";"SC";"MORT_30_AMI";"Death rate for heart attack patients";379;11.0;"Y"
"420080";"HILTON HEAD REGIONAL MEDICAL CENTER";"SC";"MORT_30_AMI";"Death rate for heart attack patients";212;13.0;"Y"
"420082";"AIKEN REGIONAL MEDICAL CENTER";"SC";"MORT_30_AMI";"Death rate for heart attack patients";74;14.0;"Y"
"420085";"GRAND STRAND REGIONAL MEDICAL CENTER";"SC";"MORT_30_AMI";"Death rate for heart attack patients";401;13.0;"Y"
"420086";"PRISMA HEALTH BAPTIST";"SC";"MORT_30_COPD";"Death rate for COPD patients";49;8.0;"Y"
"420087";"ROPER HOSPITAL";"SC";"MORT_30_AMI";"Death rate for heart attack patients";245;12.0;"Y"
"420089";"EAST COOPER MEDICAL CENTER";"SC";"MORT_30_HF";"Death rate for heart failure patients";70;10.0;"Y"
"420091";"MUSC HEALTH FLORENCE MEDICAL CENTER";"SC";"MORT_30_AMI";"Death rate for heart attack patients";162;11.0;"Y"
"420098";"TIDELANDS WACCAMAW COMMUNITY HOSPITAL";"SC";"MORT_30_AMI";"Death rate for heart attack patients";108;14.0;"N"
"420101";"COASTAL CAROLINA HOSPITAL";"SC";"MORT_30_COPD";"Death rate for COPD patients";27;9.0;"Y"
"420103";"PELHAM MEDICAL CENTER";"SC";"MORT_30_COPD";"Death rate for COPD patients";39;7.0;"Y"
"420104";"MOUNT PLEASANT HOSPITAL";"SC";"MORT_30_COPD";"Death rate for COPD patients";35;8.0;"Y"
"420105";"MCLEOD LORIS  HOSPITAL";"SC";"MORT_30_AMI";"Death rate for heart attack patients";171;15.0;"Y"
"420106";"PRISMA HEALTH BAPTIST PARKRIDGE";"SC";"MORT_30_COPD";"Death rate for COPD patients";41;8.0;"Y"
"420107";"MCLEOD HEALTH CHERAW";"SC";"MORT_30_COPD";"Death rate for COPD patients";49;8.0;"Y"
"420108";"UNION MEDICAL CENTER";"SC";"MORT_30_PN";"Death rate for pneumonia patients";31;20.0;"Y"
"420109";"MCLEOD HEALTH CLARENDON";"SC";"MORT_30_COPD";"Death rate for COPD patients";33;9.0;"Y"
"420110";"ROPER ST FRANCIS HOSPITAL-BERKELEY INC";"SC";"MORT_30_COPD";"Death rate for COPD patients";60;9.0;"Y"
"42011F";"COLUMBIA SC VA MEDICAL CENTER";"SC";"MORT_30_COPD";"Death rate for COPD patients";181;8.0;"N"
"42029F";"CHARLESTON VA MEDICAL CENTER";"SC";"MORT_30_AMI";"Death rate for heart attack patients";93;10.0;"N"
"421301";"ABBEVILLE AREA MEDICAL CENTER";"SC";"MORT_30_PN";"Death rate for pneumonia patients";45;19.0;"Y"
"430005";"PRAIRIE LAKES HEALTHCARE SYSTEM, INC";"SD";"MORT_30_AMI";"Death rate for heart attack patients";46;13.0;"Y"
"430008";"BROOKINGS HEALTH SYSTEM";"SD";"MORT_30_HF";"Death rate for heart failure patients";72;13.0;"Y"
"430012";"AVERA SACRED HEART HOSPITAL";"SD";"MORT_30_HF";"Death rate for heart failure patients";109;16.0;"Y"
"430014";"AVERA ST LUKES";"SD";"MORT_30_AMI";"Death rate for heart attack patients";103;12.0;"Y"
"430015";"AVERA ST MARY'S HOSPITAL";"SD";"MORT_30_COPD";"Death rate for COPD patients";36;9.0;"Y"
"430016";"AVERA MCKENNAN HOSPITAL & UNIVERSITY HEALTH CENTER";"SD";"MORT_30_AMI";"Death rate for heart attack patients";43;12.0;"Y"
"430027";"SANFORD USD MEDICAL CENTER";"SD";"MORT_30_AMI";"Death rate for heart attack patients";351;10.0;"Y"
"43002F";"VA BLACK HILLS HEALTHCARE SYSTEM";"SD";"MORT_30_COPD";"Death rate for COPD patients";71;8.0;"N"
"430048";"MONUMENT HEALTH SPEARFISH HOSPITAL";"SD";"MORT_30_HF";"Death rate for heart failure patients";28;11.0;"Y"
"43005F";"SIOUX FALLS VA MEDICAL CENTER";"SD";"MORT_30_COPD";"Death rate for COPD patients";67;8.0;"N"
"430077";"MONUMENT HEALTH RAPID CITY HOSPITAL";"SD";"MORT_30_AMI";"Death rate for heart attack patients";368;12.0;"Y"
"430095";"AVERA HEART HOSPITAL OF SOUTH DAKOTA";"SD";"MORT_30_AMI";"Death rate for heart attack patients";529;12.0;"Y"
"430097";"SANFORD MEDICAL CENTER ABERDEEN";"SD";"MORT_30_COPD";"Death rate for COPD patients";42;9.0;"Y"
"430098";"PINE RIDGE IHS HOSPITAL";"SD";"MORT_30_COPD";"Death rate for COPD patients";30;8.0;"Y"
"431300";"MADISON REGIONAL HEALTH SYSTEM";"SD";"MORT_30_HF";"Death rate for heart failure patients";27;12.0;"N"
"431301";"FAULKTON AREA MEDICAL CENTER";"SD";"MORT_30_PN";"Death rate for pneumonia patients";41;16.0;"Y"
"431302";"AVERA MISSOURI RIVER HEALTH CENTER";"SD";"MORT_30_PN";"Death rate for pneumonia patients";30;17.0;"Y"
"431306";"PLATTE HEALTH CENTER";"SD";"MORT_30_PN";"Death rate for pneumonia patients";47;15.0;"Y"
"431310";"AVERA FLANDREAU HOSPITAL - CAH";"SD";"MORT_30_PN";"Death rate for pneumonia patients";27;17.0;"Y"
"431311";"SANFORD HOSPITAL WEBSTER - CAH";"SD";"MORT_30_PN";"Death rate for pneumonia patients";25;19.0;"Y"
"431316";"COMMUNITY MEMORIAL HOSPITAL";"SD";"MORT_30_COPD";"Death rate for COPD patients";27;8.0;"Y"
"431319";"HANS P PETERSON MEMORIAL HOSPITAL - CAH";"SD";"MORT_30_PN";"Death rate for pneumonia patients";36;14.0;"Y"
"431321";"MONUMENT HEALTH STURGIS HOSPITAL";"SD";"MORT_30_PN";"Death rate for pneumonia patients";64;15.0;"Y"
"431322";"FALL RIVER HOSPITAL - CAH";"SD";"MORT_30_PN";"Death rate for pneumonia patients";38;16.0;"Y"
"431323";"MONUMENT HEALTH CUSTER HOSPITAL";"SD";"MORT_30_PN";"Death rate for pneumonia patients";35;13.0;"Y"
"431325";"MOBRIDGE REGIONAL HOSPITAL - CAH";"SD";"MORT_30_PN";"Death rate for pneumonia patients";31;17.0;"Y"
"431329";"SANFORD CHAMBERLAIN MEDICAL CENTER";"SD";"MORT_30_PN";"Death rate for pneumonia patients";37;20.0;"Y"
"431330";"AVERA ST BENEDICT HEALTH CENTER - CAH";"SD";"MORT_30_HF";"Death rate for heart failure patients";25;13.0;"Y"
"431333";"SANFORD CANTON-INWOOD MEDICAL CENTER - CAH";"SD";"MORT_30_PN";"Death rate for pneumonia patients";25;17.0;"Y"
"431334";"WINNER REGIONAL HEALTHCARE CENTER - CAH";"SD";"MORT_30_PN";"Death rate for pneumonia patients";41;16.0;"Y"
"431335";"HURON REGIONAL MEDICAL CENTER";"SD";"MORT_30_COPD";"Death rate for COPD patients";41;10.0;"Y"
"431336";"SANFORD VERMILLION HOSPITAL";"SD";"MORT_30_PN";"Death rate for pneumonia patients";29;20.0;"Y"
"431337";"AVERA HAND COUNTY MEMORIAL HOSPITAL AND CLINIC";"SD";"MORT_30_PN";"Death rate for pneumonia patients";30;21.0;"Y"
"431338";"AVERA GREGORY HOSPITAL";"SD";"MORT_30_PN";"Death rate for pneumonia patients";51;15.0;"Y"
"431339";"COTEAU DES PRAIRIES HEALTH CARE SYSTEM";"SD";"MORT_30_HF";"Death rate for heart failure patients";32;16.0;"Y"
"431340";"AVERA QUEEN OF PEACE";"SD";"MORT_30_COPD";"Death rate for COPD patients";36;11.0;"Y"
"440002";"JACKSON-MADISON COUNTY GENERAL HOSPITAL";"TN";"MORT_30_AMI";"Death rate for heart attack patients";634;13.0;"Y"
"440003";"HIGHPOINT HEALTH-SUMNER WITH ASCENSION SAINT THOMA";"TN";"MORT_30_AMI";"Death rate for heart attack patients";62;14.0;"Y"
"440006";"TRISTAR SKYLINE MEDICAL CENTER";"TN";"MORT_30_AMI";"Death rate for heart attack patients";79;13.0;"Y"
"440007";"UNITY MEDICAL CENTER";"TN";"MORT_30_COPD";"Death rate for COPD patients";42;11.0;"Y"
"440009";"CUMBERLAND MEDICAL CENTER";"TN";"MORT_30_AMI";"Death rate for heart attack patients";65;12.0;"Y"
"440011";"BLOUNT MEMORIAL HOSPITAL";"TN";"MORT_30_AMI";"Death rate for heart attack patients";108;12.0;"Y"
"440012";"WELLMONT BRISTOL REGIONAL MEDICAL CENTER";"TN";"MORT_30_AMI";"Death rate for heart attack patients";174;14.0;"Y"
"440015";"UNIVERSITY HEALTH SYSTEM, INC";"TN";"MORT_30_AMI";"Death rate for heart attack patients";181;12.0;"Y"
"440016";"BAPTIST MEMORIAL HOSPITAL - CARROLL COUNTY";"TN";"MORT_30_HF";"Death rate for heart failure patients";71;12.0;"Y"
"440017";"WELLMONT HOLSTON VALLEY MEDICAL CENTER";"TN";"MORT_30_AMI";"Death rate for heart attack patients";200;12.0;"Y"
"440018";"SYCAMORE SHOALS HOSPITAL";"TN";"MORT_30_COPD";"Death rate for COPD patients";32;10.0;"Y"
"440020";"SOUTHERN TENNESSEE REGIONAL HEALTH SYSTEM PULASKI";"TN";"MORT_30_HF";"Death rate for heart failure patients";50;13.0;"Y"
"440029";"WILLIAMSON MEDICAL CENTER";"TN";"MORT_30_AMI";"Death rate for heart attack patients";137;11.0;"Y"
"440030";"MORRISTOWN HAMBLEN HOSPITAL ASSOCIATION";"TN";"MORT_30_AMI";"Death rate for heart attack patients";55;14.0;"Y"
"440031";"ROANE MEDICAL CENTER";"TN";"MORT_30_COPD";"Death rate for COPD patients";56;10.0;"Y"
"440032";"HAWKINS COUNTY MEMORIAL HOSPITAL";"TN";"MORT_30_PN";"Death rate for pneumonia patients";27;16.0;"Y"
"440033";"LAFOLLETTE MEDICAL CENTER";"TN";"MORT_30_PN";"Death rate for pneumonia patients";118;19.0;"Y"
"440034";"METHODIST MEDICAL CENTER OF OAK RIDGE";"TN";"MORT_30_AMI";"Death rate for heart attack patients";128;12.0;"Y"
"440035";"TENNOVA HEALTHCARE-CLARKSVILLE";"TN";"MORT_30_AMI";"Death rate for heart attack patients";184;16.0;"Y"
"440039";"VANDERBILT UNIVERSITY MEDICAL CENTER";"TN";"MORT_30_AMI";"Death rate for heart attack patients";227;13.0;"Y"
"440046";"TRISTAR HORIZON MEDICAL CENTER";"TN";"MORT_30_AMI";"Death rate for heart attack patients";101;12.0;"Y"
"440048";"BAPTIST MEMORIAL HOSPITAL";"TN";"MORT_30_AMI";"Death rate for heart attack patients";267;13.0;"Y"
"440049";"METHODIST HOSPITALS OF MEMPHIS";"TN";"MORT_30_AMI";"Death rate for heart attack patients";295;11.0;"Y"
"440050";"GREENEVILLE COMMUNITY HOSPITAL";"TN";"MORT_30_AMI";"Death rate for heart attack patients";29;12.0;"Y"
"440053";"SAINT THOMAS RUTHERFORD HOSPITAL";"TN";"MORT_30_AMI";"Death rate for heart attack patients";260;11.0;"N"
"440056";"TENNOVA HEALTHCARE-JEFFERSON MEMORIAL HOSPITAL";"TN";"MORT_30_COPD";"Death rate for COPD patients";26;8.0;"Y"
"440057";"CLAIBORNE MEDICAL CENTER";"TN";"MORT_30_PN";"Death rate for pneumonia patients";60;22.0;"Y"
"440058";"SOUTHERN TENNESSEE REGIONAL HEALTH SYSTEM WINCHEST";"TN";"MORT_30_AMI";"Death rate for heart attack patients";64;12.0;"Y"
"440059";"COOKEVILLE REGIONAL MEDICAL CENTER";"TN";"MORT_30_AMI";"Death rate for heart attack patients";339;12.0;"Y"
"440060";"WEST TENNESSEE HEALTHCARE MILAN HOSPITAL";"TN";"MORT_30_PN";"Death rate for pneumonia patients";46;16.0;"Y"
"440061";"VOLUNTEER COMMUNITY HOSPITAL";"TN";"MORT_30_COPD";"Death rate for COPD patients";40;9.0;"Y"
"440063";"JOHNSON CITY MEDICAL CENTER";"TN";"MORT_30_AMI";"Death rate for heart attack patients";317;14.0;"Y"
"440065";"TRISTAR NORTHCREST MEDICAL CENTER";"TN";"MORT_30_AMI";"Death rate for heart attack patients";42;13.0;"Y"
"440068";"STARR REGIONAL MEDICAL CENTER ATHENS";"TN";"MORT_30_COPD";"Death rate for COPD patients";33;10.0;"Y"
"440072";"DYERSBURG REGIONAL MEDICAL CENTER";"TN";"MORT_30_COPD";"Death rate for COPD patients";82;8.0;"Y"
"440073";"MAURY REGIONAL HOSPITAL";"TN";"MORT_30_AMI";"Death rate for heart attack patients";163;12.0;"Y"
"440081";"LECONTE MEDICAL CENTER";"TN";"MORT_30_COPD";"Death rate for COPD patients";58;9.0;"Y"
"440082";"ASCENSION SAINT THOMAS HOSPITAL";"TN";"MORT_30_AMI";"Death rate for heart attack patients";587;13.0;"N"
"440084";"SWEETWATER HOSPITAL ASSOCIATION";"TN";"MORT_30_COPD";"Death rate for COPD patients";60;11.0;"Y"
"440091";"MEMORIAL HEALTHCARE SYSTEM, INC";"TN";"MORT_30_AMI";"Death rate for heart attack patients";426;12.0;"Y"
"440102";"LINCOLN MEDICAL CENTER";"TN";"MORT_30_HF";"Death rate for heart failure patients";30;14.0;"Y"
"440104";"ERLANGER MEDICAL CENTER";"TN";"MORT_30_AMI";"Death rate for heart attack patients";185;13.0;"Y"
"440109";"HARDIN MEDICAL CENTER";"TN";"MORT_30_COPD";"Death rate for COPD patients";34;12.0;"Y"
"440110";"FORT LOUDOUN MEDICAL CENTER";"TN";"MORT_30_COPD";"Death rate for COPD patients";49;8.0;"Y"
"440120";"PHYSICIANS REGIONAL MEDICAL CENTER";"TN";"MORT_30_AMI";"Death rate for heart attack patients";289;14.0;"Y"
"440125";"FORT SANDERS REGIONAL MEDICAL CENTER";"TN";"MORT_30_AMI";"Death rate for heart attack patients";122;14.0;"Y"
"440130";"BAPTIST MEMORIAL HOSPITAL UNION CITY";"TN";"MORT_30_COPD";"Death rate for COPD patients";36;9.0;"Y"
"440131";"BAPTIST MEMORIAL HOSPITAL TIPTON";"TN";"MORT_30_COPD";"Death rate for COPD patients";48;8.0;"Y"
"440132";"WEST TENNESSEE HEALTHCARE HENRY COUNTY HOSPITAL";"TN";"MORT_30_COPD";"Death rate for COPD patients";83;8.0;"Y"
"440137";"VANDERBILT BEDFORD HOSPITAL";"TN";"MORT_30_COPD";"Death rate for COPD patients";27;12.0;"Y"
"44013F";"MEMPHIS VA MEDICAL CENTER";"TN";"MORT_30_AMI";"Death rate for heart attack patients";86;12.0;"N"
"440144";"VANDERBILT TULLAHOMA-HARTON HOSPITAL";"TN";"MORT_30_AMI";"Death rate for heart attack patients";69;13.0;"Y"
"440148";"DEKALB COMMUNITY HOSPITAL";"TN";"MORT_30_PN";"Death rate for pneumonia patients";38;15.0;"N"
"440150";"TRISTAR SUMMIT MEDICAL CENTER";"TN";"MORT_30_AMI";"Death rate for heart attack patients";105;11.0;"Y"
"440151";"SAINT THOMAS RIVER PARK HOSPITAL";"TN";"MORT_30_COPD";"Death rate for COPD patients";39;9.0;"N"
"440152";"REGIONAL ONE HEALTH";"TN";"PSI_04";"Death rate among surgical inpatients with serious treatable complications";58;208.0;"Y"
"440153";"TENNOVA HEALTHCARE - NEWPORT MEDICAL CENTER";"TN";"MORT_30_HF";"Death rate for heart failure patients";60;13.0;"Y"
"440156";"PARKRIDGE MEDICAL CENTER";"TN";"MORT_30_AMI";"Death rate for heart attack patients";184;12.0;"Y"
"440161";"TRISTAR CENTENNIAL MEDICAL CENTER";"TN";"MORT_30_AMI";"Death rate for heart attack patients";215;12.0;"Y"
"44016F";"MOUNTAIN HOME VA MEDICAL CENTER";"TN";"MORT_30_AMI";"Death rate for heart attack patients";152;12.0;"N"
"440173";"PARKWEST MEDICAL CENTER";"TN";"MORT_30_AMI";"Death rate for heart attack patients";280;12.0;"Y"
"440175";"SOUTHERN TENNESSEE REGIONAL HEALTH SYSTEM LAWRENCE";"TN";"MORT_30_COPD";"Death rate for COPD patients";40;9.0;"Y"
"440176";"INDIAN PATH COMMUNITY HOSPITAL";"TN";"MORT_30_PN";"Death rate for pneumonia patients";82;15.0;"Y"
"44017F";"VA MIDDLE TENNESSEE HEALTHCARE SYSTEM - MURFREESBORO";"TN";"MORT_30_COPD";"Death rate for COPD patients";76;7.0;"N"
"440183";"ST FRANCIS HOSPITAL";"TN";"MORT_30_AMI";"Death rate for heart attack patients";68;13.0;"Y"
"440184";"FRANKLIN WOODS COMMUNITY HOSPITAL";"TN";"MORT_30_COPD";"Death rate for COPD patients";29;11.0;"Y"
"440185";"AFFILIATE OF VITRUVIAN HEALTH";"TN";"MORT_30_AMI";"Death rate for heart attack patients";149;14.0;"Y"
"440187";"LIVINGSTON REGIONAL HOSPITAL";"TN";"MORT_30_COPD";"Death rate for COPD patients";27;11.0;"Y"
"44018F";"VA MIDDLE TENNESSEE HEALTHCARE SYSTEM";"TN";"MORT_30_AMI";"Death rate for heart attack patients";137;12.0;"N"
"440192";"SAINT THOMAS HIGHLANDS HOSPITAL";"TN";"MORT_30_PN";"Death rate for pneumonia patients";50;16.0;"N"
"440193";"VANDERBILT WILSON COUNTY HOSPITAL";"TN";"MORT_30_AMI";"Death rate for heart attack patients";66;11.0;"Y"
"440194";"TRISTAR HENDERSONVILLE MEDICAL CENTER";"TN";"MORT_30_AMI";"Death rate for heart attack patients";104;13.0;"Y"
"440197";"TRISTAR SOUTHERN HILLS MEDICAL CENTER";"TN";"MORT_30_AMI";"Death rate for heart attack patients";32;11.0;"Y"
"440200";"STONES RIVER HOSPITAL";"TN";"MORT_30_PN";"Death rate for pneumonia patients";31;17.0;"N"
"440227";"TRISTAR STONECREST MEDICAL CENTER";"TN";"MORT_30_AMI";"Death rate for heart attack patients";46;13.0;"Y"
"440228";"SAINT FRANCIS BARTLETT MEDICAL CENTER";"TN";"MORT_30_AMI";"Death rate for heart attack patients";148;16.0;"Y"
"441303";"ASCENSION SAINT THOMAS THREE RIVERS";"TN";"MORT_30_PN";"Death rate for pneumonia patients";68;25.0;"N"
"441305";"MACON COMMUNITY HOSPITAL";"TN";"MORT_30_COPD";"Death rate for COPD patients";33;10.0;"Y"
"441306";"ERLANGER BLEDSOE HOSPITAL";"TN";"MORT_30_PN";"Death rate for pneumonia patients";45;14.0;"Y"
"441307";"HIGHPOINT HEALTH-RIVERVIEW WITH ASCENSION SAINT TH";"TN";"MORT_30_COPD";"Death rate for COPD patients";39;10.0;"Y"
"441309";"MARSHALL MEDICAL CENTER";"TN";"MORT_30_PN";"Death rate for pneumonia patients";27;14.0;"Y"
"441310";"RHEA MEDICAL CENTER";"TN";"MORT_30_COPD";"Death rate for COPD patients";29;12.0;"N"
"441316";"WEST TENNESSEE HEALTHCARE CAMDEN HOSPITAL";"TN";"MORT_30_PN";"Death rate for pneumonia patients";31;16.0;"Y"
"450002";"THE HOSPITALS OF PROVIDENCE - MEMORIAL CAMPUS";"TX";"MORT_30_AMI";"Death rate for heart attack patients";32;12.0;"Y"
"450007";"PETERSON REGIONAL MEDICAL CENTER";"TX";"MORT_30_AMI";"Death rate for heart attack patients";148;12.0;"Y"
"450010";"UNITED REGIONAL HEALTH CARE SYSTEM";"TX";"MORT_30_AMI";"Death rate for heart attack patients";279;13.0;"Y"
"450011";"CHI ST JOSEPH HEALTH REGIONAL HOSPITAL";"TX";"MORT_30_AMI";"Death rate for heart attack patients";155;15.0;"Y"
"450015";"PARKLAND HEALTH & HOSPITAL SYSTEM";"TX";"MORT_30_AMI";"Death rate for heart attack patients";37;13.0;"Y"
"450018";"UNIVERSITY OF TEXAS MEDICAL BRANCH GALVESTON";"TX";"MORT_30_AMI";"Death rate for heart attack patients";250;11.0;"Y"
"450021";"BAYLOR UNIVERSITY MEDICAL CENTER";"TX";"MORT_30_AMI";"Death rate for heart attack patients";28;13.0;"Y"
"450023";"CITIZENS MEDICAL CENTER";"TX";"MORT_30_AMI";"Death rate for heart attack patients";136;13.0;"Y"
"450024";"UNIVERSITY MEDICAL CENTER OF EL PASO";"TX";"MORT_30_AMI";"Death rate for heart attack patients";40;12.0;"Y"
"450028";"VALLEY BAPTIST MEDICAL CENTER- BROWNSVILLE";"TX";"MORT_30_AMI";"Death rate for heart attack patients";66;11.0;"Y"
"450029";"LAREDO MEDICAL CENTER";"TX";"MORT_30_AMI";"Death rate for heart attack patients";84;15.0;"Y"
"450032";"CHRISTUS GOOD SHEPHERD MEDICAL CENTER";"TX";"MORT_30_AMI";"Death rate for heart attack patients";216;11.0;"Y"
"450033";"VHS HARLINGEN HOSPITAL COMPANY LLC";"TX";"MORT_30_AMI";"Death rate for heart attack patients";107;12.0;"Y"
"450034";"CHRISTUS SOUTHEAST TEXAS- ST ELIZABETH";"TX";"MORT_30_AMI";"Death rate for heart attack patients";198;11.0;"Y"
"450035";"ST JOSEPH MEDICAL CENTER";"TX";"MORT_30_HF";"Death rate for heart failure patients";29;11.0;"Y"
"450039";"JPS HEALTH NETWORK";"TX";"MORT_30_COPD";"Death rate for COPD patients";50;8.0;"Y"
"450040";"COVENANT MEDICAL CENTER";"TX";"MORT_30_AMI";"Death rate for heart attack patients";223;13.0;"Y"
"450042";"ASCENSION PROVIDENCE";"TX";"MORT_30_AMI";"Death rate for heart attack patients";185;14.0;"N"
"450044";"UT OF TEXAS  SOUTHWESTERN UNIVERSITY HOSPITAL - WILLIAM P. CLEMENTS JR.";"TX";"MORT_30_AMI";"Death rate for heart attack patients";129;11.0;"Y"
"450046";"CHRISTUS SPOHN HOSPITAL CORPUS CHRISTI";"TX";"MORT_30_AMI";"Death rate for heart attack patients";259;13.0;"Y"
"450051";"METHODIST DALLAS MEDICAL CENTER";"TX";"MORT_30_AMI";"Death rate for heart attack patients";50;13.0;"Y"
"450054";"BAYLOR SCOTT & WHITE MEDICAL CENTER - TEMPLE";"TX";"MORT_30_AMI";"Death rate for heart attack patients";164;10.0;"Y"
"450055";"ROLLING PLAINS MEMORIAL HOSPITAL";"TX";"MORT_30_PN";"Death rate for pneumonia patients";74;17.0;"Y"
"450056";"ASCENSION SETON MEDICAL CENTER AUSTIN";"TX";"MORT_30_AMI";"Death rate for heart attack patients";99;12.0;"N"
"450058";"BAPTIST MEDICAL CENTER";"TX";"MORT_30_AMI";"Death rate for heart attack patients";346;14.0;"Y"
"450064";"TEXAS HEALTH ARLINGTON MEMORIAL HOSPITAL";"TX";"MORT_30_COPD";"Death rate for COPD patients";85;11.0;"Y"
"450068";"MEMORIAL HERMANN - TEXAS MEDICAL CENTER";"TX";"MORT_30_AMI";"Death rate for heart attack patients";170;12.0;"Y"
"450072";"CHI ST LUKE'S HEALTH BRAZOSPORT";"TX";"MORT_30_AMI";"Death rate for heart attack patients";51;11.0;"Y"
"450079";"BAYLOR SCOTT & WHITE MEDICAL CENTER AT IRVING";"TX";"MORT_30_AMI";"Death rate for heart attack patients";72;12.0;"Y"
"450080";"TITUS REGIONAL MEDICAL CENTER";"TX";"MORT_30_AMI";"Death rate for heart attack patients";65;11.0;"Y"
"450082";"CHRISTUS SPOHN HOSPITAL BEEVILLE";"TX";"MORT_30_HF";"Death rate for heart failure patients";42;11.0;"Y"
"450083";"UT HEALTH EAST TEXAS TYLER REGIONAL HOSPITAL";"TX";"MORT_30_AMI";"Death rate for heart attack patients";335;13.0;"Y"
"450087";"MEDICAL CITY NORTH HILLS";"TX";"MORT_30_AMI";"Death rate for heart attack patients";70;12.0;"Y"
"450090";"NORTH TEXAS MEDICAL CENTER";"TX";"MORT_30_COPD";"Death rate for COPD patients";46;8.0;"Y"
"450092";"FORT DUNCAN MEDICAL CENTER";"TX";"MORT_30_HF";"Death rate for heart failure patients";49;11.0;"Y"
"450097";"HCA HOUSTON HEALTHCARE SOUTHEAST";"TX";"MORT_30_AMI";"Death rate for heart attack patients";46;13.0;"Y"
"450101";"BAYLOR SCOTT & WHITE MEDICAL CENTER HILLCREST";"TX";"MORT_30_AMI";"Death rate for heart attack patients";125;12.0;"Y"
"450102";"CHRISTUS MOTHER FRANCES HOSPITAL";"TX";"MORT_30_AMI";"Death rate for heart attack patients";417;13.0;"Y"
"450104";"GUADALUPE REGIONAL MEDICAL CENTER";"TX";"MORT_30_AMI";"Death rate for heart attack patients";43;14.0;"Y"
"450107";"LAS PALMAS MEDICAL CENTER A CAMPUS OF LPDS HEALTHC";"TX";"MORT_30_AMI";"Death rate for heart attack patients";114;12.0;"Y"
"450108";"CONNALLY MEMORIAL MEDICAL CENTER";"TX";"MORT_30_HF";"Death rate for heart failure patients";28;13.0;"Y"
"450119";"SOUTH TEXAS HEALTH SYSTEM";"TX";"MORT_30_AMI";"Death rate for heart attack patients";146;10.0;"Y"
"450124";"DELL SETON  MED CENTER AT THE UNIVERSITY OF TX";"TX";"MORT_30_PN";"Death rate for pneumonia patients";61;13.0;"N"
"450128";"KNAPP MEDICAL CENTER";"TX";"MORT_30_HF";"Death rate for heart failure patients";80;9.0;"Y"
"450132";"MEDICAL CENTER HOSPITAL";"TX";"MORT_30_AMI";"Death rate for heart attack patients";154;12.0;"N"
"450133";"MIDLAND MEMORIAL HOSPITAL";"TX";"MORT_30_AMI";"Death rate for heart attack patients";131;17.0;"Y"
"450135";"TEXAS HEALTH HARRIS METHODIST HOSPITAL FORT WORTH";"TX";"MORT_30_AMI";"Death rate for heart attack patients";267;13.0;"Y"
"450137";"BAYLOR SCOTT AND WHITE ALL SAINTS MEDICAL CENTER";"TX";"MORT_30_AMI";"Death rate for heart attack patients";65;13.0;"Y"
"450144";"PERMIAN REGIONAL MEDICAL CENTER ANDREWS COUNTY HO";"TX";"MORT_30_PN";"Death rate for pneumonia patients";35;20.0;"Y"
"450147";"DE TAR HOSPITAL NAVARRO";"TX";"MORT_30_AMI";"Death rate for heart attack patients";161;14.0;"Y"
"450148";"TEXAS HEALTH HARRIS METHODIST HOSPITAL CLEBURNE";"TX";"MORT_30_COPD";"Death rate for COPD patients";50;7.0;"Y"
"450152";"ADVENTHEALTH CENTRAL TEXAS";"TX";"MORT_30_AMI";"Death rate for heart attack patients";98;12.0;"Y"
"450154";"VAL VERDE REGIONAL MEDICAL CENTER";"TX";"MORT_30_AMI";"Death rate for heart attack patients";39;14.0;"Y"
"450155";"HEREFORD REGIONAL MEDICAL CENTER";"TX";"MORT_30_PN";"Death rate for pneumonia patients";34;21.0;"Y"
"450163";"CHRISTUS SPOHN HOSPITAL KLEBERG";"TX";"MORT_30_AMI";"Death rate for heart attack patients";30;13.0;"Y"
"450165";"METHODIST HOSPITAL ATASCOSA";"TX";"MORT_30_HF";"Death rate for heart failure patients";47;12.0;"Y"
"450176";"MISSION REGIONAL MEDICAL CENTER";"TX";"MORT_30_AMI";"Death rate for heart attack patients";54;12.0;"Y"
"450184";"MEMORIAL HERMANN HOSPITAL SYSTEM";"TX";"MORT_30_AMI";"Death rate for heart attack patients";380;15.0;"Y"
"450193";"Baylor St Lukes Medical Center";"TX";"MORT_30_AMI";"Death rate for heart attack patients";112;11.0;"Y"
"450194";"UT HEALTH EAST TEXAS JACKSONVILLE HOSPITAL";"TX";"MORT_30_PN";"Death rate for pneumonia patients";51;17.0;"Y"
"450196";"PARIS REGIONAL MEDICAL CENTER";"TX";"MORT_30_AMI";"Death rate for heart attack patients";206;13.0;"Y"
"450203";"MEDICAL CITY WEATHERFORD";"TX";"MORT_30_AMI";"Death rate for heart attack patients";118;13.0;"Y"
"450209";"NORTHWEST TEXAS HOSPITAL";"TX";"MORT_30_AMI";"Death rate for heart attack patients";268;12.0;"Y"
"450210";"UT HEALTH EAST TEXAS CARTHAGE HOSPITAL";"TX";"MORT_30_HF";"Death rate for heart failure patients";35;12.0;"Y"
"450211";"CHI ST LUKES HEALTH MEMORIAL LUFKIN";"TX";"MORT_30_AMI";"Death rate for heart attack patients";132;12.0;"Y"
"450213";"UNIVERSITY HEALTH SYSTEM";"TX";"MORT_30_AMI";"Death rate for heart attack patients";73;13.0;"Y"
"450222";"HCA HOUSTON HEALTHCARE CONROE";"TX";"MORT_30_AMI";"Death rate for heart attack patients";120;12.0;"Y"
"450229";"HENDRICK MEDICAL CENTER";"TX";"MORT_30_AMI";"Death rate for heart attack patients";386;13.0;"Y"
"450231";"BSA HOSPITAL";"TX";"MORT_30_AMI";"Death rate for heart attack patients";323;13.0;"Y"
"450235";"MEMORIAL HOSPITAL";"TX";"MORT_30_PN";"Death rate for pneumonia patients";55;17.0;"Y"
"450236";"CHRISTUS MOTHER FRANCES HOSPITAL SULPHUR SPRINGS";"TX";"MORT_30_AMI";"Death rate for heart attack patients";101;11.0;"Y"
"450237";"CHRISTUS SANTA ROSA MEDICAL CENTER";"TX";"MORT_30_AMI";"Death rate for heart attack patients";462;14.0;"Y"
"450241";"FAITH COMMUNITY HOSPITAL";"TX";"MORT_30_PN";"Death rate for pneumonia patients";37;19.0;"N"
"450272";"CHRISTUS SANTA ROSA HOSPITAL-SAN MARCOS";"TX";"MORT_30_AMI";"Death rate for heart attack patients";52;12.0;"Y"
"450289";"HARRIS HEALTH";"TX";"MORT_30_COPD";"Death rate for COPD patients";25;9.0;"Y"
"450292";"TEXAS HEALTH PRESBYTERIAN HOSPITAL KAUFMAN";"TX";"MORT_30_PN";"Death rate for pneumonia patients";46;16.0;"Y"
"450324";"TEXOMA MEDICAL CENTER";"TX";"MORT_30_AMI";"Death rate for heart attack patients";319;12.0;"Y"
"450330";"OAKBEND MEDICAL CENTER";"TX";"MORT_30_COPD";"Death rate for COPD patients";28;10.0;"Y"
"450346";"BAPTIST BEAUMONT HOSPITAL";"TX";"MORT_30_AMI";"Death rate for heart attack patients";115;14.0;"Y"
"450347";"HUNTSVILLE MEMORIAL HOSPITAL";"TX";"MORT_30_COPD";"Death rate for COPD patients";73;8.0;"Y"
"450351";"TEXAS HEALTH HARRIS METHODIST HOSPITAL STEPHENVILL";"TX";"MORT_30_HF";"Death rate for heart failure patients";48;15.0;"Y"
"450352";"HUNT REGIONAL MEDICAL CENTER";"TX";"MORT_30_AMI";"Death rate for heart attack patients";133;13.0;"Y"
"450358";"HOUSTON METHODIST HOSPITAL";"TX";"MORT_30_AMI";"Death rate for heart attack patients";209;12.0;"Y"
"450369";"CHILDRESS REGIONAL MEDICAL CENTER";"TX";"MORT_30_PN";"Death rate for pneumonia patients";54;15.0;"Y"
"450370";"COLUMBUS COMMUNITY HOSPITAL";"TX";"MORT_30_HF";"Death rate for heart failure patients";53;13.0;"N"
"450372";"BAYLOR SCOTT & WHITE MEDICAL CENTER- WAXAHACHIE";"TX";"MORT_30_AMI";"Death rate for heart attack patients";58;11.0;"Y"
"450379";"DALLAS MEDICAL CENTER";"TX";"MORT_30_HF";"Death rate for heart failure patients";26;12.0;"Y"
"450388";"METHODIST HOSPITAL";"TX";"MORT_30_AMI";"Death rate for heart attack patients";773;11.0;"Y"
"450389";"UT HEALTH EAST TEXAS ATHENS HOSPITAL";"TX";"MORT_30_AMI";"Death rate for heart attack patients";43;13.0;"Y"
"450395";"CHI ST LUKES HEALTH MEMORIAL LIVINGSTON";"TX";"MORT_30_HF";"Death rate for heart failure patients";50;13.0;"Y"
"450399";"BROWNFIELD REGIONAL MEDICAL CENTER";"TX";"MORT_30_PN";"Death rate for pneumonia patients";26;18.0;"Y"
"450400";"PARKVIEW REGIONAL HOSPITAL";"TX";"MORT_30_PN";"Death rate for pneumonia patients";68;15.0;"Y"
"450403";"MEDICAL CENTER OF MCKINNEY";"TX";"MORT_30_AMI";"Death rate for heart attack patients";91;15.0;"Y"
"450411";"EASTLAND MEMORIAL HOSPITAL";"TX";"MORT_30_PN";"Death rate for pneumonia patients";51;13.0;"Y"
"450419";"TEXAS HEALTH HARRIS METHODIST HOSPITAL AZLE";"TX";"MORT_30_COPD";"Death rate for COPD patients";25;9.0;"Y"
"450424";"HOUSTON METHODIST BAYTOWN HOSPITAL";"TX";"MORT_30_AMI";"Death rate for heart attack patients";115;11.0;"Y"
"450431";"ST DAVID'S MEDICAL CENTER";"TX";"MORT_30_AMI";"Death rate for heart attack patients";225;11.0;"Y"
"450447";"NAVARRO REGIONAL HOSPITAL";"TX";"MORT_30_COPD";"Death rate for COPD patients";29;9.0;"Y"
"450451";"GLEN ROSE MEDICAL CENTER";"TX";"MORT_30_PN";"Death rate for pneumonia patients";45;18.0;"Y"
"450460";"TYLER COUNTY HOSPITAL";"TX";"MORT_30_PN";"Death rate for pneumonia patients";47;16.0;"N"
"450462";"TEXAS HEALTH PRESBYTERIAN HOSPITAL DALLAS";"TX";"MORT_30_AMI";"Death rate for heart attack patients";185;12.0;"Y"
"450465";"MATAGORDA REGIONAL MEDICAL CENTER";"TX";"MORT_30_COPD";"Death rate for COPD patients";31;8.0;"Y"
"450469";"WILSON N JONES REGIONAL MEDICAL CENTER";"TX";"MORT_30_AMI";"Death rate for heart attack patients";33;13.0;"N"
"450475";"UT HEALTH EAST TEXAS HENDERSON HOSPITAL";"TX";"MORT_30_HF";"Death rate for heart failure patients";34;10.0;"Y"
"450484";"WOODLAND HEIGHTS MEDICAL CENTER";"TX";"MORT_30_AMI";"Death rate for heart attack patients";98;12.0;"Y"
"450489";"MEDICAL ARTS HOSPITAL";"TX";"MORT_30_PN";"Death rate for pneumonia patients";26;17.0;"Y"
"450498";"STEPHENS MEMORIAL HOSPITAL";"TX";"MORT_30_PN";"Death rate for pneumonia patients";29;15.0;"N"
"450508";"NACOGDOCHES MEMORIAL HOSPITAL";"TX";"MORT_30_AMI";"Death rate for heart attack patients";30;12.0;"N"
"450518";"THE MEDICAL CENTER OF SOUTHEAST TEXAS";"TX";"MORT_30_AMI";"Death rate for heart attack patients";64;12.0;"Y"
"450537";"METHODIST RICHARDSON MEDICAL CENTER";"TX";"MORT_30_AMI";"Death rate for heart attack patients";154;14.0;"Y"
"450539";"COVENANT HOSPITAL PLAINVIEW";"TX";"MORT_30_HF";"Death rate for heart failure patients";27;11.0;"Y"
"450563";"BAYLOR SCOTT & WHITE MEDICAL CENTER  GRAPEVINE";"TX";"MORT_30_AMI";"Death rate for heart attack patients";133;11.0;"Y"
"450565";"PALO PINTO GENERAL HOSPITAL";"TX";"MORT_30_COPD";"Death rate for COPD patients";34;11.0;"Y"
"450571";"SHANNON MEDICAL CENTER";"TX";"MORT_30_AMI";"Death rate for heart attack patients";152;13.0;"Y"
"450573";"CHRISTUS JASPER MEMORIAL HOSPITAL";"TX";"MORT_30_COPD";"Death rate for COPD patients";27;10.0;"Y"
"450584";"WILBARGER GENERAL HOSPITAL";"TX";"MORT_30_PN";"Death rate for pneumonia patients";52;20.0;"Y"
"450587";"HENDRICK MEDICAL CENTER BROWNWOOD";"TX";"MORT_30_AMI";"Death rate for heart attack patients";75;14.0;"Y"
"450596";"LAKE GRANBURY MEDICAL CENTER";"TX";"MORT_30_AMI";"Death rate for heart attack patients";31;12.0;"Y"
"450597";"CUERO REGIONAL HOSPITAL";"TX";"MORT_30_HF";"Death rate for heart failure patients";32;12.0;"Y"
"450604";"HILL COUNTRY MEMORIAL HOSPITAL";"TX";"MORT_30_COPD";"Death rate for COPD patients";29;10.0;"Y"
"45060F";"VA AMARILLO HEALTHCARE SYSTEM";"TX";"MORT_30_COPD";"Death rate for COPD patients";167;8.0;"N"
"450610";"MEMORIAL HERMANN MEMORIAL CITY HOSPITAL";"TX";"MORT_30_AMI";"Death rate for heart attack patients";117;14.0;"Y"
"450617";"HCA HOUSTON HEALTHCARE CLEAR LAKE";"TX";"MORT_30_AMI";"Death rate for heart attack patients";193;11.0;"Y"
"450634";"MEDICAL CITY DENTON";"TX";"MORT_30_AMI";"Death rate for heart attack patients";97;11.0;"Y"
"450638";"HCA HOUSTON HEALTHCARE NORTHWEST";"TX";"MORT_30_AMI";"Death rate for heart attack patients";29;13.0;"Y"
"450639";"TEXAS HEALTH HARRIS METHODIST HURST-EULESS-BEDFORD";"TX";"MORT_30_AMI";"Death rate for heart attack patients";102;12.0;"Y"
"450641";"NOCONA GENERAL HOSPITAL";"TX";"MORT_30_HF";"Death rate for heart failure patients";25;15.0;"N"
"450643";"DOCTORS HOSPITAL OF LAREDO";"TX";"MORT_30_AMI";"Death rate for heart attack patients";54;10.0;"Y"
"450644";"HCA HOUSTON HEALTHCARE WEST";"TX";"MORT_30_AMI";"Death rate for heart attack patients";37;11.0;"Y"
"450647";"MEDICAL CITY DALLAS HOSPITAL";"TX";"MORT_30_AMI";"Death rate for heart attack patients";102;13.0;"Y"
"450651";"MEDICAL CITY PLANO";"TX";"MORT_30_AMI";"Death rate for heart attack patients";167;12.0;"Y"
"450653";"SCENIC MOUNTAIN MEDICAL CENTER";"TX";"MORT_30_PN";"Death rate for pneumonia patients";42;19.0;"Y"
"450654";"STARR COUNTY MEMORIAL HOSPITAL";"TX";"MORT_30_COPD";"Death rate for COPD patients";27;8.0;"Y"
"450656";"NACOGDOCHES MEDICAL CENTER";"TX";"MORT_30_AMI";"Death rate for heart attack patients";91;14.0;"Y"
"450658";"FREESTONE MEDICAL CENTER";"TX";"MORT_30_PN";"Death rate for pneumonia patients";51;18.0;"Y"
"450659";"HCA HOUSTON HEALTHCARE MEDICAL CENTER";"TX";"MORT_30_HF";"Death rate for heart failure patients";76;8.0;"Y"
"450661";"ODESSA REGIONAL MEDICAL CENTER";"TX";"MORT_30_AMI";"Death rate for heart attack patients";75;12.0;"Y"
"450662";"VALLEY REGIONAL MEDICAL CENTER";"TX";"MORT_30_AMI";"Death rate for heart attack patients";103;12.0;"Y"
"450668";"SIERRA MEDICAL CENTER";"TX";"MORT_30_AMI";"Death rate for heart attack patients";55;12.0;"Y"
"450669";"MEDICAL CITY LEWISVILLE";"TX";"MORT_30_AMI";"Death rate for heart attack patients";62;13.0;"Y"
"45066F";"DALLAS VA MEDICAL CENTER (VA NORTH TEXAS HEALTHCARE SYSTEM)";"TX";"MORT_30_AMI";"Death rate for heart attack patients";196;10.0;"N"
"450670";"HCA HOUSTON HEALTHCARE TOMBALL";"TX";"MORT_30_AMI";"Death rate for heart attack patients";112;12.0;"Y"
"450672";"MEDICAL CITY FORT WORTH";"TX";"MORT_30_AMI";"Death rate for heart attack patients";102;11.0;"Y"
"450675";"MEDICAL CITY ARLINGTON";"TX";"MORT_30_AMI";"Death rate for heart attack patients";107;12.0;"Y"
"450677";"TEXAS HEALTH HUGULEY HOSPITAL FORT WORTH SOUTH";"TX";"MORT_30_AMI";"Death rate for heart attack patients";86;11.0;"Y"
"450678";"WHITE ROCK MEDICAL CENTER";"TX";"MORT_30_AMI";"Death rate for heart attack patients";33;13.0;"N"
"450684";"MEMORIAL HERMANN NORTHEAST HOSPITAL";"TX";"MORT_30_AMI";"Death rate for heart attack patients";98;14.0;"Y"
"450686";"UNIVERSITY MEDICAL CENTER";"TX";"MORT_30_AMI";"Death rate for heart attack patients";189;14.0;"Y"
"450688";"DALLAS REGIONAL MEDICAL CENTER";"TX";"MORT_30_AMI";"Death rate for heart attack patients";48;13.0;"Y"
"450690";"THE UNIVERSITY OF TEXAS HEALTH SCIENCE CENTER AT TYLER";"TX";"MORT_30_COPD";"Death rate for COPD patients";26;8.0;"Y"
"450694";"EL CAMPO MEMORIAL HOSPITAL";"TX";"MORT_30_HF";"Death rate for heart failure patients";71;11.0;"Y"
"450702";"LONGVIEW REGIONAL MEDICAL CENTER";"TX";"MORT_30_AMI";"Death rate for heart attack patients";138;12.0;"Y"
"450709";"HOUSTON METHODIST CLEAR LAKE HOSPITAL";"TX";"MORT_30_AMI";"Death rate for heart attack patients";109;11.0;"Y"
"450711";"RIO GRANDE REGIONAL HOSPITAL";"TX";"MORT_30_AMI";"Death rate for heart attack patients";49;12.0;"Y"
"450713";"ST DAVID'S SOUTH AUSTIN MEDICAL CENTER";"TX";"MORT_30_AMI";"Death rate for heart attack patients";189;10.0;"Y"
"450718";"ROUND ROCK MEDICAL CENTER";"TX";"MORT_30_AMI";"Death rate for heart attack patients";158;14.0;"Y"
"450723";"METHODIST CHARLTON MEDICAL CENTER";"TX";"MORT_30_AMI";"Death rate for heart attack patients";115;12.0;"Y"
"450730";"SANA HEALTHCARE CARROLLTON D/B/A CARROLLTON REGIONAL MEDICAL CENTER";"TX";"MORT_30_AMI";"Death rate for heart attack patients";33;13.0;"Y"
"450742";"BAYLOR SCOTT AND WHITE MEDICAL CENTER LAKE POINTE";"TX";"MORT_30_AMI";"Death rate for heart attack patients";107;12.0;"Y"
"450743";"TEXAS HEALTH PRESBYTERIAN HOSPITAL DENTON";"TX";"MORT_30_AMI";"Death rate for heart attack patients";140;12.0;"Y"
"450747";"PALESTINE REGIONAL MEDICAL CENTER";"TX";"MORT_30_COPD";"Death rate for COPD patients";31;11.0;"Y"
"45074F";"HOUSTON VA MEDICAL CENTER";"TX";"MORT_30_AMI";"Death rate for heart attack patients";222;10.0;"N"
"450755";"COVENANT HOSPITAL LEVELLAND";"TX";"MORT_30_PN";"Death rate for pneumonia patients";25;16.0;"Y"
"450771";"TEXAS HEALTH PRESBYTERIAN HOSPITAL PLANO";"TX";"MORT_30_AMI";"Death rate for heart attack patients";90;15.0;"Y"
"450775";"HCA HOUSTON HEALTHCARE KINGWOOD";"TX";"MORT_30_AMI";"Death rate for heart attack patients";184;11.0;"Y"
"450779";"TEXAS HEALTH HARRIS METHODIST HOSPITAL SOUTHWEST F";"TX";"MORT_30_AMI";"Death rate for heart attack patients";135;10.0;"Y"
"450788";"CORPUS CHRISTI MEDICAL CENTER,THE";"TX";"MORT_30_AMI";"Death rate for heart attack patients";166;11.0;"Y"
"450801";"CHRISTUS ST MICHAEL HEALTH SYSTEM";"TX";"MORT_30_AMI";"Death rate for heart attack patients";265;13.0;"Y"
"450809";"NORTH AUSTIN MEDICAL CENTER";"TX";"MORT_30_AMI";"Death rate for heart attack patients";118;12.0;"Y"
"450820";"HOUSTON METHODIST SUGARLAND HOSPITAL";"TX";"MORT_30_AMI";"Death rate for heart attack patients";160;10.0;"Y"
"450822";"MEDICAL CITY LAS COLINAS";"TX";"MORT_30_COPD";"Death rate for COPD patients";26;8.0;"Y"
"450827";"KELL WEST REGIONAL HOSPITAL";"TX";"MORT_30_PN";"Death rate for pneumonia patients";39;14.0;"Y"
"450828";"CHRISTUS SPOHN HOSPITAL ALICE";"TX";"MORT_30_AMI";"Death rate for heart attack patients";42;13.0;"Y"
"450833";"ENNIS REGIONAL MEDICAL CENTER";"TX";"MORT_30_PN";"Death rate for pneumonia patients";35;18.0;"Y"
"450840";"TEXAS HEALTH PRESBYTERIAN HOSPITAL ALLEN";"TX";"MORT_30_AMI";"Death rate for heart attack patients";53;12.0;"Y"
"450844";"HOUSTON METHODIST WILLOWBROOK HOSPITAL";"TX";"MORT_30_AMI";"Death rate for heart attack patients";201;12.0;"Y"
"450847";"MEMORIAL HERMANN KATY HOSPITAL";"TX";"MORT_30_AMI";"Death rate for heart attack patients";108;14.0;"Y"
"450848";"MEMORIAL HERMANN SUGAR LAND HOSPITAL";"TX";"MORT_30_AMI";"Death rate for heart attack patients";76;13.0;"Y"
"450851";"BAYLOR SCOTT & WHITE HEART & VASCULAR HOSPITAL - DALLAS";"TX";"MORT_30_AMI";"Death rate for heart attack patients";126;12.0;"Y"
"450855";"HARLINGEN MEDICAL CENTER";"TX";"MORT_30_AMI";"Death rate for heart attack patients";52;12.0;"Y"
"450862";"ST LUKE'S THE WOODLANDS HOSPITAL";"TX";"MORT_30_AMI";"Death rate for heart attack patients";101;12.0;"Y"
"450865";"ASCENSION SETON  SOUTHWEST";"TX";"MORT_30_PN";"Death rate for pneumonia patients";25;15.0;"N"
"450867";"ASCENSION SETON NORTHWEST";"TX";"MORT_30_COPD";"Death rate for COPD patients";26;9.0;"N"
"450869";"DOCTORS HOSPTAL AT RENAISSANCE";"TX";"MORT_30_AMI";"Death rate for heart attack patients";88;13.0;"Y"
"45086F";"TEMPLE VA MEDICAL CENTER (VA CENTRAL TEXAS HEALTHCARE SYSTEM)";"TX";"MORT_30_AMI";"Death rate for heart attack patients";96;12.0;"N"
"450876";"LUBBOCK HEART HOSPITAL LP";"TX";"MORT_30_AMI";"Death rate for heart attack patients";106;14.0;"Y"
"450885";"BAYLOR SCOTT &  WHITE MEDICAL CENTER - CENTENNIAL";"TX";"MORT_30_AMI";"Death rate for heart attack patients";43;12.0;"Y"
"450890";"BAYLOR SCOTT & WHITE MEDICAL CENTER PLANO";"TX";"MORT_30_AMI";"Death rate for heart attack patients";49;12.0;"Y"
"450893";"THE HEART HOSPITAL BAYLOR DENTON";"TX";"MORT_30_AMI";"Death rate for heart attack patients";64;12.0;"Y"
"45090F";"SAN ANTONIO VA MEDICAL CENTER (VA SOUTH TEXAS HEALTHCARE SYSTEM)";"TX";"MORT_30_AMI";"Death rate for heart attack patients";163;13.0;"N"
"451300";"PARMER COUNTY COMMUNITY HOSPITAL";"TX";"MORT_30_PN";"Death rate for pneumonia patients";27;18.0;"Y"
"451315";"NORTH RUNNELS HOSPITAL";"TX";"MORT_30_PN";"Death rate for pneumonia patients";36;14.0;"N"
"451319";"CHRISTUS MOTHER FRANCES HOSPITAL- JACKSONVILLE";"TX";"MORT_30_PN";"Death rate for pneumonia patients";84;15.0;"Y"
"451323";"ADVENTHEALTH ROLLINS BROOK";"TX";"MORT_30_HF";"Death rate for heart failure patients";29;12.0;"Y"
"451330";"MEDINA REGIONAL HOSPITAL";"TX";"MORT_30_PN";"Death rate for pneumonia patients";25;17.0;"Y"
"451337";"W J MANGOLD MEMORIAL HOSPITAL";"TX";"MORT_30_PN";"Death rate for pneumonia patients";29;15.0;"Y"
"451343";"ELECTRA MEMORIAL HOSPITAL";"TX";"MORT_30_PN";"Death rate for pneumonia patients";32;15.0;"Y"
"451344";"HANSFORD COUNTY HOSPITAL";"TX";"MORT_30_PN";"Death rate for pneumonia patients";27;19.0;"N"
"451346";"YOAKUM COMMUNITY HOSPITAL";"TX";"MORT_30_COPD";"Death rate for COPD patients";26;8.0;"Y"
"451347";"COLEMAN COUNTY MEDICAL CENTER COMPANY";"TX";"MORT_30_PN";"Death rate for pneumonia patients";62;21.0;"N"
"451354";"HAMILTON HOSPITAL";"TX";"MORT_30_PN";"Death rate for pneumonia patients";41;19.0;"Y"
"451356";"MEMORIAL MEDICAL CENTER";"TX";"MORT_30_HF";"Death rate for heart failure patients";25;12.0;"Y"
"451359";"OCHILTREE GENERAL HOSPITAL";"TX";"MORT_30_PN";"Death rate for pneumonia patients";32;18.0;"N"
"451361";"SABINE COUNTY HOSPITAL";"TX";"MORT_30_PN";"Death rate for pneumonia patients";36;19.0;"N"
"451362";"CLAY COUNTY MEMORIAL HOSPITAL";"TX";"MORT_30_PN";"Death rate for pneumonia patients";25;18.0;"N"
"451365";"ASCENSION SETON HIGHLAND LAKES";"TX";"MORT_30_HF";"Death rate for heart failure patients";32;10.0;"N"
"451367";"UT HEALTH EAST TEXAS PITTSBURG HOSPITAL";"TX";"MORT_30_COPD";"Death rate for COPD patients";26;12.0;"Y"
"451370";"TMC- BONHAM HOSPITAL";"TX";"MORT_30_PN";"Death rate for pneumonia patients";33;19.0;"N"
"451371";"ASCENSION SETON EDGAR B DAVIS";"TX";"MORT_30_PN";"Death rate for pneumonia patients";28;15.0;"N"
"451373";"WARD MEMORIAL HOSPITAL";"TX";"MORT_30_PN";"Death rate for pneumonia patients";40;16.0;"Y"
"451374";"BAYLOR SCOTT & WHITE MEDICAL CENTER -TAYLOR";"TX";"MORT_30_PN";"Death rate for pneumonia patients";26;15.0;"Y"
"451376";"LAVACA MEDICAL CENTER";"TX";"MORT_30_HF";"Death rate for heart failure patients";26;11.0;"Y"
"451377";"REEVES COUNTY HOSPITAL DISTRICT";"TX";"MORT_30_HF";"Death rate for heart failure patients";28;13.0;"Y"
"451378";"BIG BEND REGIONAL MEDICAL CENTER";"TX";"MORT_30_PN";"Death rate for pneumonia patients";29;17.0;"Y"
"451379";"CORYELL MEMORIAL HOSPITAL";"TX";"MORT_30_PN";"Death rate for pneumonia patients";55;19.0;"Y"
"451380";"UT HEALTH EAST TEXAS QUITMAN HOSPITAL";"TX";"MORT_30_COPD";"Death rate for COPD patients";37;9.0;"Y"
"451382";"COMANCHE COUNTY MEDICAL CENTER";"TX";"MORT_30_COPD";"Death rate for COPD patients";33;8.0;"Y"
"451384";"COGDELL MEMORIAL HOSPITAL";"TX";"MORT_30_PN";"Death rate for pneumonia patients";56;20.0;"Y"
"451385";"GOODALL WITCHER HOSPITAL";"TX";"MORT_30_PN";"Death rate for pneumonia patients";31;18.0;"Y"
"451387";"UVALDE MEMORIAL HOSPITAL";"TX";"MORT_30_COPD";"Death rate for COPD patients";33;8.0;"Y"
"451392";"HAMILTON GENERAL HOSPITAL";"TX";"MORT_30_PN";"Death rate for pneumonia patients";51;20.0;"N"
"451395";"HILL REGIONAL HOSPITAL";"TX";"MORT_30_COPD";"Death rate for COPD patients";29;10.0;"Y"
"451397";"BAYLOR SCOTT & WHITE HOSPITAL BRENHAM";"TX";"MORT_30_HF";"Death rate for heart failure patients";41;12.0;"Y"
"451399";"SEYMOUR HOSPITAL";"TX";"MORT_30_PN";"Death rate for pneumonia patients";45;19.0;"Y"
"460001";"INTERMOUNTAIN HEALTH UTAH VALLEY HOSPITAL";"UT";"MORT_30_AMI";"Death rate for heart attack patients";329;11.0;"Y"
"460003";"HOLY CROSS HOSPITAL - SALT LAKE";"UT";"MORT_30_PN";"Death rate for pneumonia patients";27;15.0;"Y"
"460004";"MCKAY-DEE HOSPITAL";"UT";"MORT_30_AMI";"Death rate for heart attack patients";187;11.0;"Y"
"460005";"OGDEN REGIONAL MEDICAL CENTER";"UT";"MORT_30_AMI";"Death rate for heart attack patients";78;13.0;"Y"
"460006";"LDS HOSPITAL";"UT";"MORT_30_COPD";"Death rate for COPD patients";26;10.0;"Y"
"460007";"CEDAR CITY HOSPITAL";"UT";"MORT_30_HF";"Death rate for heart failure patients";44;14.0;"Y"
"460009";"UNIVERSITY OF UTAH HOSPITAL AND CLINICS";"UT";"MORT_30_AMI";"Death rate for heart attack patients";189;12.0;"Y"
"460010";"INTERMOUNTAIN MEDICAL CENTER";"UT";"MORT_30_AMI";"Death rate for heart attack patients";329;9.0;"Y"
"460011";"CASTLEVIEW HOSPITAL";"UT";"MORT_30_COPD";"Death rate for COPD patients";27;9.0;"Y"
"460013";"MOUNTAIN VIEW HOSPITAL";"UT";"MORT_30_HF";"Death rate for heart failure patients";41;12.0;"Y"
"460014";"MOUNTAIN WEST MEDICAL CENTER";"UT";"MORT_30_HF";"Death rate for heart failure patients";30;11.0;"Y"
"460015";"LOGAN REGIONAL HOSPITAL";"UT";"MORT_30_AMI";"Death rate for heart attack patients";66;12.0;"Y"
"460017";"BRIGHAM CITY COMMUNITY HOSPITAL";"UT";"MORT_30_PN";"Death rate for pneumonia patients";49;16.0;"Y"
"460019";"UINTAH BASIN MEDICAL CENTER";"UT";"MORT_30_COPD";"Death rate for COPD patients";28;9.0;"Y"
"460021";"ST. GEORGE REGIONAL HOSPITAL";"UT";"MORT_30_AMI";"Death rate for heart attack patients";389;10.0;"Y"
"460023";"AMERICAN FORK HOSPITAL";"UT";"MORT_30_HF";"Death rate for heart failure patients";71;13.0;"Y"
"460026";"SEVIER VALLEY HOSPITAL";"UT";"MORT_30_HF";"Death rate for heart failure patients";25;12.0;"Y"
"46002F";"VA SALT LAKE CITY HEALTHCARE - GEORGE E. WAHLEN VA MEDICAL CENTER";"UT";"MORT_30_AMI";"Death rate for heart attack patients";99;9.0;"N"
"460030";"ASHLEY REGIONAL MEDICAL CENTER";"UT";"MORT_30_HF";"Death rate for heart failure patients";27;15.0;"Y"
"460041";"HOLY CROSS HOSPITAL-DAVIS";"UT";"MORT_30_AMI";"Death rate for heart attack patients";58;13.0;"Y"
"460042";"LAKEVIEW HOSPITAL";"UT";"MORT_30_HF";"Death rate for heart failure patients";62;10.0;"Y"
"460044";"INTERMOUNTAIN HEALTH ALTA VIEW HOSPITAL";"UT";"MORT_30_HF";"Death rate for heart failure patients";48;11.0;"Y"
"460047";"ST MARK'S HOSPITAL";"UT";"MORT_30_AMI";"Death rate for heart attack patients";167;11.0;"Y"
"460051";"HOLY CROSS HOSPITAL-JORDAN VALLEY";"UT";"MORT_30_AMI";"Death rate for heart attack patients";88;12.0;"Y"
"460052";"TIMPANOGOS REGIONAL HOSPITAL";"UT";"MORT_30_AMI";"Death rate for heart attack patients";36;12.0;"Y"
"460057";"PARK CITY HOSPITAL";"UT";"MORT_30_HF";"Death rate for heart failure patients";27;11.0;"Y"
"460058";"RIVERTON HOSPITAL";"UT";"MORT_30_HF";"Death rate for heart failure patients";67;11.0;"Y"
"460060";"LONE PEAK HOSPITAL";"UT";"MORT_30_HF";"Death rate for heart failure patients";37;9.0;"Y"
"460061";"INTERMOUNTAIN HEALTH LAYTON HOSPITAL";"UT";"MORT_30_HF";"Death rate for heart failure patients";45;11.0;"Y"
"460062";"INTERMOUNTAIN HEALTH SPANISH FORK HOSPITAL";"UT";"MORT_30_PN";"Death rate for pneumonia patients";47;13.0;"Y"
"461301";"FILLMORE COMMUNITY HOSPITAL";"UT";"MORT_30_PN";"Death rate for pneumonia patients";27;14.0;"Y"
"461302";"MOAB REGIONAL HOSPITAL";"UT";"MORT_30_PN";"Death rate for pneumonia patients";28;17.0;"N"
"461304";"CENTRAL VALLEY MEDICAL CENTER - CAH";"UT";"MORT_30_PN";"Death rate for pneumonia patients";44;15.0;"Y"
"461306";"GUNNISON VALLEY HOSPITAL";"UT";"MORT_30_HF";"Death rate for heart failure patients";25;14.0;"Y"
"461307";"INTERMOUNTAIN HEALTH HEBER VALLEY HOSPITAL";"UT";"MORT_30_PN";"Death rate for pneumonia patients";30;14.0;"Y"
"461310";"BLUE MOUNTAIN HOSPITAL";"UT";"MORT_30_PN";"Death rate for pneumonia patients";35;18.0;"Y"
"461333";"INTERMOUNTAIN HEALTH GARFIELD MEMORIAL HOSPITAL";"UT";"MORT_30_PN";"Death rate for pneumonia patients";29;16.0;"Y"
"461335";"BEAVER VALLEY HOSPITAL";"UT";"MORT_30_PN";"Death rate for pneumonia patients";34;13.0;"Y"
"470001";"CENTRAL VERMONT MEDICAL CENTER";"VT";"MORT_30_AMI";"Death rate for heart attack patients";90;12.0;"Y"
"470003";"UNIV. OF VERMONT - FLETCHER ALLEN HEALTH CARE";"VT";"MORT_30_AMI";"Death rate for heart attack patients";517;10.0;"Y"
"470005";"RUTLAND REGIONAL MEDICAL CENTER";"VT";"MORT_30_AMI";"Death rate for heart attack patients";80;14.0;"Y"
"470011";"BRATTLEBORO MEMORIAL HOSPITAL";"VT";"MORT_30_COPD";"Death rate for COPD patients";26;10.0;"Y"
"470012";"SOUTHWESTERN VERMONT MEDICAL CENTER";"VT";"MORT_30_AMI";"Death rate for heart attack patients";30;15.0;"Y"
"47001F";"WHITE RIVER JCT VA MEDICAL CENTER";"VT";"MORT_30_COPD";"Death rate for COPD patients";71;8.0;"N"
"470024";"NORTHWESTERN MEDICAL CENTER INC";"VT";"MORT_30_AMI";"Death rate for heart attack patients";90;11.0;"Y"
"471300";"GRACE COTTAGE HOSPITAL";"VT";"MORT_30_PN";"Death rate for pneumonia patients";26;15.0;"Y"
"471301";"GIFFORD MEDICAL CENTER";"VT";"MORT_30_HF";"Death rate for heart failure patients";47;12.0;"Y"
"471302";"MT ASCUTNEY HOSPITAL";"VT";"MORT_30_PN";"Death rate for pneumonia patients";45;15.0;"Y"
"471303";"NORTHEASTERN VERMONT REGIONAL HOSPITAL";"VT";"MORT_30_AMI";"Death rate for heart attack patients";31;12.0;"Y"
"471304";"NORTH COUNTRY HOSPITAL AND HEALTH CENTER";"VT";"MORT_30_AMI";"Death rate for heart attack patients";55;12.0;"Y"
"471305";"COPLEY HOSPITAL";"VT";"MORT_30_AMI";"Death rate for heart attack patients";31;12.0;"Y"
"471306";"SPRINGFIELD HOSPITAL";"VT";"MORT_30_COPD";"Death rate for COPD patients";34;10.0;"Y"
"471307";"PORTER HOSPITAL, INC";"VT";"MORT_30_COPD";"Death rate for COPD patients";39;8.0;"Y"
"480001";"ROY LESTER SCHNEIDER HOSPITAL,THE";"VI";"MORT_30_HF";"Death rate for heart failure patients";60;11.0;"N"
"480002";"GOV JUAN F LUIS HOSPITAL & MEDICAL CTR";"VI";"MORT_30_HF";"Death rate for heart failure patients";62;15.0;"N"
"490002";"RUSSELL COUNTY HOSPITAL";"VA";"MORT_30_COPD";"Death rate for COPD patients";29;9.0;"Y"
"490004";"SENTARA RMH MEDICAL CENTER";"VA";"MORT_30_AMI";"Death rate for heart attack patients";210;10.0;"Y"
"490005";"WINCHESTER MEDICAL CENTER";"VA";"MORT_30_AMI";"Death rate for heart attack patients";438;12.0;"Y"
"490007";"SENTARA NORFOLK GENERAL HOSPITAL";"VA";"MORT_30_AMI";"Death rate for heart attack patients";269;13.0;"Y"
"490009";"UNIVERSITY OF VIRGINIA MEDICAL CENTER";"VA";"MORT_30_AMI";"Death rate for heart attack patients";252;11.0;"Y"
"490013";"SENTARA HALIFAX REGIONAL HOSPITAL";"VA";"MORT_30_COPD";"Death rate for COPD patients";135;9.0;"Y"
"490017";"BON SECOURS MARYVIEW MEDICAL CENTER";"VA";"MORT_30_AMI";"Death rate for heart attack patients";120;12.0;"Y"
"490018";"AUGUSTA HEALTH";"VA";"MORT_30_AMI";"Death rate for heart attack patients";255;14.0;"Y"
"490019";"UVA HEALTH CULPEPER MEDICAL CENTER";"VA";"MORT_30_AMI";"Death rate for heart attack patients";25;13.0;"Y"
"490020";"JOHN RANDOLPH MEDICAL CENTER";"VA";"MORT_30_AMI";"Death rate for heart attack patients";48;12.0;"Y"
"490021";"CENTRA HEALTH -  LYNCHBURG GEN HOSPITAL";"VA";"MORT_30_AMI";"Death rate for heart attack patients";523;11.0;"Y"
"490022";"MARY WASHINGTON HOSPITAL";"VA";"MORT_30_AMI";"Death rate for heart attack patients";373;13.0;"Y"
"490023";"FAUQUIER HOSPITAL";"VA";"MORT_30_AMI";"Death rate for heart attack patients";43;12.0;"Y"
"490024";"CARILION MEDICAL CENTER";"VA";"MORT_30_AMI";"Death rate for heart attack patients";488;12.0;"Y"
"490032";"MEDICAL COLLEGE OF VIRGINIA HOSPITALS";"VA";"MORT_30_AMI";"Death rate for heart attack patients";180;12.0;"Y"
"490033";"WARREN MEMORIAL HOSPITAL";"VA";"MORT_30_AMI";"Death rate for heart attack patients";47;13.0;"Y"
"490037";"RIVERSIDE SHORE MEMORIAL HOSPITAL";"VA";"MORT_30_AMI";"Death rate for heart attack patients";45;13.0;"Y"
"490038";"SMYTH COUNTY COMMUNITY HOSPITAL";"VA";"MORT_30_COPD";"Death rate for COPD patients";38;7.0;"Y"
"490040";"INOVA ALEXANDRIA HOSPITAL";"VA";"MORT_30_AMI";"Death rate for heart attack patients";195;10.0;"Y"
"490041";"MARY IMMACULATE HOSPITAL";"VA";"MORT_30_AMI";"Death rate for heart attack patients";76;12.0;"Y"
"490042";"CARILION NEW RIVER VALLEY MEDICAL CENTER";"VA";"MORT_30_AMI";"Death rate for heart attack patients";108;12.0;"Y"
"490043";"INOVA LOUDOUN HOSPITAL";"VA";"MORT_30_AMI";"Death rate for heart attack patients";203;11.0;"Y"
"490044";"SENTARA OBICI HOSPITAL";"VA";"MORT_30_AMI";"Death rate for heart attack patients";154;11.0;"Y"
"490045";"NOVANT PRINCE WILLIAM MEDICAL CENTER";"VA";"MORT_30_AMI";"Death rate for heart attack patients";150;14.0;"Y"
"490046";"SENTARA LEIGH HOSPITAL";"VA";"MORT_30_AMI";"Death rate for heart attack patients";255;13.0;"Y"
"490048";"LEWISGALE MEDICAL CENTER";"VA";"MORT_30_AMI";"Death rate for heart attack patients";337;10.0;"Y"
"490050";"VIRGINIA HOSPITAL CENTER";"VA";"MORT_30_AMI";"Death rate for heart attack patients";106;11.0;"Y"
"490052";"RIVERSIDE REGIONAL MEDICAL CENTER";"VA";"MORT_30_AMI";"Death rate for heart attack patients";320;14.0;"Y"
"490053";"JOHNSTON MEMORIAL HOSPITAL";"VA";"MORT_30_AMI";"Death rate for heart attack patients";136;15.0;"Y"
"490057";"SENTARA VIRGINIA BEACH GENERAL HOSPITAL";"VA";"MORT_30_AMI";"Death rate for heart attack patients";328;12.0;"Y"
"490059";"BON SECOURS ST MARYS HOSPITAL";"VA";"MORT_30_AMI";"Death rate for heart attack patients";193;11.0;"Y"
"490060";"CLINCH VALLEY MEDICAL CENTER";"VA";"MORT_30_AMI";"Death rate for heart attack patients";61;13.0;"Y"
"490063";"INOVA FAIRFAX HOSPITAL";"VA";"MORT_30_AMI";"Death rate for heart attack patients";408;11.0;"Y"
"490066";"SENTARA WILLIAMSBURG REGIONAL MEDICAL CENTER";"VA";"MORT_30_AMI";"Death rate for heart attack patients";197;11.0;"Y"
"490067";"BON SECOURS SOUTHSIDE MEDICAL CENTER";"VA";"MORT_30_AMI";"Death rate for heart attack patients";264;12.0;"Y"
"490069";"BON SECOURS MEMORIAL REGIONAL MEDICAL CENTER";"VA";"MORT_30_AMI";"Death rate for heart attack patients";345;11.0;"Y"
"49006F";"HAMPTON VA MEDICAL CENTER";"VA";"MORT_30_COPD";"Death rate for COPD patients";95;6.0;"N"
"490075";"SOVAH HEALTH DANVILLE";"VA";"MORT_30_AMI";"Death rate for heart attack patients";127;13.0;"Y"
"490077";"SENTARA MARTHA JEFFERSON HOSPITAL";"VA";"MORT_30_AMI";"Death rate for heart attack patients";280;11.0;"Y"
"490084";"VCU HEALTH TAPPAHANNOCK HOSPITAL";"VA";"MORT_30_COPD";"Death rate for COPD patients";39;8.0;"Y"
"490088";"CENTRA BEDFORD MEMORIAL HOSPITAL";"VA";"MORT_30_COPD";"Death rate for COPD patients";37;9.0;"Y"
"490089";"CARILION FRANKLIN MEMORIAL HOSPITAL";"VA";"MORT_30_COPD";"Death rate for COPD patients";57;8.0;"Y"
"490090";"SOUTHSIDE COMMUNITY HOSPITAL, INC";"VA";"MORT_30_COPD";"Death rate for COPD patients";74;8.0;"Y"
"490092";"BON SECOURS SOUTHAMPTON MEMORIAL HOSPITAL";"VA";"MORT_30_HF";"Death rate for heart failure patients";99;12.0;"Y"
"490093";"SENTARA CAREPLEX HOSPITAL";"VA";"MORT_30_AMI";"Death rate for heart attack patients";168;11.0;"Y"
"490097";"BON SECOURS SOUTHERN VIRGINIA MEDICAL CENTER";"VA";"MORT_30_HF";"Death rate for heart failure patients";40;16.0;"Y"
"490098";"COMMUNITY MEMORIAL HOSPITAL";"VA";"MORT_30_COPD";"Death rate for COPD patients";55;9.0;"Y"
"490101";"INOVA FAIR OAKS HOSPITAL";"VA";"MORT_30_AMI";"Death rate for heart attack patients";48;13.0;"Y"
"490107";"RESTON HOSPITAL CENTER";"VA";"MORT_30_AMI";"Death rate for heart attack patients";110;11.0;"Y"
"49010F";"RICHMOND VA MEDICAL CENTER";"VA";"MORT_30_AMI";"Death rate for heart attack patients";101;13.0;"N"
"490110";"LEWISGALE HOSPITAL MONTGOMERY";"VA";"MORT_30_AMI";"Death rate for heart attack patients";231;11.0;"Y"
"490111";"WYTHE COUNTY COMMUNITY HOSPITAL";"VA";"MORT_30_COPD";"Death rate for COPD patients";43;12.0;"Y"
"490112";"CJW MEDICAL CENTER";"VA";"MORT_30_AMI";"Death rate for heart attack patients";398;12.0;"Y"
"490113";"SENTARA NORTHERN VIRGINIA MEDICAL CENTER";"VA";"MORT_30_AMI";"Death rate for heart attack patients";109;13.0;"Y"
"490114";"LONESOME PINE HOSPITAL";"VA";"MORT_30_COPD";"Death rate for COPD patients";48;9.0;"Y"
"490115";"TWIN COUNTY REGIONAL HOSPITAL";"VA";"MORT_30_COPD";"Death rate for COPD patients";49;10.0;"Y"
"490116";"LEWISGALE HOSPITAL PULASKI";"VA";"MORT_30_COPD";"Death rate for COPD patients";26;9.0;"Y"
"490117";"CARILION TAZEWELL COMMUNITY HOSPITAL";"VA";"MORT_30_PN";"Death rate for pneumonia patients";54;19.0;"Y"
"490118";"HENRICO DOCTORS' HOSPITAL";"VA";"MORT_30_AMI";"Death rate for heart attack patients";287;10.0;"Y"
"490119";"SENTARA PRINCESS ANNE HOSPITAL";"VA";"MORT_30_AMI";"Death rate for heart attack patients";107;11.0;"Y"
"49011F";"SALEM VA MEDICAL CENTER";"VA";"MORT_30_AMI";"Death rate for heart attack patients";65;11.0;"N"
"490120";"CHESAPEAKE GENERAL HOSPITAL";"VA";"MORT_30_AMI";"Death rate for heart attack patients";290;12.0;"Y"
"490122";"INOVA MOUNT VERNON HOSPITAL";"VA";"MORT_30_AMI";"Death rate for heart attack patients";29;12.0;"Y"
"490126";"LEWISGALE HOSPITAL ALLEGHANY";"VA";"MORT_30_COPD";"Death rate for COPD patients";36;10.0;"Y"
"490127";"BUCHANAN GENERAL HOSPITAL";"VA";"MORT_30_COPD";"Death rate for COPD patients";53;9.0;"Y"
"490130";"RIVERSIDE WALTER REED HOSPITAL";"VA";"MORT_30_AMI";"Death rate for heart attack patients";79;13.0;"Y"
"490136";"BON SECOURS ST FRANCIS MEDICAL CENTER";"VA";"MORT_30_AMI";"Death rate for heart attack patients";140;13.0;"Y"
"490140";"STAFFORD HOSPITAL, LLC";"VA";"MORT_30_AMI";"Death rate for heart attack patients";52;11.0;"Y"
"490141";"SPOTSYLVANIA REGIONAL MEDICAL CENTER";"VA";"MORT_30_AMI";"Death rate for heart attack patients";119;12.0;"Y"
"490143";"RIVERSIDE DOCTORS' HOSPITAL OF WILLIAMSBURG";"VA";"MORT_30_AMI";"Death rate for heart attack patients";27;12.0;"Y"
"490144";"UVA HEALTH HAYMARKET MEDICAL CENTER";"VA";"MORT_30_COPD";"Death rate for COPD patients";50;12.0;"Y"
"490145";"STONESPRINGS HOSPITAL CENTER";"VA";"MORT_30_HF";"Death rate for heart failure patients";44;12.0;"Y"
"491300";"BATH COMMUNITY HOSPITAL";"VA";"MORT_30_PN";"Death rate for pneumonia patients";25;17.0;"N"
"491302";"CARILION GILES COMMUNITY HOSPITAL";"VA";"MORT_30_COPD";"Death rate for COPD patients";38;9.0;"Y"
"491304";"CARILION STONEWALL JACKSON HOSPITAL";"VA";"MORT_30_COPD";"Death rate for COPD patients";43;9.0;"Y"
"491305";"SHENANDOAH MEMORIAL HOSPITAL";"VA";"MORT_30_COPD";"Death rate for COPD patients";57;9.0;"Y"
"491307";"PAGE MEMORIAL HOSPITAL, INC";"VA";"MORT_30_HF";"Death rate for heart failure patients";93;8.0;"Y"
"491308";"RAPPAHANNOCK GENERAL HOSPITAL";"VA";"MORT_30_COPD";"Death rate for COPD patients";42;9.0;"Y"
"500002";"PROVIDENCE ST MARY MEDICAL CENTER";"WA";"MORT_30_AMI";"Death rate for heart attack patients";171;13.0;"Y"
"500003";"SKAGIT VALLEY HOSPITAL";"WA";"MORT_30_AMI";"Death rate for heart attack patients";236;12.0;"Y"
"500005";"VIRGINIA MASON MEDICAL CENTER";"WA";"MORT_30_AMI";"Death rate for heart attack patients";160;12.0;"Y"
"500007";"ISLAND HOSPITAL";"WA";"MORT_30_AMI";"Death rate for heart attack patients";31;12.0;"Y"
"500008";"UNIVERSITY OF WASHINGTON MEDICAL CTR";"WA";"MORT_30_AMI";"Death rate for heart attack patients";208;13.0;"Y"
"500011";"HIGHLINE MEDICAL CENTER";"WA";"MORT_30_AMI";"Death rate for heart attack patients";39;12.0;"Y"
"500014";"PROVIDENCE REGIONAL MEDICAL CENTER EVERETT";"WA";"MORT_30_AMI";"Death rate for heart attack patients";285;12.0;"Y"
"500015";"MULTICARE AUBURN MEDICAL CENTER";"WA";"MORT_30_AMI";"Death rate for heart attack patients";72;13.0;"Y"
"500016";"CONFLUENCE HEALTH HOSPITAL";"WA";"MORT_30_AMI";"Death rate for heart attack patients";316;11.0;"Y"
"500019";"PROVIDENCE CENTRALIA HOSPITAL";"WA";"MORT_30_AMI";"Death rate for heart attack patients";54;12.0;"Y"
"500021";"ST CLARE HOSPITAL";"WA";"MORT_30_COPD";"Death rate for COPD patients";48;9.0;"Y"
"500024";"PROVIDENCE ST PETER HOSPITAL";"WA";"MORT_30_AMI";"Death rate for heart attack patients";410;12.0;"Y"
"500025";"SWEDISH MEDICAL CENTER / CHERRY HILL";"WA";"MORT_30_AMI";"Death rate for heart attack patients";183;11.0;"Y"
"500026";"SWEDISH EDMONDS HOSPITAL";"WA";"MORT_30_AMI";"Death rate for heart attack patients";112;14.0;"Y"
"500027";"SWEDISH MEDICAL CENTER";"WA";"MORT_30_AMI";"Death rate for heart attack patients";29;12.0;"Y"
"500030";"ST JOSEPH HOSPITAL";"WA";"MORT_30_AMI";"Death rate for heart attack patients";364;12.0;"Y"
"500031";"GRAYS HARBOR COMMUNITY HOSPITAL";"WA";"MORT_30_AMI";"Death rate for heart attack patients";100;13.0;"Y"
"500033";"SAMARITAN HOSPITAL";"WA";"MORT_30_COPD";"Death rate for COPD patients";71;12.0;"Y"
"500036";"YAKIMA VALLEY MEMORIAL";"WA";"MORT_30_AMI";"Death rate for heart attack patients";275;14.0;"Y"
"500037";"ASTRIA TOPPENISH HOSPITAL";"WA";"MORT_30_PN";"Death rate for pneumonia patients";29;18.0;"Y"
"500039";"HARRISON MEDICAL CENTER";"WA";"MORT_30_AMI";"Death rate for heart attack patients";510;13.0;"Y"
"500041";"PEACEHEALTH ST JOHN MEDICAL CENTER";"WA";"MORT_30_AMI";"Death rate for heart attack patients";108;11.0;"Y"
"500044";"DEACONESS MEDICAL CENTER";"WA";"MORT_30_AMI";"Death rate for heart attack patients";187;14.0;"Y"
"500050";"PEACEHEALTH SOUTHWEST MEDICAL CENTER";"WA";"MORT_30_AMI";"Death rate for heart attack patients";226;14.0;"Y"
"500051";"OVERLAKE HOSPITAL MEDICAL CENTER";"WA";"MORT_30_AMI";"Death rate for heart attack patients";126;15.0;"Y"
"500053";"TRIOS HEALTH";"WA";"MORT_30_AMI";"Death rate for heart attack patients";160;12.0;"Y"
"500054";"PROV SACRED HRT MED CTR & CHILDS HOSP.";"WA";"MORT_30_AMI";"Death rate for heart attack patients";417;14.0;"Y"
"500058";"KADLEC REGIONAL MEDICAL CENTER";"WA";"MORT_30_AMI";"Death rate for heart attack patients";349;11.0;"Y"
"500060";"CASCADE VALLEY HOSPITAL";"WA";"MORT_30_HF";"Death rate for heart failure patients";55;12.0;"Y"
"500064";"HARBORVIEW MEDICAL CENTER";"WA";"MORT_30_AMI";"Death rate for heart attack patients";40;13.0;"Y"
"500072";"OLYMPIC MEDICAL CENTER";"WA";"MORT_30_AMI";"Death rate for heart attack patients";25;13.0;"Y"
"500077";"PROVIDENCE HOLY FAMILY HOSPITAL";"WA";"MORT_30_AMI";"Death rate for heart attack patients";35;13.0;"Y"
"500079";"MULTICARE GOOD SAMARITAN HOSPITAL";"WA";"MORT_30_AMI";"Death rate for heart attack patients";284;13.0;"Y"
"500084";"EVERGREENHEALTH MONROE";"WA";"MORT_30_HF";"Death rate for heart failure patients";35;14.0;"Y"
"500088";"VALLEY MEDICAL CENTER";"WA";"MORT_30_AMI";"Death rate for heart attack patients";145;14.0;"Y"
"500108";"ST JOSEPH MEDICAL CENTER";"WA";"MORT_30_AMI";"Death rate for heart attack patients";161;12.0;"Y"
"500119";"MULTICARE VALLEY HOSPITAL";"WA";"MORT_30_AMI";"Death rate for heart attack patients";28;12.0;"Y"
"50011F";"SPOKANE VA MEDICAL CENTER";"WA";"MORT_30_COPD";"Death rate for COPD patients";92;10.0;"N"
"500124";"EVERGREENHEALTH MEDICAL CENTER";"WA";"MORT_30_AMI";"Death rate for heart attack patients";160;13.0;"Y"
"500129";"TACOMA GENERAL ALLENMORE HOSPITAL";"WA";"MORT_30_AMI";"Death rate for heart attack patients";158;14.0;"Y"
"500139";"CAPITAL MEDICAL CENTER";"WA";"MORT_30_AMI";"Death rate for heart attack patients";100;13.0;"Y"
"500141";"ST FRANCIS COMMUNITY HOSPITAL";"WA";"MORT_30_AMI";"Death rate for heart attack patients";84;12.0;"Y"
"500150";"LEGACY SALMON CREEK MEDICAL CENTER";"WA";"MORT_30_AMI";"Death rate for heart attack patients";76;12.0;"Y"
"500151";"ST ANTHONY HOSPITAL";"WA";"MORT_30_AMI";"Death rate for heart attack patients";75;12.0;"Y"
"500152";"SWEDISH ISSAQUAH";"WA";"MORT_30_AMI";"Death rate for heart attack patients";82;13.0;"Y"
"500154";"MULTICARE COVINGTON MEDICAL CENTER";"WA";"MORT_30_COPD";"Death rate for COPD patients";31;9.0;"Y"
"50030F";"SEATTLE VA MEDICAL CENTER (VA PUGET SOUND HEALTHCARE SYSTEM)";"WA";"MORT_30_AMI";"Death rate for heart attack patients";73;12.0;"N"
"501303";"WILLAPA HARBOR HOSPITAL";"WA";"MORT_30_PN";"Death rate for pneumonia patients";48;21.0;"Y"
"501304";"SUMMIT PACIFIC MEDICAL CENTER";"WA";"MORT_30_COPD";"Death rate for COPD patients";39;13.0;"N"
"501305";"LINCOLN HOSPITAL";"WA";"MORT_30_PN";"Death rate for pneumonia patients";49;16.0;"N"
"501308";"COULEE MEDICAL CENTER";"WA";"MORT_30_PN";"Death rate for pneumonia patients";35;21.0;"N"
"501309";"PROVIDENCE ST JOSEPH HOSPITAL";"WA";"MORT_30_PN";"Death rate for pneumonia patients";25;15.0;"Y"
"501310";"NEWPORT COMMUNITY HOSPITAL";"WA";"MORT_30_COPD";"Death rate for COPD patients";25;12.0;"Y"
"501312";"PROSSER MEMORIAL HOSPITAL";"WA";"MORT_30_HF";"Death rate for heart failure patients";33;11.0;"Y"
"501314";"OCEAN BEACH HOSPITAL";"WA";"MORT_30_HF";"Death rate for heart failure patients";27;11.0;"Y"
"501317";"COLUMBIA BASIN HOSPITAL";"WA";"MORT_30_PN";"Death rate for pneumonia patients";25;16.0;"Y"
"501321";"NORTH VALLEY HOSPITAL";"WA";"MORT_30_PN";"Death rate for pneumonia patients";32;15.0;"Y"
"501323";"JEFFERSON HEALTHCARE";"WA";"MORT_30_COPD";"Death rate for COPD patients";56;12.0;"N"
"501326";"PROVIDENCE MOUNT CARMEL HOSPITAL";"WA";"MORT_30_COPD";"Death rate for COPD patients";25;11.0;"Y"
"501327";"WHITMAN HOSPITAL AND MEDICAL CENTER";"WA";"MORT_30_HF";"Death rate for heart failure patients";37;15.0;"Y"
"501328";"MID VALLEY HOSPITAL & CLINIC";"WA";"MORT_30_PN";"Death rate for pneumonia patients";44;19.0;"Y"
"501329";"PEACEHEALTH UNITED GENERAL MEDICAL CENTER";"WA";"MORT_30_COPD";"Death rate for COPD patients";25;8.0;"Y"
"501330";"ASTRIA SUNNYSIDE HOSPITAL";"WA";"MORT_30_AMI";"Death rate for heart attack patients";30;13.0;"Y"
"501331";"PULLMAN REGIONAL HOSPITAL";"WA";"MORT_30_COPD";"Death rate for COPD patients";28;8.0;"N"
"501332";"TRI-STATE MEMORIAL HOSPITAL";"WA";"MORT_30_COPD";"Death rate for COPD patients";30;9.0;"Y"
"501333";"KITTITAS VALLEY COMMUNITY HOSPITAL";"WA";"MORT_30_COPD";"Death rate for COPD patients";35;10.0;"Y"
"501335";"ST ELIZABETH HOSPITAL";"WA";"MORT_30_HF";"Death rate for heart failure patients";61;11.0;"Y"
"501336";"MASON GENERAL HOSPITAL & FAMILY OF CLINICS";"WA";"MORT_30_AMI";"Death rate for heart attack patients";29;12.0;"Y"
"501337";"LOURDES MEDICAL CENTER";"WA";"MORT_30_COPD";"Death rate for COPD patients";27;8.0;"Y"
"501339";"WHIDBEYHEALTH MEDICAL CENTER";"WA";"MORT_30_COPD";"Death rate for COPD patients";42;11.0;"Y"
"510001";"WEST VIRGINIA UNIVERSITY HOSPITALS, INC";"WV";"MORT_30_AMI";"Death rate for heart attack patients";290;13.0;"Y"
"510002";"CAMC GREENBRIER VALLEY MEDICAL CENTER, INC";"WV";"MORT_30_COPD";"Death rate for COPD patients";50;8.0;"Y"
"510006";"UNITED HOSPITAL CENTER, INC";"WV";"MORT_30_AMI";"Death rate for heart attack patients";329;11.0;"Y"
"510007";"ST MARYS MEDICAL CENTER";"WV";"MORT_30_AMI";"Death rate for heart attack patients";272;12.0;"Y"
"510008";"BERKELEY MEDICAL CENTER";"WV";"MORT_30_AMI";"Death rate for heart attack patients";183;14.0;"Y"
"510012";"RIVERS HEALTH";"WV";"MORT_30_COPD";"Death rate for COPD patients";42;10.0;"Y"
"510013";"REYNOLDS MEMORIAL HOSPITAL";"WV";"MORT_30_AMI";"Death rate for heart attack patients";38;12.0;"Y"
"510022";"CHARLESTON AREA MEDICAL CENTER";"WV";"MORT_30_AMI";"Death rate for heart attack patients";465;13.0;"Y"
"510023";"WEIRTON MEDICAL CENTER, INC";"WV";"MORT_30_AMI";"Death rate for heart attack patients";83;13.0;"Y"
"510024";"MON HEALTH MEDICAL CENTER";"WV";"MORT_30_AMI";"Death rate for heart attack patients";198;14.0;"Y"
"510029";"THOMAS MEMORIAL HOSPITAL";"WV";"MORT_30_AMI";"Death rate for heart attack patients";68;13.0;"N"
"51002F";"BECKLEY VA MEDICAL CENTER";"WV";"MORT_30_COPD";"Death rate for COPD patients";101;8.0;"N"
"510030";"DAVIS MEDICAL CENTER";"WV";"MORT_30_AMI";"Death rate for heart attack patients";26;13.0;"Y"
"510038";"STONEWALL JACKSON MEMORIAL HOSPITAL";"WV";"MORT_30_COPD";"Death rate for COPD patients";33;10.0;"Y"
"51003F";"CLARKSBURG VA MEDICAL CENTER";"WV";"MORT_30_COPD";"Death rate for COPD patients";61;7.0;"N"
"510046";"PRINCETON COMMUNITY HOSPITAL";"WV";"MORT_30_AMI";"Death rate for heart attack patients";74;12.0;"Y"
"510048";"LOGAN REGIONAL MEDICAL CENTER";"WV";"MORT_30_COPD";"Death rate for COPD patients";100;10.0;"Y"
"51004F";"HUNTINGTON VA MEDICAL CENTER";"WV";"MORT_30_AMI";"Death rate for heart attack patients";27;12.0;"N"
"510050";"WHEELING HOSPITAL, INC";"WV";"MORT_30_AMI";"Death rate for heart attack patients";194;14.0;"Y"
"510055";"CABELL HUNTINGTON HOSPITAL, INC";"WV";"MORT_30_AMI";"Death rate for heart attack patients";28;13.0;"Y"
"510058";"CAMDEN CLARK MEDICAL CENTER";"WV";"MORT_30_AMI";"Death rate for heart attack patients";263;13.0;"Y"
"51005F";"MARTINSBURG VA MEDICAL CENTER";"WV";"MORT_30_AMI";"Death rate for heart attack patients";29;12.0;"N"
"510062";"BECKLEY ARH HOSPITAL";"WV";"MORT_30_AMI";"Death rate for heart attack patients";91;12.0;"Y"
"510070";"RALEIGH GENERAL HOSPITAL";"WV";"MORT_30_AMI";"Death rate for heart attack patients";208;12.0;"Y"
"510072";"WETZEL COUNTY HOSPITAL";"WV";"MORT_30_COPD";"Death rate for COPD patients";32;8.0;"Y"
"510086";"WELCH COMMUNITY HOSPITAL";"WV";"MORT_30_PN";"Death rate for pneumonia patients";25;15.0;"Y"
"511307";"GRAFTON CITY HOSPITAL, INC";"WV";"MORT_30_PN";"Death rate for pneumonia patients";26;19.0;"Y"
"511308";"BRAXTON COUNTY MEMORIAL HOSPITAL, INC";"WV";"MORT_30_PN";"Death rate for pneumonia patients";34;17.0;"Y"
"511309";"VALLEY HEALTH WAR MEMORIAL HOSPITAL";"WV";"MORT_30_COPD";"Death rate for COPD patients";27;9.0;"Y"
"511311";"HAMPSHIRE MEMORIAL HOSPITAL";"WV";"MORT_30_COPD";"Death rate for COPD patients";26;8.0;"Y"
"511312";"PRESTON MEMORIAL HOSPITAL";"WV";"MORT_30_PN";"Death rate for pneumonia patients";36;21.0;"Y"
"511313";"BOONE MEMORIAL HOSPITAL";"WV";"MORT_30_COPD";"Death rate for COPD patients";51;9.0;"N"
"511314";"POCAHONTAS MEMORIAL HOSPITAL";"WV";"MORT_30_COPD";"Death rate for COPD patients";34;11.0;"Y"
"511315";"POTOMAC VALLEY HOSPITAL";"WV";"MORT_30_COPD";"Death rate for COPD patients";81;10.0;"Y"
"511316";"GRANT MEMORIAL HOSPITAL";"WV";"MORT_30_COPD";"Death rate for COPD patients";41;8.0;"Y"
"511317";"CAMC PLATEAU MEDICAL CENTER, INC";"WV";"MORT_30_PN";"Death rate for pneumonia patients";54;16.0;"Y"
"511318";"MONTGOMERY GENERAL HOSPITAL";"WV";"MORT_30_PN";"Death rate for pneumonia patients";26;18.0;"N"
"511319";"JEFFERSON MEDICAL CENTER";"WV";"MORT_30_COPD";"Death rate for COPD patients";57;8.0;"Y"
"511320";"JACKSON GENERAL HOSPITAL";"WV";"MORT_30_COPD";"Death rate for COPD patients";36;10.0;"Y"
"511321";"ST JOSEPH'S HOSPITAL OF BUCKHANNON, INC";"WV";"MORT_30_HF";"Death rate for heart failure patients";33;11.0;"Y"
"511322";"SUMMERSVILLE REGIONAL MEDICAL CENTER";"WV";"MORT_30_COPD";"Death rate for COPD patients";43;10.0;"Y"
"520002";"ASPIRUS STEVENS POINT HOSPITAL & CLINICS, INC.";"WI";"MORT_30_COPD";"Death rate for COPD patients";32;8.0;"Y"
"520004";"MAYO CLINIC HEALTH SYSTEM-FRANCISCAN MEDICAL CENTER INC";"WI";"MORT_30_AMI";"Death rate for heart attack patients";136;10.0;"Y"
"520008";"WAUKESHA MEMORIAL HOSPITAL";"WI";"MORT_30_AMI";"Death rate for heart attack patients";168;13.0;"Y"
"520009";"ASCENSION NE WISCONSIN - ST ELIZABETH CAMPUS";"WI";"MORT_30_AMI";"Death rate for heart attack patients";69;14.0;"N"
"520011";"MARSHFIELD MEDICAL CENTER - RICE LAKE";"WI";"MORT_30_HF";"Death rate for heart failure patients";94;10.0;"Y"
"520019";"ASPIRUS RHINELANDER HOSPITAL";"WI";"MORT_30_AMI";"Death rate for heart attack patients";25;12.0;"Y"
"520021";"FROEDTERT SOUTH INC.";"WI";"MORT_30_AMI";"Death rate for heart attack patients";74;14.0;"Y"
"520028";"THE MONROE CLINIC";"WI";"MORT_30_AMI";"Death rate for heart attack patients";67;11.0;"Y"
"52002F";"TOMAH VA MEDICAL CENTER";"WI";"MORT_30_PN";"Death rate for pneumonia patients";26;19.0;"N"
"520030";"ASPIRUS WAUSAU HOSPITAL";"WI";"MORT_30_AMI";"Death rate for heart attack patients";265;12.0;"Y"
"520033";"ASPIRUS RIVERVIEW HOSPITAL & CLINICS INC";"WI";"MORT_30_COPD";"Death rate for COPD patients";40;11.0;"Y"
"520034";"AURORA MEDICAL CTR MANITOWOC COUNTY";"WI";"MORT_30_HF";"Death rate for heart failure patients";84;13.0;"Y"
"520035";"AURORA HEALTH CARE CENTRAL INC";"WI";"MORT_30_AMI";"Death rate for heart attack patients";43;12.0;"Y"
"520037";"MARSHFIELD MEDICAL CENTER";"WI";"MORT_30_AMI";"Death rate for heart attack patients";151;13.0;"Y"
"520038";"AURORA MEDICAL CTR WASHINGTON COUNTY";"WI";"MORT_30_COPD";"Death rate for COPD patients";30;8.0;"Y"
"52003F";"MILWAUKEE VA MEDICAL CENTER";"WI";"MORT_30_AMI";"Death rate for heart attack patients";146;12.0;"N"
"520041";"ASPIRUS DIVINE SAVIOR HOSPITAL";"WI";"MORT_30_COPD";"Death rate for COPD patients";31;9.0;"Y"
"520044";"ST NICHOLAS HOSPITAL";"WI";"MORT_30_HF";"Death rate for heart failure patients";40;12.0;"Y"
"520045";"THEDACARE REGIONAL MED CTR - NEENAH";"WI";"MORT_30_AMI";"Death rate for heart attack patients";35;14.0;"Y"
"520049";"BELLIN MEMORIAL HOSPITAL";"WI";"MORT_30_AMI";"Death rate for heart attack patients";141;11.0;"Y"
"52004F";"MADISON VA MEDICAL CENTER";"WI";"MORT_30_AMI";"Death rate for heart attack patients";90;13.0;"N"
"520051";"ASCENSION COLUMBIA ST MARYS HOSPITAL MILWAUKEE";"WI";"MORT_30_AMI";"Death rate for heart attack patients";93;13.0;"N"
"520057";"SSM HEALTH ST CLARE HOSPITAL - BARABOO";"WI";"MORT_30_HF";"Death rate for heart failure patients";87;12.0;"Y"
"520059";"AURORA MEMORIAL HOSPITAL BURLINGTON";"WI";"MORT_30_COPD";"Death rate for COPD patients";47;10.0;"Y"
"520062";"OCONOMOWOC MEMORIAL HOSPITAL";"WI";"MORT_30_AMI";"Death rate for heart attack patients";44;13.0;"Y"
"520063";"ST JOSEPHS COMMUNITY HOSPITAL WEST BEND";"WI";"MORT_30_COPD";"Death rate for COPD patients";59;8.0;"Y"
"520066";"MERCY HEALTH SYSTEM CORP";"WI";"MORT_30_AMI";"Death rate for heart attack patients";120;13.0;"Y"
"520070";"MAYO CLINIC HEALTH SYSTEM EAU CLAIRE HOSPITAL";"WI";"MORT_30_AMI";"Death rate for heart attack patients";209;11.0;"Y"
"520071";"FORT MEMORIAL HOSPITAL";"WI";"MORT_30_COPD";"Death rate for COPD patients";27;9.0;"Y"
"520075";"ST VINCENT HOSPITAL";"WI";"MORT_30_AMI";"Death rate for heart attack patients";70;13.0;"Y"
"520076";"MARSHFIELD MEDICAL CENTER - BEAVER DAM (MMC-BD)";"WI";"MORT_30_HF";"Death rate for heart failure patients";45;18.0;"Y"
"520078";"ASCENSION ST FRANCIS HOSPITAL";"WI";"MORT_30_COPD";"Death rate for COPD patients";33;10.0;"N"
"520083";"SSM HEALTH ST MARY'S HOSPITAL - MADISON";"WI";"MORT_30_AMI";"Death rate for heart attack patients";344;11.0;"Y"
"520087";"GUNDERSEN LUTHERAN MEDICAL CENTER";"WI";"MORT_30_AMI";"Death rate for heart attack patients";234;12.0;"Y"
"520088";"SSM HEALTH ST AGNES HOSPITAL-FOND DU LAC";"WI";"MORT_30_AMI";"Death rate for heart attack patients";107;12.0;"Y"
"520089";"UNITYPOINT HEALTH - MERITER";"WI";"MORT_30_AMI";"Death rate for heart attack patients";120;11.0;"Y"
"520091";"HOWARD YOUNG MEDICAL CENTER";"WI";"MORT_30_COPD";"Death rate for COPD patients";33;9.0;"Y"
"520095";"SAUK PRAIRIE HOSPITAL";"WI";"MORT_30_HF";"Death rate for heart failure patients";40;10.0;"Y"
"520096";"ASCENSION ALL SAINTS HOSPITAL";"WI";"MORT_30_AMI";"Death rate for heart attack patients";82;13.0;"N"
"520097";"ST MARYS HOSPITAL MEDICAL CTR";"WI";"MORT_30_AMI";"Death rate for heart attack patients";71;12.0;"Y"
"520098";"UNIVERSITY OF WI  HOSPITALS & CLINICS AUTHORITY";"WI";"MORT_30_AMI";"Death rate for heart attack patients";352;11.0;"Y"
"520100";"BELOIT HEALTH SYSTEM";"WI";"MORT_30_AMI";"Death rate for heart attack patients";86;11.0;"Y"
"520102";"AURORA LAKELAND MEDICAL CENTER";"WI";"MORT_30_COPD";"Death rate for COPD patients";47;8.0;"Y"
"520103";"COMMUNITY MEMORIAL HOSPITAL";"WI";"MORT_30_AMI";"Death rate for heart attack patients";76;12.0;"Y"
"520107";"HOLY FAMILY MEMORIAL";"WI";"MORT_30_HF";"Death rate for heart failure patients";102;13.0;"Y"
"520109";"MILE BLUFF MEDICAL CENTER";"WI";"MORT_30_HF";"Death rate for heart failure patients";31;10.0;"Y"
"520113";"BAY AREA MEDICAL CENTER";"WI";"MORT_30_COPD";"Death rate for COPD patients";78;11.0;"Y"
"520116";"WATERTOWN MEMORIAL HOSPITAL";"WI";"MORT_30_AMI";"Death rate for heart attack patients";48;13.0;"Y"
"520136";"ASCENSION SE WISCONSIN HOSPITAL";"WI";"MORT_30_AMI";"Death rate for heart attack patients";66;13.0;"N"
"520138";"AURORA ST LUKES MEDICAL CENTER";"WI";"MORT_30_AMI";"Death rate for heart attack patients";380;10.0;"Y"
"520139";"WEST ALLIS MEMORIAL HOSPITAL";"WI";"MORT_30_COPD";"Death rate for COPD patients";77;8.0;"Y"
"520160";"THEDACARE REGIONAL MEDICAL CENTER - APPLETON INC";"WI";"MORT_30_AMI";"Death rate for heart attack patients";130;13.0;"Y"
"520177";"FROEDTERT MEMORIAL LUTHERAN HOSPITAL";"WI";"MORT_30_AMI";"Death rate for heart attack patients";130;11.0;"Y"
"520189";"AURORA MEDICAL CENTER KENOSHA";"WI";"MORT_30_AMI";"Death rate for heart attack patients";58;12.0;"Y"
"520193";"AURORA BAYCARE MEDICAL CTR";"WI";"MORT_30_AMI";"Death rate for heart attack patients";105;13.0;"Y"
"520198";"AURORA MEDICAL CTR OSHKOSH";"WI";"MORT_30_AMI";"Death rate for heart attack patients";28;11.0;"Y"
"520202";"MARSHFIELD MEDICAL CENTER - WESTON";"WI";"MORT_30_AMI";"Death rate for heart attack patients";171;11.0;"Y"
"520206";"AURORA MEDICAL CENTER - SUMMIT";"WI";"MORT_30_AMI";"Death rate for heart attack patients";100;12.0;"Y"
"520207";"AURORA MEDICAL CENTER";"WI";"MORT_30_AMI";"Death rate for heart attack patients";119;11.0;"Y"
"520208";"SSM HEALTH ST MARY'S HOSPITAL - JANESVILLE";"WI";"MORT_30_COPD";"Death rate for COPD patients";31;9.0;"Y"
"520210";"MARSHFIELD MEDICAL CENTER - EAU CLAIRE";"WI";"MORT_30_AMI";"Death rate for heart attack patients";76;11.0;"Y"
"520212";"MARSHFIELD MEDICAL CENTER - MINOCQUA";"WI";"MORT_30_HF";"Death rate for heart failure patients";92;12.0;"Y"
"520213";"FROEDTERT COMMUNITY HOSPITAL";"WI";"MORT_30_PN";"Death rate for pneumonia patients";45;12.0;"Y"
"521300";"ASPIRUS EAGLE RIVER HOSPITAL";"WI";"MORT_30_HF";"Death rate for heart failure patients";26;11.0;"Y"
"521302";"MAYO CLINIC HEALTH SYSTEM OAKRIDGE";"WI";"MORT_30_PN";"Death rate for pneumonia patients";28;15.0;"Y"
"521308";"AMERY HOSPITAL & CLINIC";"WI";"MORT_30_COPD";"Death rate for COPD patients";29;10.0;"Y"
"521313";"ASPIRUS TOMAHAWK HOSPITAL";"WI";"MORT_30_PN";"Death rate for pneumonia patients";29;23.0;"Y"
"521314";"MAYO CLINIC HEALTH SYSTEM CHIPPEWA VALLEY";"WI";"MORT_30_HF";"Death rate for heart failure patients";28;11.0;"Y"
"521315";"MAYO CLINIC HEALTH SYSTEM-NORTHLAND";"WI";"MORT_30_COPD";"Death rate for COPD patients";25;8.0;"Y"
"521320";"TOMAH MEMORIAL HOSPITAL";"WI";"MORT_30_COPD";"Death rate for COPD patients";28;8.0;"Y"
"521322";"GRANT REGIONAL HEALTH CENTER";"WI";"MORT_30_PN";"Death rate for pneumonia patients";29;16.0;"Y"
"521324";"ASPIRUS MEDFORD HOSPITAL & CLINICS, INC";"WI";"MORT_30_HF";"Death rate for heart failure patients";36;13.0;"Y"
"521325";"FLAMBEAU HOSPITAL";"WI";"MORT_30_COPD";"Death rate for COPD patients";28;10.0;"Y"
"521327";"WAUPUN MEMORIAL HOSPITAL";"WI";"MORT_30_HF";"Death rate for heart failure patients";34;12.0;"Y"
"521330";"CROSSING RIVERS HEALTH MEDICAL CENTER";"WI";"MORT_30_HF";"Death rate for heart failure patients";26;15.0;"Y"
"521332";"SPOONER HEALTH SYSTEM";"WI";"MORT_30_HF";"Death rate for heart failure patients";26;12.0;"Y"
"521334";"THEDACARE MEDICAL CENTER-WAUPACA";"WI";"MORT_30_HF";"Death rate for heart failure patients";30;11.0;"Y"
"521335";"HUDSON HOSPITAL";"WI";"MORT_30_HF";"Death rate for heart failure patients";38;12.0;"Y"
"521336";"TAMARACK HEALTH HAYWARD MEDICAL CENTER";"WI";"MORT_30_HF";"Death rate for heart failure patients";32;11.0;"Y"
"521337";"ST CROIX REGIONAL MEDICAL CENTER";"WI";"MORT_30_COPD";"Death rate for COPD patients";38;11.0;"Y"
"521338";"COLUMBUS COMMUNITY HOSPITAL";"WI";"MORT_30_HF";"Death rate for heart failure patients";29;13.0;"Y"
"521339";"ASPIRUS MERRILL HOSPITAL";"WI";"MORT_30_HF";"Death rate for heart failure patients";30;14.0;"Y"
"521340";"MAYO CLINIC HEALTH SYSTEM-RED CEDAR INC";"WI";"MORT_30_COPD";"Death rate for COPD patients";30;8.0;"Y"
"521341";"RICHLAND HOSPITAL";"WI";"MORT_30_COPD";"Death rate for COPD patients";40;9.0;"Y"
"521343";"STOUGHTON HOSPITAL";"WI";"MORT_30_HF";"Death rate for heart failure patients";35;14.0;"Y"
"521345";"WESTFIELDS HOSPITAL AND CLINIC";"WI";"MORT_30_HF";"Death rate for heart failure patients";36;13.0;"Y"
"521346";"THEDACARE MEDICAL CENTER - SHAWANO";"WI";"MORT_30_HF";"Death rate for heart failure patients";36;13.0;"Y"
"521347";"WESTERN WISCONSIN HEALTH";"WI";"MORT_30_PN";"Death rate for pneumonia patients";26;16.0;"Y"
"521348";"VERNON MEMORIAL HOSPITAL";"WI";"MORT_30_PN";"Death rate for pneumonia patients";31;16.0;"Y"
"521349";"RIVER FALLS AREA HOSPITAL";"WI";"MORT_30_HF";"Death rate for heart failure patients";35;12.0;"Y"
"521350";"LANGLADE HOSPITAL";"WI";"MORT_30_HF";"Death rate for heart failure patients";46;13.0;"Y"
"521351";"REEDSBURG AREA MEDICAL CENTER";"WI";"MORT_30_COPD";"Death rate for COPD patients";30;8.0;"Y"
"521352";"UPLAND HILLS HEALTH";"WI";"MORT_30_HF";"Death rate for heart failure patients";50;13.0;"Y"
"521355";"THEDACARE MEDICAL CENTER - BERLIN INC";"WI";"MORT_30_HF";"Death rate for heart failure patients";30;14.0;"Y"
"521357";"MERCY WALWORTH HOSPITAL & MEDICAL CENTER";"WI";"MORT_30_COPD";"Death rate for COPD patients";36;9.0;"Y"
"521358";"DOOR COUNTY MEDICAL CENTER";"WI";"MORT_30_COPD";"Death rate for COPD patients";38;10.0;"Y"
"521359";"TAMARACK HEALTH ASHLAND MEDICAL CENTER";"WI";"MORT_30_COPD";"Death rate for COPD patients";47;9.0;"Y"
"530002";"CAMPBELL COUNTY HEALTH";"WY";"MORT_30_AMI";"Death rate for heart attack patients";37;12.0;"Y"
"530006";"SHERIDAN MEMORIAL HOSPITAL";"WY";"MORT_30_AMI";"Death rate for heart attack patients";65;12.0;"Y"
"530008";"SAGEWEST HEALTH CARE";"WY";"MORT_30_COPD";"Death rate for COPD patients";45;9.0;"Y"
"530012";"BANNER WYOMING MEDICAL CENTER";"WY";"MORT_30_AMI";"Death rate for heart attack patients";255;13.0;"Y"
"530014";"CHEYENNE REGIONAL MEDICAL CENTER";"WY";"MORT_30_AMI";"Death rate for heart attack patients";215;11.0;"Y"
"530015";"ST JOHNS MEDICAL CENTER";"WY";"MORT_30_COPD";"Death rate for COPD patients";44;7.0;"Y"
"530025";"IVINSON MEMORIAL HOSPITAL";"WY";"MORT_30_COPD";"Death rate for COPD patients";26;11.0;"Y"
"53004F";"CHEYENNE VA MEDICAL CENTER";"WY";"MORT_30_COPD";"Death rate for COPD patients";79;8.0;"N"
"531302";"MEMORIAL HOSPITAL OF CONVERSE COUNTY";"WY";"MORT_30_COPD";"Death rate for COPD patients";26;9.0;"Y"
"531303";"WESTON COUNTY HEALTH SERVICES";"WY";"MORT_30_PN";"Death rate for pneumonia patients";28;16.0;"Y"
"531304";"HOT SPRINGS COUNTY MEMORIAL HOSPITAL";"WY";"MORT_30_HF";"Death rate for heart failure patients";31;16.0;"Y"
"531305";"PLATTE COUNTY HOSPITAL";"WY";"MORT_30_HF";"Death rate for heart failure patients";29;11.0;"Y"
"531306";"WASHAKIE MEDICAL CENTER";"WY";"MORT_30_HF";"Death rate for heart failure patients";34;10.0;"Y"
"531307";"COMMUNITY HOSPITAL";"WY";"MORT_30_HF";"Death rate for heart failure patients";70;14.0;"Y"
"531308";"JOHNSON COUNTY HEALTHCARE CENTER";"WY";"MORT_30_PN";"Death rate for pneumonia patients";37;26.0;"Y"
"531309";"NORTH BIG HORN HOSPITAL DISTRICT";"WY";"MORT_30_HF";"Death rate for heart failure patients";43;12.0;"Y"
"531310";"POWELL VALLEY HOSPITAL";"WY";"MORT_30_HF";"Death rate for heart failure patients";25;12.0;"Y"
"531312";"CODY REGIONAL HEALTH";"WY";"MORT_30_COPD";"Death rate for COPD patients";34;10.0;"Y"
"531313";"STAR VALLEY MEDICAL CENTER";"WY";"MORT_30_PN";"Death rate for pneumonia patients";50;14.0;"Y"
"531316";"MEMORIAL HOSPITAL OF CARBON COUNTY";"WY";"MORT_30_PN";"Death rate for pneumonia patients";27;20.0;"Y"
"650001";"GUAM MEMORIAL  HOSPITAL AUTHORITY";"GU";"MORT_30_AMI";"Death rate for heart attack patients";56;13.0;"N"
"660001";"COMMONWEALTH HEALTH CENTER";"MP";"MORT_30_AMI";"Death rate for heart attack patients";66;13.0;"N"
"670023";"METHODIST MANSFIELD MEDICAL CENTER";"TX";"MORT_30_AMI";"Death rate for heart attack patients";135;14.0;"Y"
"670025";"BAYLOR SOTT & WHITE THE HEART HOSPITAL PLANO";"TX";"MORT_30_AMI";"Death rate for heart attack patients";289;9.0;"Y"
"670031";"ST LUKE'S PATIENTS MEDICAL CENTER";"TX";"MORT_30_COPD";"Death rate for COPD patients";29;8.0;"Y"
"670034";"BAYLOR SCOTT & WHITE MEDICAL CENTER - ROUND ROCK";"TX";"MORT_30_AMI";"Death rate for heart attack patients";245;12.0;"Y"
"670041";"ASCENSION SETON WILLIAMSON";"TX";"MORT_30_AMI";"Death rate for heart attack patients";87;13.0;"N"
"670043";"CEDAR PARK REGIONAL MEDICAL CENTER";"TX";"MORT_30_AMI";"Death rate for heart attack patients";106;11.0;"Y"
"670044";"TEXAS HEALTH PRESBYTERIAN HOSPITAL ROCKWALL";"TX";"MORT_30_COPD";"Death rate for COPD patients";49;8.0;"Y"
"670047";"THE HOSPITALS OF PROVIDENCE - EAST CAMPUS";"TX";"MORT_30_AMI";"Death rate for heart attack patients";64;14.0;"Y"
"670053";"ST LUKE'S SUGAR LAND HOSPITAL";"TX";"MORT_30_HF";"Death rate for heart failure patients";70;9.0;"Y"
"670055";"METHODIST HOSPITAL  STONE OAK";"TX";"MORT_30_AMI";"Death rate for heart attack patients";159;11.0;"Y"
"670056";"ASCENSION  SETON HAYS";"TX";"MORT_30_AMI";"Death rate for heart attack patients";83;12.0;"N"
"670060";"BAYLOR SCOTT AND WHITE MEDICAL CENTER SUNNYVALE";"TX";"MORT_30_AMI";"Death rate for heart attack patients";38;13.0;"Y"
"670062";"BAYLOR EMERGENCY MEDICAL CENTER AT AUBREY";"TX";"MORT_30_PN";"Death rate for pneumonia patients";34;14.0;"Y"
"670068";"TEXAS HEALTH PRESBYTERIAN HOSPITAL FLOWER MOUND";"TX";"MORT_30_AMI";"Death rate for heart attack patients";25;12.0;"Y"
"670071";"TEXAS HEALTH HEART & VASCULAR HOSPITAL ARLINGTON";"TX";"MORT_30_AMI";"Death rate for heart attack patients";63;13.0;"Y"
"670075";"ST LUKE'S HOSPITAL AT THE VINTAGE";"TX";"MORT_30_AMI";"Death rate for heart attack patients";41;13.0;"Y"
"670077";"HOUSTON METHODIST WEST HOSPITAL";"TX";"MORT_30_AMI";"Death rate for heart attack patients";100;12.0;"Y"
"670078";"BAPTIST NEIGHBORHOOD HOSPITAL THOUSAND OAKS";"TX";"MORT_30_COPD";"Death rate for COPD patients";36;9.0;"N"
"670080";"SETON MEDICAL CENTER HARKER HEIGHTS";"TX";"MORT_30_AMI";"Death rate for heart attack patients";75;13.0;"Y"
"670082";"BAYLOR SCOTT AND WHITE  MEDICAL CENTER  MCKINNEY";"TX";"MORT_30_AMI";"Death rate for heart attack patients";64;12.0;"Y"
"670085";"TEXAS HEALTH HARRIS METHODIST HOSPITAL ALLIANCE";"TX";"MORT_30_AMI";"Death rate for heart attack patients";48;12.0;"Y"
"670088";"BAYLOR SCOTT & WHITE MEDICAL CENTER- COLLEGE STATI";"TX";"MORT_30_AMI";"Death rate for heart attack patients";136;13.0;"Y"
"670098";"RESOLUTE HEALTH HOSPITAL";"TX";"MORT_30_AMI";"Death rate for heart attack patients";68;12.0;"Y"
"670103";"MEDICAL CITY ALLIANCE";"TX";"MORT_30_AMI";"Death rate for heart attack patients";52;12.0;"Y"
"670106";"HCA HOUSTON HEALTHCARE PEARLAND";"TX";"MORT_30_AMI";"Death rate for heart attack patients";27;12.0;"Y"
"670108";"BAYLOR SCOTT & WHITE MEDICAL CENTER - MARBLE FALLS";"TX";"MORT_30_COPD";"Death rate for COPD patients";103;9.0;"Y"
"670120";"THE HOSPITALS OF PROVIDENCE TRANSMOUNTAIN CAMPUS";"TX";"MORT_30_AMI";"Death rate for heart attack patients";35;14.0;"Y"
"670122";"HOUSTON METHODIST THE WOODLANDS HOSPITAL";"TX";"MORT_30_AMI";"Death rate for heart attack patients";152;11.0;"Y"
"670124";"THE HOSPITALS OF PROVIDENCE HORIZON CITY CAMPUS";"TX";"MORT_30_PN";"Death rate for pneumonia patients";44;19.0;"N"
"670128";"BAYLOR SCOTT & WHITE MEDICAL CENTER PFLUGERVILLE";"TX";"MORT_30_HF";"Death rate for heart failure patients";37;12.0;"Y"
"670134";"ALTUS LUMBERTON HOSPITAL";"TX";"MORT_30_COPD";"Death rate for COPD patients";29;8.0;"N"
"670136";"BAYLOR SCOTT & WHITE MEDICAL CENTER- AUSTIN";"TX";"MORT_30_PN";"Death rate for pneumonia patients";47;16.0;"Y"
"670260";"TEXAS HEALTH HOSPITAL FRISCO";"TX";"MORT_30_AMI";"Death rate for heart attack patients";38;12.0;"Y"
"670300";"METHODIST MIDLOTHIAN MEDICAL CENTER";"TX";"MORT_30_COPD";"Death rate for COPD patients";29;9.0;"Y"
"670309";"TEXAS HEALTH HOSPITAL MANSFIELD";"TX";"MORT_30_HF";"Death rate for heart failure patients";31;9.0;"Y"
"671300";"GRAHAM REGIONAL MEDICAL CENTER";"TX";"MORT_30_PN";"Death rate for pneumonia patients";42;18.0;"Y"
